# E-EF(eV) DOS(states/eV)
-3.921716856224880132e+01 1.567086653101733613e-10
-3.919908798659517402e+01 9.249644370342801996e-10
-3.918100741094155381e+01 5.114018078253217693e-09
-3.916292683528792651e+01 2.648528694791578270e-08
-3.914484625963429920e+01 1.284849636998764047e-07
-3.912676568398067189e+01 5.838551694020005003e-07
-3.910868510832704459e+01 2.485210348599240019e-06
-3.909060453267341728e+01 9.908921251699736687e-06
-3.907252395701979708e+01 3.700793056638496239e-05
-3.905444338136616977e+01 1.294697842329726187e-04
-3.903636280571254247e+01 4.242748102036890076e-04
-3.901828223005891516e+01 1.302360666993013141e-03
-3.900020165440528785e+01 3.744729871942398085e-03
-3.898212107875166765e+01 1.008590605778864058e-02
-3.896404050309804035e+01 2.544570818755793190e-02
-3.894595992744441304e+01 6.013389930154929008e-02
-3.892787935179078573e+01 1.331157335188420110e-01
-3.890979877613715843e+01 2.760225814847366843e-01
-3.889171820048353112e+01 5.361237379562009409e-01
-3.887363762482991092e+01 9.754177639850967196e-01
-3.885555704917628361e+01 1.662346235293856278e+00
-3.883747647352265631e+01 2.653734727941637228e+00
-3.881939589786902900e+01 3.968247318884579489e+00
-3.880131532221540169e+01 5.558340593677804975e+00
-3.878323474656177439e+01 7.292841566106567086e+00
-3.876515417090815419e+01 8.963004252166918207e+00
-3.874707359525452688e+01 1.031847760960073401e+01
-3.872899301960089957e+01 1.112712200028556175e+01
-3.871091244394727227e+01 1.123971433389882080e+01
-3.869283186829364496e+01 1.063488742604087633e+01
-3.867475129264001765e+01 9.425745746706160944e+00
-3.865667071698639745e+01 7.825349519753876493e+00
-3.863859014133277014e+01 6.085509827670924743e+00
-3.862050956567914284e+01 4.432976119852612307e+00
-3.860242899002551553e+01 3.024816375211838881e+00
-3.858434841437188823e+01 1.933338231517878203e+00
-3.856626783871826802e+01 1.157502300472289525e+00
-3.854818726306464072e+01 6.491440586223302667e-01
-3.853010668741101341e+01 3.410087401278364405e-01
-3.851202611175738610e+01 1.678012276655437562e-01
-3.849394553610375880e+01 7.734459284057643158e-02
-3.847586496045013149e+01 3.339411829456617742e-02
-3.845778438479651129e+01 1.350564111251108777e-02
-3.843970380914288398e+01 5.116413411408519442e-03
-3.842162323348925668e+01 1.815604507872253760e-03
-3.840354265783562937e+01 6.035066724282211418e-04
-3.838546208218200206e+01 1.879092243019644189e-04
-3.836738150652837476e+01 5.480489164894495799e-05
-3.834930093087475456e+01 1.497254914224621551e-05
-3.833122035522112725e+01 3.831575352465702350e-06
-3.831313977956749994e+01 9.184683485088921349e-07
-3.829505920391387264e+01 2.062320782659140907e-07
-3.827697862826024533e+01 4.337639369687034448e-08
-3.825889805260662513e+01 8.545861808738335838e-09
-3.824081747695299782e+01 1.577115461672430643e-09
-3.822273690129937052e+01 2.726316758813002844e-10
-3.820465632564574321e+01 4.414630271245181367e-11
-3.818657574999211590e+01 6.696032619809807582e-12
-3.816849517433848860e+01 9.513624027884768060e-13
-3.815041459868486839e+01 1.266133816038655949e-13
-3.813233402303124109e+01 1.578404941406198194e-14
-3.811425344737761378e+01 1.843157533172988487e-15
-3.809617287172398647e+01 2.016098188215075485e-16
-3.807809229607035917e+01 2.065694547071675747e-17
-3.806001172041673186e+01 1.982557202542622349e-18
-3.804193114476311166e+01 1.782339986694203633e-19
-3.802385056910948435e+01 1.500930470465294894e-20
-3.800576999345585705e+01 1.183956641502671548e-21
-3.798768941780222974e+01 8.748150015731072489e-23
-3.796960884214860243e+01 6.054828487606394379e-24
-3.795152826649497513e+01 3.925479099216157013e-25
-3.793344769084135493e+01 2.383903619942024252e-26
-3.791536711518772762e+01 1.356094382276550010e-27
-3.789728653953410031e+01 7.225973102393919225e-29
-3.787920596388047301e+01 3.606682930174657832e-30
-3.786112538822684570e+01 1.686260970687901518e-31
-3.784304481257322550e+01 7.384937292458489870e-33
-3.782496423691959819e+01 3.029521477442075474e-34
-3.780688366126597089e+01 1.164143344226530909e-35
-3.778880308561234358e+01 4.190290026883983383e-37
-3.777072250995871627e+01 1.412820237114391535e-38
-3.775264193430508897e+01 4.462055307448543879e-40
-3.773456135865146877e+01 1.320123744349748052e-41
-3.771648078299784146e+01 3.981997009694148020e-43
-3.769840020734421415e+01 1.230612627636367243e-42
-3.768031963169058685e+01 4.311354901791421291e-41
-3.766223905603695954e+01 1.425839747449692577e-39
-3.764415848038333223e+01 4.417079157938445661e-38
-3.762607790472971203e+01 1.281754494477502738e-36
-3.760799732907608472e+01 3.484012589611190728e-35
-3.758991675342245742e+01 8.870738612254978409e-34
-3.757183617776883011e+01 2.115655976206612804e-32
-3.755375560211520281e+01 4.726454874072625216e-31
-3.753567502646157550e+01 9.890794588016046922e-30
-3.751759445080795530e+01 1.938795706279220505e-28
-3.749951387515432799e+01 3.559902602144089360e-27
-3.748143329950070068e+01 6.122790260438372576e-26
-3.746335272384707338e+01 9.864290405015624366e-25
-3.744527214819344607e+01 1.488632567934517683e-23
-3.742719157253982587e+01 2.104332598135988894e-22
-3.740911099688619856e+01 2.786419171865684986e-21
-3.739103042123257126e+01 3.456079439290492215e-20
-3.737294984557894395e+01 4.015375669059621620e-19
-3.735486926992531664e+01 4.369923656510938284e-18
-3.733678869427168934e+01 4.454784670859801075e-17
-3.731870811861806914e+01 4.253875580670958265e-16
-3.730062754296444183e+01 3.804942078767536849e-15
-3.728254696731081452e+01 3.187986816795456790e-14
-3.726446639165718722e+01 2.502016581523178842e-13
-3.724638581600355991e+01 1.839369794210249825e-12
-3.722830524034993260e+01 1.266639761718251038e-11
-3.721022466469631240e+01 8.170382408263071312e-11
-3.719214408904268510e+01 4.936701299768161668e-10
-3.717406351338905779e+01 2.794065078433394834e-09
-3.715598293773543048e+01 1.481294410587412592e-08
-3.713790236208180318e+01 7.356164811935250175e-08
-3.711982178642817587e+01 3.421895302935344087e-07
-3.710174121077455567e+01 1.491032755936509398e-06
-3.708366063512092836e+01 6.085732391701138614e-06
-3.706558005946730106e+01 2.326717830198267144e-05
-3.704749948381367375e+01 8.332585617422426979e-05
-3.702941890816004644e+01 2.795252544731618126e-04
-3.701133833250642624e+01 8.783498233709645647e-04
-3.699325775685279893e+01 2.585349045582531046e-03
-3.697517718119917163e+01 7.128137226384778646e-03
-3.695709660554554432e+01 1.840933575807084110e-02
-3.693901602989191701e+01 4.453540288319070978e-02
-3.692093545423828971e+01 1.009201418432418423e-01
-3.690285487858466951e+01 2.142177823492330546e-01
-3.688477430293104220e+01 4.259301525498956353e-01
-3.686669372727741489e+01 7.932799042035334480e-01
-3.684861315162378759e+01 1.383947831279182639e+00
-3.683053257597016028e+01 2.261612450029014898e+00
-3.681245200031653297e+01 3.461958464642481026e+00
-3.679437142466291277e+01 4.963987964667333941e+00
-3.677629084900928547e+01 6.667220012130412599e+00
-3.675821027335565816e+01 8.388108771865608659e+00
-3.674012969770203085e+01 9.885269646191423121e+00
-3.672204912204840355e+01 1.091234749090535061e+01
-3.670396854639478335e+01 1.128373956791070576e+01
-3.668588797074115604e+01 1.092931946906764473e+01
-3.666780739508752873e+01 9.916042685463192896e+00
-3.664972681943390143e+01 8.427307761099708472e+00
-3.663164624378027412e+01 6.708794998088094097e+00
-3.661356566812664681e+01 5.002710690169434926e+00
-3.659548509247302661e+01 3.494390652309244949e+00
-3.657740451681939930e+01 2.286350040878552647e+00
-3.655932394116577200e+01 1.401261496063380463e+00
-3.654124336551214469e+01 8.044533331137206922e-01
-3.652316278985851739e+01 4.326012024794801958e-01
-3.650508221420489008e+01 2.179113188410131408e-01
-3.648700163855126988e+01 1.028198713176583790e-01
-3.646892106289764257e+01 4.544431097178341927e-02
-3.645084048724401526e+01 1.881426221539262214e-02
-3.643275991159038796e+01 7.296256613138984125e-03
-3.641467933593676065e+01 2.650444959986343954e-03
-3.639659876028313334e+01 9.018859593113960019e-04
-3.637851818462951314e+01 2.875590297904826375e-04
-3.636043760897588584e+01 8.629994948433720439e-05
-3.634235703332225853e+01 2.605016854281564241e-05
-3.632427645766863122e+01 1.452809632892543611e-05
-3.630619588201500392e+01 3.259455219007743578e-05
-3.628811530636138372e+01 1.099576932044846227e-04
-3.627003473070775641e+01 3.624575696882856432e-04
-3.625195415505412910e+01 1.122328166384298394e-03
-3.623387357940050180e+01 3.255874981600837253e-03
-3.621579300374687449e+01 8.847610333254722972e-03
-3.619771242809324718e+01 2.252111005707225014e-02
-3.617963185243962698e+01 5.369808781216438287e-02
-3.616155127678599968e+01 1.199314405000194428e-01
-3.614347070113237237e+01 2.509068276265709052e-01
-3.612539012547874506e+01 4.916964908206308271e-01
-3.610730954982511776e+01 9.025825610305432400e-01
-3.608922897417149045e+01 1.551965159977918951e+00
-3.607114839851787025e+01 2.499667231173757997e+00
-3.605306782286424294e+01 3.771269999940729534e+00
-3.603498724721061564e+01 5.329644674973109453e+00
-3.601690667155698833e+01 7.055277257237178468e+00
-3.599882609590336102e+01 8.748530597479732052e+00
-3.598074552024974082e+01 1.016158247220639232e+01
-3.596266494459611351e+01 1.105586643677182934e+01
-3.594458436894248621e+01 1.126754876959266483e+01
-3.592650379328885890e+01 1.075651089848153319e+01
-3.590842321763523159e+01 9.618759840703818398e+00
-3.589034264198160429e+01 8.057012547648772838e+00
-3.587226206632798409e+01 6.321836827257959257e+00
-3.585418149067435678e+01 4.646832722468996479e+00
-3.583610091502072947e+01 3.200708359095389532e+00
-3.581802033936710217e+01 2.068594922910222511e+00
-3.579993976371347486e+01 1.261446987497150340e+00
-3.578185918805984755e+01 7.428979230646330922e-01
-3.576377861240622735e+01 4.605940121221318018e-01
-3.574569803675260005e+01 3.723230203062035670e-01
-3.572761746109897274e+01 4.623140541304007201e-01
-3.570953688544534543e+01 7.466319396155263188e-01
-3.569145630979171813e+01 1.267679115776007670e+00
-3.567337573413809082e+01 2.077793753244625119e+00
-3.565529515848447062e+01 3.213042413032219713e+00
-3.563721458283084331e+01 4.661875002273497159e+00
-3.561913400717721601e+01 6.338372416914032748e+00
-3.560105343152358870e+01 8.073072803622542537e+00
-3.558297285586996139e+01 9.631949611673286782e+00
-3.556489228021634119e+01 1.076457813976563749e+01
-3.554681170456271389e+01 1.126902272198604393e+01
-3.552873112890908658e+01 1.105053935446593272e+01
-3.551065055325545927e+01 1.015068714532867666e+01
-3.549256997760183197e+01 8.734671028730117470e+00
-3.547448940194820466e+01 7.042450662778133363e+00
-3.545640882629458446e+01 5.323986767029285083e+00
-3.543832825064095715e+01 3.783420205355405574e+00
-3.542024767498732984e+01 2.549835365104923923e+00
-3.540216709933370254e+01 1.678733759224102506e+00
-3.538408652368007523e+01 1.175867194445729069e+00
-3.536600594802644792e+01 1.028673204483433690e+00
-3.534792537237282772e+01 1.230901151402062244e+00
-3.532984479671920042e+01 1.790824016826534137e+00
-3.531176422106557311e+01 2.720077310580027774e+00
-3.529368364541194580e+01 4.007174122295470653e+00
-3.527560306975831850e+01 5.586232878952217540e+00
-3.525752249410469830e+01 7.315753758652861372e+00
-3.523944191845107099e+01 8.981673061621101795e+00
-3.522136134279744368e+01 1.033141230399644606e+01
-3.520328076714381638e+01 1.113256262080563985e+01
-3.518520019149018907e+01 1.123682452532294107e+01
-3.516711961583656176e+01 1.062427831332357364e+01
-3.514903904018294156e+01 9.409381833617427304e+00
-3.513095846452931426e+01 7.805992297442363004e+00
-3.511287788887568695e+01 6.065971876866713686e+00
-3.509479731322205964e+01 4.415479574772460225e+00
-3.507671673756843234e+01 3.010652090677699011e+00
-3.505863616191480503e+01 1.922863537179645865e+00
-3.504055558626118483e+01 1.150380620477539528e+00
-3.502247501060755752e+01 6.446735465475340598e-01
-3.500439443495393022e+01 3.384101206036698173e-01
-3.498631385930030291e+01 1.663995071507980705e-01
-3.496823328364667560e+01 7.664184104821987475e-02
-3.495015270799304830e+01 3.306625583045467998e-02
-3.493207213233942809e+01 1.336316449597341888e-02
-3.491399155668580079e+01 5.058698631684963379e-03
-3.489591098103217348e+01 1.793797854952431737e-03
-3.487783040537854617e+01 5.958176898509347360e-04
-3.485974982972491887e+01 1.853781254482771048e-04
-3.484166925407129156e+01 5.402674204065710425e-05
-3.482358867841767136e+01 1.474905761543682933e-05
-3.480550810276404405e+01 3.771594251225509844e-06
-3.478742752711041675e+01 9.034224073669910754e-07
-3.476934695145678944e+01 2.027038283411555141e-07
-3.475126637580316213e+01 4.260280987256177554e-08
-3.473318580014954193e+01 8.387252870940143011e-09
-3.471510522449591463e+01 1.546701226501483588e-09
-3.469702464884228732e+01 2.671765409544930611e-10
-3.467894407318866001e+01 4.323101336898369883e-11
-3.466086349753503271e+01 6.552359372376268122e-12
-3.464278292188140540e+01 9.302618304750928838e-13
-3.462470234622778520e+01 1.237137281777804908e-13
-3.460662177057415789e+01 1.541117626719660170e-14
-3.458854119492053059e+01 1.798286486630090856e-15
-3.457046061926690328e+01 1.965563929620362185e-16
-3.455238004361327597e+01 2.012429461752840235e-17
-3.453429946795964867e+01 1.930009113343829503e-18
-3.451621889230602847e+01 1.733816983365150272e-19
-3.449813831665240116e+01 1.458990102389206684e-20
-3.448005774099877385e+01 1.150023298018124580e-21
-3.446197716534514655e+01 8.491142545809728591e-23
-3.444389658969151924e+01 5.872605462199537690e-24
-3.442581601403789904e+01 3.804527490572167255e-25
-3.440773543838427173e+01 2.308761844035205479e-26
-3.438965486273064442e+01 1.316147094665628487e-27
-3.437157428707701712e+01 1.454880154112621413e-28
-3.435349371142338981e+01 1.421033146547855864e-27
-3.433541313576976250e+01 2.489460561638083401e-26
-3.431733256011614230e+01 4.095173266661185010e-25
-3.429925198446251500e+01 6.310261223313116011e-24
-3.428117140880888769e+01 9.108096051168583968e-23
-3.426309083315526038e+01 1.231439459931899321e-21
-3.424501025750163308e+01 1.559565896962700949e-20
-3.422692968184800577e+01 1.850118704768659512e-19
-3.420884910619438557e+01 2.055893710420567260e-18
-3.419076853054075826e+01 2.139966239588741891e-17
-3.417268795488713096e+01 2.086499984974879894e-16
-3.415460737923350365e+01 1.905614505232304345e-15
-3.413652680357987634e+01 1.630260154275999318e-14
-3.411844622792624904e+01 1.306423482113779357e-13
-3.410036565227262884e+01 9.806549886968367615e-13
-3.408228507661900153e+01 6.895308570980299268e-12
-3.406420450096537422e+01 4.541469167033230016e-11
-3.404612392531174692e+01 2.801845825151382852e-10
-3.402804334965811961e+01 1.619188080193700675e-09
-3.400996277400449941e+01 8.765073497084348490e-09
-3.399188219835087210e+01 4.444460247814243320e-08
-3.397380162269724480e+01 2.110997359920390545e-07
-3.395572104704361749e+01 9.392075048548646693e-07
-3.393764047138999018e+01 3.914178420188217292e-06
-3.391955989573636288e+01 1.528005376192223075e-05
-3.390147932008274267e+01 5.587458960944880317e-05
-3.388339874442911537e+01 1.913854908651435333e-04
-3.386531816877548806e+01 6.140572656834200269e-04
-3.384723759312186075e+01 1.845499528032974778e-03
-3.382915701746823345e+01 5.195462356618127907e-03
-3.381107644181460614e+01 1.370060251224394267e-02
-3.379299586616098594e+01 3.384233581527677087e-02
-3.377491529050735863e+01 7.830440514153744203e-02
-3.375683471485373133e+01 1.697138394880225998e-01
-3.373875413920010402e+01 3.445510064212126133e-01
-3.372067356354647671e+01 6.552318305379196683e-01
-3.370259298789285651e+01 1.167190249669752822e+00
-3.368451241223922921e+01 1.947571968133006148e+00
-3.366643183658560190e+01 3.044041570995318136e+00
-3.364835126093197459e+01 4.456694277508226776e+00
-3.363027068527834729e+01 6.111957240589561913e+00
-3.361219010962471998e+01 7.851506080101469109e+00
-3.359410953397109978e+01 9.447803140047218662e+00
-3.357602895831747247e+01 1.064912438840449127e+01
-3.355794838266384517e+01 1.124351660299803690e+01
-3.353986780701021786e+01 1.111976571537248049e+01
-3.352178723135659055e+01 1.030135460085096533e+01
-3.350370665570296325e+01 8.939194218002123549e+00
-3.348562608004934305e+01 7.266215317164042453e+00
-3.346754550439571574e+01 5.532564625647442114e+00
-3.344946492874208843e+01 3.946072391237360311e+00
-3.343138435308846113e+01 2.636826887862914415e+00
-3.341330377743483382e+01 1.651788091296868988e+00
-3.339522320178120651e+01 9.730190573114149144e-01
-3.337714262612758631e+01 5.469251126342431490e-01
-3.335906205047395900e+01 3.128424368467227490e-01
-3.334098147482033170e+01 2.245246518682735004e-01
-3.332290089916670439e+01 2.635091399945390656e-01
-3.330482032351307708e+01 4.462288583445845336e-01
-3.328673974785945688e+01 8.264420744772605909e-01
-3.326865917220582958e+01 1.492218847966478412e+00
-3.325057859655220227e+01 2.554407807031112920e+00
-3.323249802089857496e+01 4.123349286991565776e+00
-3.321441744524494766e+01 6.273938191370463713e+00
-3.319633686959132035e+01 9.005541909081946628e+00
-3.317825629393770015e+01 1.220998845342213635e+01
-3.316017571828407284e+01 1.566348170565032660e+01
-3.314209514263044554e+01 1.905322449618646630e+01
-3.312401456697681823e+01 2.203680784590025610e+01
-3.310593399132319092e+01 2.431729485187472406e+01
-3.308785341566956362e+01 2.570779977833641183e+01
-3.306977284001594342e+01 2.616271998046565983e+01
-3.305169226436231611e+01 2.576812335583018054e+01
-3.303361168870868880e+01 2.470271558976959270e+01
-3.301553111305506150e+01 2.319185454970414639e+01
-3.299745053740143419e+01 2.147363619938939294e+01
-3.297936996174780688e+01 1.978147948025669223e+01
-3.296128938609418668e+01 1.833306535295515616e+01
-3.294320881044055938e+01 1.731172238478541203e+01
-3.292512823478693207e+01 1.683562705691757344e+01
-3.290704765913330476e+01 1.692463985832139528e+01
-3.288896708347967746e+01 1.748266668706479976e+01
-3.287088650782605725e+01 1.830893404174683781e+01
-3.285280593217242995e+01 1.913805173846718333e+01
-3.283472535651880264e+01 1.969590182799593947e+01
-3.281664478086517533e+01 1.975402995523813843e+01
-3.279856420521154803e+01 1.916973496644457242e+01
-3.278048362955792072e+01 1.790676044733052663e+01
-3.276240305390430052e+01 1.603659278007425826e+01
-3.274432247825067321e+01 1.372175681917600798e+01
-3.272624190259704591e+01 1.118326612024140410e+01
-3.270816132694341860e+01 8.657415881041000461e+00
-3.269008075128979129e+01 6.351610711980364421e+00
-3.267200017563616399e+01 4.411183070842580989e+00
-3.265391959998254379e+01 2.906303797828313051e+00
-3.263583902432891648e+01 1.840880606507978134e+00
-3.261775844867528917e+01 1.177559166777427002e+00
-3.259967787302166187e+01 8.683230756588803390e-01
-3.258159729736803456e+01 8.799646113393606583e-01
-3.256351672171441436e+01 1.206590926006185560e+00
-3.254543614606078705e+01 1.865422755188833603e+00
-3.252735557040715975e+01 2.876562145430004325e+00
-3.250927499475353244e+01 4.232334031454965562e+00
-3.249119441909990513e+01 5.867021153369615050e+00
-3.247311384344627783e+01 7.641340215264489366e+00
-3.245503326779265763e+01 9.354532442349359656e+00
-3.243695269213903032e+01 1.078823997520088618e+01
-3.241887211648540301e+01 1.177212205069904805e+01
-3.240079154083177571e+01 1.224774842327617108e+01
-3.238271096517814840e+01 1.230269748543509856e+01
-3.236463038952452109e+01 1.215554708146538943e+01
-3.234654981387090089e+01 1.209194147068740577e+01
-3.232846923821727358e+01 1.237299804429945560e+01
-3.231038866256364628e+01 1.314938536169918848e+01
-3.229230808691001897e+01 1.441157466426218114e+01
-3.227422751125639167e+01 1.599109717779620787e+01
-3.225614693560276436e+01 1.760755155811745709e+01
-3.223806635994914416e+01 1.894127094352169038e+01
-3.221998578429551685e+01 1.970752468732198182e+01
-3.220190520864188954e+01 1.971390349272853371e+01
-3.218382463298826224e+01 1.889240196289832596e+01
-3.216574405733463493e+01 1.730576899759316944e+01
-3.214766348168101473e+01 1.513169388910106150e+01
-3.212958290602738742e+01 1.263003019340765043e+01
-3.211150233037376012e+01 1.010011809856501230e+01
-3.209342175472013281e+01 7.837564484386424724e+00
-3.207534117906650550e+01 6.100121487724375235e+00
-3.205726060341287820e+01 5.088273087073575063e+00
-3.203918002775925800e+01 4.938716019331061524e+00
-3.202109945210563069e+01 5.722449414021797409e+00
-3.200301887645200338e+01 7.438404796334377345e+00
-3.198493830079837963e+01 9.999788958637456204e+00
-3.196685772514475232e+01 1.321997672398000923e+01
-3.194877714949112502e+01 1.681134015096241896e+01
-3.193069657383750126e+01 2.040863752703056733e+01
-3.191261599818387396e+01 2.361840496371018716e+01
-3.189453542253025020e+01 2.608276731388662739e+01
-3.187645484687662290e+01 2.753812484596445742e+01
-3.185837427122299559e+01 2.785123429701286923e+01
-3.184029369556937183e+01 2.702575877955673889e+01
-3.182221311991574453e+01 2.518446535077700332e+01
-3.180413254426211722e+01 2.253864723604052855e+01
-3.178605196860849347e+01 1.935469547933465151e+01
-3.176797139295486616e+01 1.592175846315233123e+01
-3.174989081730123885e+01 1.252018519757979931e+01
-3.173181024164761510e+01 9.391203013177387149e+00
-3.171372966599398779e+01 6.712224624983504029e+00
-3.169564909034036404e+01 4.584680866090652174e+00
-3.167756851468673673e+01 3.039117960168701504e+00
-3.165948793903310943e+01 2.056133013883243432e+00
-3.164140736337948212e+01 1.595108951459485613e+00
-3.162332678772585837e+01 1.619284046362416074e+00
-3.160524621207223106e+01 2.107065996986154044e+00
-3.158716563641860731e+01 3.045085705207783100e+00
-3.156908506076498000e+01 4.406358688721419448e+00
-3.155100448511135269e+01 6.124433559405887628e+00
-3.153292390945772539e+01 8.078374355502226933e+00
-3.151484333380410163e+01 1.010091990530185058e+01
-3.149676275815047433e+01 1.201249638058010127e+01
-3.147868218249685057e+01 1.367042946440886197e+01
-3.146060160684322327e+01 1.501292600921987663e+01
-3.144252103118959596e+01 1.607803017489639075e+01
-3.142444045553597221e+01 1.698982283616227207e+01
-3.140635987988234490e+01 1.792054117418713943e+01
-3.138827930422872114e+01 1.904696543233038497e+01
-3.137019872857509384e+01 2.051568638009704415e+01
-3.135211815292146653e+01 2.241855352814913971e+01
-3.133403757726783923e+01 2.476886355224535308e+01
-3.131595700161421547e+01 2.747140405501857785e+01
-3.129787642596058816e+01 3.029489730958245985e+01
-3.127979585030696441e+01 3.287104015234572074e+01
-3.126171527465333710e+01 3.474474281812965160e+01
-3.124363469899970980e+01 3.547984018515717253e+01
-3.122555412334608249e+01 3.479365206534157551e+01
-3.120747354769245874e+01 3.267170294056254676e+01
-3.118939297203883143e+01 2.941554941220171671e+01
-3.117131239638520768e+01 2.560189391253891955e+01
-3.115323182073158037e+01 2.196547121283684234e+01
-3.113515124507795306e+01 1.924320717629631616e+01
-3.111707066942432576e+01 1.802270572842033047e+01
-3.109899009377070200e+01 1.862714862288141759e+01
-3.108090951811707825e+01 2.105245204013876759e+01
-3.106282894246345094e+01 2.496106252048851815e+01
-3.104474836680982364e+01 2.973222269625339464e+01
-3.102666779115619633e+01 3.456565067813067316e+01
-3.100858721550256902e+01 3.862798310750408604e+01
-3.099050663984894527e+01 4.121796257308958644e+01
-3.097242606419532152e+01 4.191316195599125649e+01
-3.095434548854169421e+01 4.065716433238577565e+01
-3.093626491288806690e+01 3.775760396559591925e+01
-3.091818433723443960e+01 3.379093390277751752e+01
-3.090010376158081584e+01 2.944043078029142890e+01
-3.088202318592718854e+01 2.531754536904175268e+01
-3.086394261027356478e+01 2.182311079814360966e+01
-3.084586203461993748e+01 1.909062040288367257e+01
-3.082778145896631017e+01 1.702373030051991520e+01
-3.080970088331268286e+01 1.540603836964715612e+01
-3.079162030765905911e+01 1.403667854949484983e+01
-3.077353973200543535e+01 1.283976740131848082e+01
-3.075545915635180805e+01 1.191006585787398819e+01
-3.073737858069818074e+01 1.148365918603840363e+01
-3.071929800504455343e+01 1.184942341859408543e+01
-3.070121742939092613e+01 1.323518864313662391e+01
-3.068313685373730237e+01 1.570812573080499597e+01
-3.066505627808367862e+01 1.912295468354905026e+01
-3.064697570243005131e+01 2.313673566852438412e+01
-3.062889512677642401e+01 2.728818851275802615e+01
-3.061081455112279670e+01 3.111729334546879500e+01
-3.059273397546917295e+01 3.428488573078111301e+01
-3.057465339981554564e+01 3.665022173089671043e+01
-3.055657282416192189e+01 3.828027189023536181e+01
-3.053849224850829458e+01 3.939197961606278398e+01
-3.052041167285466727e+01 4.025487478050332868e+01
-3.050233109720103997e+01 4.109357604740399950e+01
-3.048425052154741621e+01 4.202325210650939624e+01
-3.046616994589378891e+01 4.303184821778189217e+01
-3.044808937024016515e+01 4.400252578720576935e+01
-3.043000879458653785e+01 4.475830275557534321e+01
-3.041192821893291054e+01 4.511117534882097146e+01
-3.039384764327928323e+01 4.490555239355531114e+01
-3.037576706762565948e+01 4.405310271791651644e+01
-3.035768649197203572e+01 4.255802319558229385e+01
-3.033960591631840842e+01 4.052875462764707493e+01
-3.032152534066478111e+01 3.816924206809987652e+01
-3.030344476501115381e+01 3.574507521869612958e+01
-3.028536418935752650e+01 3.352823245093013327e+01
-3.026728361370390274e+01 3.173436909201658906e+01
-3.024920303805027899e+01 3.047199017837926860e+01
-3.023112246239665168e+01 2.971940263105718216e+01
-3.021304188674302438e+01 2.933475263953806333e+01
-3.019496131108939707e+01 2.909292439056454782e+01
-3.017688073543577332e+01 2.873670405675963480e+01
-3.015880015978214601e+01 2.803012044673722514e+01
-3.014071958412852226e+01 2.680604606944277180e+01
-3.012263900847489495e+01 2.500315439526577066e+01
-3.010455843282126764e+01 2.268694942527012870e+01
-3.008647785716764034e+01 2.004779310269071502e+01
-3.006839728151401658e+01 1.736984124584568789e+01
-3.005031670586039283e+01 1.497124646623013788e+01
-3.003223613020676552e+01 1.312664672564784496e+01
-3.001415555455313822e+01 1.199307301236032508e+01
-2.999607497889951091e+01 1.156436991052547469e+01
-2.997799440324588360e+01 1.167358296560476560e+01
-2.995991382759225985e+01 1.204808964582056419e+01
-2.994183325193863610e+01 1.240324228167688680e+01
-2.992375267628500879e+01 1.254428317274161842e+01
-2.990567210063138148e+01 1.244038226388697232e+01
-2.988759152497775418e+01 1.224238754280116126e+01
-2.986951094932412687e+01 1.223517040686216006e+01
-2.985143037367050312e+01 1.273915837096214609e+01
-2.983334979801687936e+01 1.399476346843908914e+01
-2.981526922236325206e+01 1.607076731531425295e+01
-2.979718864670962475e+01 1.883026330240974389e+01
-2.977910807105599744e+01 2.196715920448309589e+01
-2.976102749540237369e+01 2.509888711786769377e+01
-2.974294691974874638e+01 2.787732472431628139e+01
-2.972486634409512263e+01 3.007168822735725300e+01
-2.970678576844149532e+01 3.159110615166491698e+01
-2.968870519278786801e+01 3.244621695555196794e+01
-2.967062461713424071e+01 3.268192094759580613e+01
-2.965254404148061695e+01 3.232730691595946837e+01
-2.963446346582699320e+01 3.139387295516572607e+01
-2.961638289017336589e+01 2.991836786565637141e+01
-2.959830231451973859e+01 2.801502679683121499e+01
-2.958022173886611128e+01 2.589515439376340211e+01
-2.956214116321248397e+01 2.383419054811460924e+01
-2.954406058755886022e+01 2.210151977231527809e+01
-2.952598001190523647e+01 2.089188768880248048e+01
-2.950789943625160916e+01 2.029417020245437442e+01
-2.948981886059798185e+01 2.030750790135639505e+01
-2.947173828494435455e+01 2.088541549040305512e+01
-2.945365770929073079e+01 2.197474827782246720e+01
-2.943557713363710349e+01 2.352508916915600778e+01
-2.941749655798347973e+01 2.546673810165395579e+01
-2.939941598232985243e+01 2.767634547479987361e+01
-2.938133540667622512e+01 2.995652310267725582e+01
-2.936325483102259781e+01 3.204765636323732281e+01
-2.934517425536897406e+01 3.367323812496023550e+01
-2.932709367971534675e+01 3.460370403239941339e+01
-2.930901310406172300e+01 3.471513949453664338e+01
-2.929093252840809569e+01 3.402122235616926105e+01
-2.927285195275446839e+01 3.266776733922677067e+01
-2.925477137710084108e+01 3.089400656038719717e+01
-2.923669080144721732e+01 2.897648931107470460e+01
-2.921861022579359357e+01 2.717522604236778250e+01
-2.920052965013996626e+01 2.569691444413702186e+01
-2.918244907448633896e+01 2.468046832733313067e+01
-2.916436849883271165e+01 2.420063345858110182e+01
-2.914628792317908434e+01 2.427975557698461628e+01
-2.912820734752546059e+01 2.489723675542668957e+01
-2.911012677187183684e+01 2.599092739061696022e+01
-2.909204619621820953e+01 2.745301349923061807e+01
-2.907396562056458222e+01 2.913059047594371620e+01
-2.905588504491095492e+01 3.084221890256515763e+01
-2.903780446925733116e+01 3.241323952483833182e+01
-2.901972389360370386e+01 3.371839789726623593e+01
-2.900164331795008010e+01 3.471039970059065638e+01
-2.898356274229645280e+01 3.541638364306857767e+01
-2.896548216664282549e+01 3.590111353552718754e+01
-2.894740159098919818e+01 3.621586759593456861e+01
-2.892932101533557443e+01 3.636210490488227975e+01
-2.891124043968195068e+01 3.629191869098025336e+01
-2.889315986402832337e+01 3.594706389019957982e+01
-2.887507928837469606e+01 3.531685499321186228e+01
-2.885699871272106876e+01 3.448428674544199879e+01
-2.883891813706744145e+01 3.363445233485506236e+01
-2.882083756141381770e+01 3.301642625128124564e+01
-2.880275698576019394e+01 3.287042691040772979e+01
-2.878467641010656664e+01 3.334688062346760518e+01
-2.876659583445293933e+01 3.444731983400000530e+01
-2.874851525879931202e+01 3.600886190536891007e+01
-2.873043468314568827e+01 3.773888874516609349e+01
-2.871235410749206096e+01 3.929052319287421824e+01
-2.869427353183843721e+01 4.035724442903831743e+01
-2.867619295618480990e+01 4.075894069223227945e+01
-2.865811238053118259e+01 4.049294890549516168e+01
-2.864003180487755529e+01 3.973260938281654830e+01
-2.862195122922393153e+01 3.877152776739070816e+01
-2.860387065357030423e+01 3.793010369162862361e+01
-2.858579007791668047e+01 3.745516892271412956e+01
-2.856770950226305317e+01 3.744704403291176931e+01
-2.854962892660942586e+01 3.783837303771168337e+01
-2.853154835095579855e+01 3.842949973436097366e+01
-2.851346777530217480e+01 3.896444908922271111e+01
-2.849538719964855105e+01 3.921851367597479765e+01
-2.847730662399492374e+01 3.906747303481914457e+01
-2.845922604834129643e+01 3.851819911897082704e+01
-2.844114547268766913e+01 3.769547113516846792e+01
-2.842306489703404182e+01 3.679434056095848149e+01
-2.840498432138041807e+01 3.601727621864252171e+01
-2.838690374572679431e+01 3.551856146786164459e+01
-2.836882317007316701e+01 3.537423769350547786e+01
-2.835074259441953970e+01 3.558479200727352065e+01
-2.833266201876591239e+01 3.610287887435992360e+01
-2.831458144311228864e+01 3.686611622155749046e+01
-2.829650086745866133e+01 3.781297522421357371e+01
-2.827842029180503758e+01 3.887142117134139596e+01
-2.826033971615141027e+01 3.993012792974908365e+01
-2.824225914049778297e+01 4.081822391005039918e+01
-2.822417856484415566e+01 4.131936115015687960e+01
-2.820609798919053191e+01 4.122683580390877722e+01
-2.818801741353690815e+01 4.041917005853499489e+01
-2.816993683788328084e+01 3.891778142173384936e+01
-2.815185626222965354e+01 3.689298046650004892e+01
-2.813377568657602623e+01 3.461020922013415912e+01
-2.811569511092239892e+01 3.234012412892227673e+01
-2.809761453526877517e+01 3.027507467543552622e+01
-2.807953395961515142e+01 2.849026434795634088e+01
-2.806145338396152411e+01 2.696390966842938042e+01
-2.804337280830789680e+01 2.564085938050410718e+01
-2.802529223265426950e+01 2.450356719589692744e+01
-2.800721165700064574e+01 2.361191686982847671e+01
-2.798913108134701844e+01 2.308922799255193326e+01
-2.797105050569339468e+01 2.305857944167667029e+01
-2.795296993003976738e+01 2.355983726479364648e+01
-2.793488935438614007e+01 2.449119958712952894e+01
-2.791680877873251276e+01 2.561147395692997009e+01
-2.789872820307888901e+01 2.661177011563194483e+01
-2.788064762742526170e+01 2.723016743095660175e+01
-2.786256705177163795e+01 2.735887830423903111e+01
-2.784448647611801064e+01 2.709472140306937860e+01
-2.782640590046438334e+01 2.671036776039981930e+01
-2.780832532481075603e+01 2.656065749925355135e+01
-2.779024474915713228e+01 2.696464122973264921e+01
-2.777216417350350852e+01 2.810742260721664465e+01
-2.775408359784988122e+01 2.998944310925700307e+01
-2.773600302219625391e+01 3.242868113937376506e+01
-2.771792244654262660e+01 3.510649472422765882e+01
-2.769984187088899930e+01 3.764346604374613037e+01
-2.768176129523537554e+01 3.969113138353794312e+01
-2.766368071958175179e+01 4.102189307915883631e+01
-2.764560014392812448e+01 4.159323626334084167e+01
-2.762751956827449717e+01 4.156146600865436369e+01
-2.760943899262086987e+01 4.123185765339285780e+01
-2.759135841696724611e+01 4.095517859016657525e+01
-2.757327784131361881e+01 4.100438341077841642e+01
-2.755519726565999505e+01 4.147667369026358131e+01
-2.753711669000636775e+01 4.225795712761158995e+01
-2.751903611435274044e+01 4.306233406958759957e+01
-2.750095553869911313e+01 4.352987688777120923e+01
-2.748287496304548938e+01 4.334461139798712992e+01
-2.746479438739186207e+01 4.232980284104619528e+01
-2.744671381173823832e+01 4.049026436310904842e+01
-2.742863323608461101e+01 3.799479240202270347e+01
-2.741055266043098371e+01 3.511499303742313316e+01
-2.739247208477735640e+01 3.214958968524842220e+01
-2.737439150912373265e+01 2.936169649386879144e+01
-2.735631093347010889e+01 2.694431432307903407e+01
-2.733823035781648159e+01 2.501509704875667595e+01
-2.732014978216285428e+01 2.363248757989595816e+01
-2.730206920650922697e+01 2.282291024747456731e+01
-2.728398863085559967e+01 2.260901520353133520e+01
-2.726590805520197591e+01 2.302840435249304107e+01
-2.724782747954835216e+01 2.413187191195363823e+01
-2.722974690389472485e+01 2.595460262286617237e+01
-2.721166632824109755e+01 2.846552768286079527e+01
-2.719358575258747024e+01 3.151496067749551244e+01
-2.717550517693384649e+01 3.480925694922779456e+01
-2.715742460128021918e+01 3.793565488612821923e+01
-2.713934402562659542e+01 4.044086260579703662e+01
-2.712126344997296812e+01 4.194245847523836090e+01
-2.710318287431934081e+01 4.223537668566535785e+01
-2.708510229866571350e+01 4.135527024333052282e+01
-2.706702172301208975e+01 3.957647897954394978e+01
-2.704894114735846600e+01 3.734679463118430220e+01
-2.703086057170483869e+01 3.518286116838882549e+01
-2.701277999605121138e+01 3.355982085936329185e+01
-2.699469942039758408e+01 3.282421743154318250e+01
-2.697661884474395677e+01 3.314506364167376518e+01
-2.695853826909033302e+01 3.450333209635531517e+01
-2.694045769343670926e+01 3.671221239211330101e+01
-2.692237711778308196e+01 3.946028254364370014e+01
-2.690429654212945465e+01 4.237211647739123066e+01
-2.688621596647582734e+01 4.507964433519974534e+01
-2.686813539082220359e+01 4.729164406578684776e+01
-2.685005481516857628e+01 4.884335742684532278e+01
-2.683197423951495253e+01 4.971042430045072535e+01
-2.681389366386132522e+01 4.998315459321229071e+01
-2.679581308820769792e+01 4.981302881676563743e+01
-2.677773251255407061e+01 4.935396133231932936e+01
-2.675965193690044686e+01 4.872023680838240267e+01
-2.674157136124681955e+01 4.797237941397157357e+01
-2.672349078559319580e+01 4.712838579104005987e+01
-2.670541020993956849e+01 4.618808402046295924e+01
-2.668732963428594118e+01 4.515648036580750357e+01
-2.666924905863231388e+01 4.405681384833363268e+01
-2.665116848297869012e+01 4.293176766751916773e+01
-2.663308790732506637e+01 4.183757265132080505e+01
-2.661500733167143906e+01 4.083781223339528310e+01
-2.659692675601781175e+01 4.000144935682939007e+01
-2.657884618036418445e+01 3.940519088444074924e+01
-2.656076560471055714e+01 3.913676083666460670e+01
-2.654268502905693339e+01 3.929452128381627318e+01
-2.652460445340330963e+01 3.997949659810882395e+01
-2.650652387774968233e+01 4.127681531339569432e+01
-2.648844330209605502e+01 4.322499538048726464e+01
-2.647036272644242771e+01 4.577535430955796869e+01
-2.645228215078880396e+01 4.875142658518458916e+01
-2.643420157513517665e+01 5.182699369372175369e+01
-2.641612099948155290e+01 5.454449913676041461e+01
-2.639804042382792559e+01 5.638690915408419357e+01
-2.637995984817429829e+01 5.689549532104255292e+01
-2.636187927252067098e+01 5.580215586813299211e+01
-2.634379869686704723e+01 5.313070072274490485e+01
-2.632571812121342347e+01 4.922615686656281753e+01
-2.630763754555979617e+01 4.469406250988873097e+01
-2.628955696990616886e+01 4.026322557712732220e+01
-2.627147639425254155e+01 3.661255637808372398e+01
-2.625339581859891425e+01 3.421534672645761788e+01
-2.623531524294529049e+01 3.324867639200359548e+01
-2.621723466729166674e+01 3.359331751629260765e+01
-2.619915409163803943e+01 3.491768554783300971e+01
-2.618107351598441213e+01 3.680951932413169203e+01
-2.616299294033078482e+01 3.890369005760775423e+01
-2.614491236467716107e+01 4.096141114579668852e+01
-2.612683178902353376e+01 4.288198274449649716e+01
-2.610875121336991000e+01 4.465945714037135872e+01
-2.609067063771628270e+01 4.631702031546342369e+01
-2.607259006206265539e+01 4.785274167097380627e+01
-2.605450948640902809e+01 4.921523717052662761e+01
-2.603642891075540433e+01 5.030866182594424885e+01
-2.601834833510177702e+01 5.101468872230028495e+01
-2.600026775944815327e+01 5.121872749392130686e+01
-2.598218718379452596e+01 5.083450189669787989e+01
-2.596410660814089866e+01 4.982760110538801257e+01
-2.594602603248727135e+01 4.823920291787251102e+01
-2.592794545683364760e+01 4.620569479312835881e+01
-2.590986488118002384e+01 4.396323219884347111e+01
-2.589178430552639654e+01 4.182483305244246452e+01
-2.587370372987276923e+01 4.012520100420164937e+01
-2.585562315421914192e+01 3.914335166121153975e+01
-2.583754257856551462e+01 3.902813565319812028e+01
-2.581946200291189086e+01 3.975763436675304519e+01
-2.580138142725826711e+01 4.115390087057559754e+01
-2.578330085160463980e+01 4.295110969072722185e+01
-2.576522027595101250e+01 4.488836373005596414e+01
-2.574713970029738519e+01 4.678343322749309863e+01
-2.572905912464376144e+01 4.855168433026850039e+01
-2.571097854899013413e+01 5.016394886012847110e+01
-2.569289797333651038e+01 5.157264017842910420e+01
-2.567481739768288307e+01 5.265576151871216126e+01
-2.565673682202925576e+01 5.321988026970202412e+01
-2.563865624637562846e+01 5.306906595684419159e+01
-2.562057567072200470e+01 5.210649461632681323e+01
-2.560249509506838095e+01 5.041253987005821102e+01
-2.558441451941475364e+01 4.825144250582079763e+01
-2.556633394376112633e+01 4.599403203084951741e+01
-2.554825336810749903e+01 4.398747864984728295e+01
-2.553017279245387172e+01 4.243175322259168070e+01
-2.551209221680024797e+01 4.132167669056263293e+01
-2.549401164114662421e+01 4.048352989300494897e+01
-2.547593106549299691e+01 3.969052607075727224e+01
-2.545785048983936960e+01 3.880306732454066321e+01
-2.543976991418574229e+01 3.786583366901398762e+01
-2.542168933853211854e+01 3.711188278808189267e+01
-2.540360876287849123e+01 3.686715357117329006e+01
-2.538552818722486748e+01 3.739769497954850408e+01
-2.536744761157124017e+01 3.877252519663359465e+01
-2.534936703591761287e+01 4.081010288110626760e+01
-2.533128646026398556e+01 4.313607597210634736e+01
-2.531320588461036181e+01 4.532415463967340230e+01
-2.529512530895673450e+01 4.705098538364613603e+01
-2.527704473330311075e+01 4.819290799714718077e+01
-2.525896415764948344e+01 4.882817632120978857e+01
-2.524088358199585613e+01 4.915969249234542104e+01
-2.522280300634222883e+01 4.940909292820696663e+01
-2.520472243068860507e+01 4.973440584877788950e+01
-2.518664185503498132e+01 5.019605182678648703e+01
-2.516856127938135401e+01 5.076298020535896427e+01
-2.515048070372772671e+01 5.133455348784112005e+01
-2.513240012807409940e+01 5.176024171459577872e+01
-2.511431955242047209e+01 5.185663207469068681e+01
-2.509623897676684834e+01 5.143270523703725416e+01
-2.507815840111322458e+01 5.033115747479470770e+01
-2.506007782545959728e+01 4.848013893469425284e+01
-2.504199724980596997e+01 4.593757492492933636e+01
-2.502391667415234267e+01 4.290814663196166379e+01
-2.500583609849871891e+01 3.972202792791608772e+01
-2.498775552284509160e+01 3.677895674847018626e+01
-2.496967494719146785e+01 3.447363798797285028e+01
-2.495159437153784054e+01 3.312350592579048225e+01
-2.493351379588421324e+01 3.291614502885835947e+01
-2.491543322023058593e+01 3.388382156340827578e+01
-2.489735264457696218e+01 3.590218543254966477e+01
-2.487927206892333487e+01 3.870516502586352914e+01
-2.486119149326971112e+01 4.191091346499661796e+01
-2.484311091761608381e+01 4.506103969971959344e+01
-2.482503034196245650e+01 4.767967521793264751e+01
-2.480694976630882920e+01 4.935391882325150448e+01
-2.478886919065520544e+01 4.982356534292216566e+01
-2.477078861500158169e+01 4.905413927585411926e+01
-2.475270803934795438e+01 4.726364082830239255e+01
-2.473462746369432708e+01 4.488495836497131108e+01
-2.471654688804069977e+01 4.246807921054400481e+01
-2.469846631238707246e+01 4.054822108995841745e+01
-2.468038573673344871e+01 3.951785097512316014e+01
-2.466230516107982496e+01 3.953851217495298442e+01
-2.464422458542619765e+01 4.051512795697131253e+01
-2.462614400977257034e+01 4.213675214447831507e+01
-2.460806343411894304e+01 4.396934066951835973e+01
-2.458998285846531928e+01 4.557272959961111525e+01
-2.457190228281169198e+01 4.660909732572354613e+01
-2.455382170715806822e+01 4.691505804305835881e+01
-2.453574113150444092e+01 4.652215549140590412e+01
-2.451766055585081361e+01 4.562602430519325480e+01
-2.449957998019718630e+01 4.451761878865863054e+01
-2.448149940454356255e+01 4.349765772985700352e+01
-2.446341882888993879e+01 4.279751760442089648e+01
-2.444533825323631149e+01 4.252706177778676988e+01
-2.442725767758268418e+01 4.266263743687810717e+01
-2.440917710192905687e+01 4.307682365141155856e+01
-2.439109652627542957e+01 4.359738088139607015e+01
-2.437301595062180581e+01 4.407119850075687140e+01
-2.435493537496818206e+01 4.440625636475410687e+01
-2.433685479931455475e+01 4.457435849321701227e+01
-2.431877422366092745e+01 4.457683889738719785e+01
-2.430069364800730014e+01 4.439532685923878574e+01
-2.428261307235367639e+01 4.395893008658475054e+01
-2.426453249670004908e+01 4.315159843151155883e+01
-2.424645192104642533e+01 4.186188715064877641e+01
-2.422837134539279802e+01 4.005304441490983436e+01
-2.421029076973917071e+01 3.781783685086257663e+01
-2.419221019408554341e+01 3.538793127024302265e+01
-2.417412961843191965e+01 3.308964534014690173e+01
-2.415604904277829235e+01 3.126452691163067854e+01
-2.413796846712466859e+01 3.018965750929838521e+01
-2.411988789147104129e+01 3.002982096687113511e+01
-2.410180731581741398e+01 3.083410814765210262e+01
-2.408372674016378667e+01 3.256530804729727180e+01
-2.406564616451016292e+01 3.513577878994071568e+01
-2.404756558885653916e+01 3.842583792904793683e+01
-2.402948501320291186e+01 4.227664282352728264e+01
-2.401140443754928455e+01 4.646790778232279706e+01
-2.399332386189565725e+01 5.070059992820640815e+01
-2.397524328624202994e+01 5.460201941062925357e+01
-2.395716271058840618e+01 5.775984932856511023e+01
-2.393908213493478243e+01 5.978084386387978100e+01
-2.392100155928115512e+01 6.036353788228928607e+01
-2.390292098362752782e+01 5.937137276960170595e+01
-2.388484040797390051e+01 5.688922798348959020e+01
-2.386675983232027676e+01 5.324277811221251255e+01
-2.384867925666664945e+01 4.896245789310048480e+01
-2.383059868101302570e+01 4.468824978969446704e+01
-2.381251810535939839e+01 4.103569336565942649e+01
-2.379443752970577108e+01 3.846461819033824980e+01
-2.377635695405214378e+01 3.719507786639155711e+01
-2.375827637839852002e+01 3.719502481154913909e+01
-2.374019580274489627e+01 3.823231715273093556e+01
-2.372211522709126896e+01 3.995910189295727832e+01
-2.370403465143764166e+01 4.199313298311262344e+01
-2.368595407578401435e+01 4.397647859128984749e+01
-2.366787350013038704e+01 4.561292910566737646e+01
-2.364979292447676329e+01 4.669598966037043652e+01
-2.363171234882313954e+01 4.713466675009227913e+01
-2.361363177316951223e+01 4.697159486832403985e+01
-2.359555119751588492e+01 4.637952793900646498e+01
-2.357747062186225762e+01 4.562529613690217190e+01
-2.355939004620863386e+01 4.500341039602211168e+01
-2.354130947055500656e+01 4.475659180545067528e+01
-2.352322889490137925e+01 4.500912158743223301e+01
-2.350514831924775550e+01 4.573652099251060577e+01
-2.348706774359412819e+01 4.678238919072012436e+01
-2.346898716794050088e+01 4.791532751246474220e+01
-2.345090659228687713e+01 4.890332056077218681e+01
-2.343282601663324982e+01 4.957691745844306297e+01
-2.341474544097962251e+01 4.985933059651588906e+01
-2.339666486532599876e+01 4.975809689636309230e+01
-2.337858428967237145e+01 4.933085261756611573e+01
-2.336050371401874415e+01 4.864786650768381548e+01
-2.334242313836512039e+01 4.777151203226117104e+01
-2.332434256271149309e+01 4.676002406760986929e+01
-2.330626198705786578e+01 4.568713756536003956e+01
-2.328818141140424203e+01 4.465900461382977227e+01
-2.327010083575061472e+01 4.381041168098131777e+01
-2.325202026009698741e+01 4.327359360739614402e+01
-2.323393968444336366e+01 4.312931650883589896e+01
-2.321585910878973635e+01 4.336276888658594686e+01
-2.319777853313611260e+01 4.384857236455244589e+01
-2.317969795748248529e+01 4.437772912441090511e+01
-2.316161738182885799e+01 4.471985858015894166e+01
-2.314353680617523423e+01 4.469698348249701070e+01
-2.312545623052160693e+01 4.423970932308636606e+01
-2.310737565486798317e+01 4.340543250038893319e+01
-2.308929507921435587e+01 4.235575979869511087e+01
-2.307121450356072856e+01 4.130713582118166016e+01
-2.305313392790710481e+01 4.047698673345445997e+01
-2.303505335225347750e+01 4.004496213505834845e+01
-2.301697277659985019e+01 4.013777169224739083e+01
-2.299889220094622644e+01 4.083254313554967752e+01
-2.298081162529259913e+01 4.216430008545669494e+01
-2.296273104963897183e+01 4.412315099366328752e+01
-2.294465047398534807e+01 4.663673338586772843e+01
-2.292656989833172076e+01 4.954796451132006041e+01
-2.290848932267809346e+01 5.260773932193269786e+01
-2.289040874702446970e+01 5.549915382667192176e+01
-2.287232817137084240e+01 5.789411530550896856e+01
-2.285424759571721509e+01 5.952373971326132107e+01
-2.283616702006359134e+01 6.023315553048593074e+01
-2.281808644440996403e+01 5.999682590113044967e+01
-2.280000586875633672e+01 5.888985994993238648e+01
-2.278192529310271297e+01 5.703317459007819679e+01
-2.276384471744908566e+01 5.454330590225529107e+01
-2.274576414179545836e+01 5.151420386111606575e+01
-2.272768356614183460e+01 4.804042340546300238e+01
-2.270960299048820730e+01 4.426794773404020589e+01
-2.269152241483458354e+01 4.044192307067560677e+01
-2.267344183918095624e+01 3.691818836514674729e+01
-2.265536126352732893e+01 3.411937949561790617e+01
-2.263728068787370518e+01 3.244113794395749295e+01
-2.261920011222007787e+01 3.213902425642557859e+01
-2.260111953656645056e+01 3.324044678306049860e+01
-2.258303896091282681e+01 3.552041981594791764e+01
-2.256495838525919950e+01 3.855573366117905465e+01
-2.254687780960557220e+01 4.183933068449802306e+01
-2.252879723395194844e+01 4.491125005746422261e+01
-2.251071665829832114e+01 4.745756309403876827e+01
-2.249263608264469383e+01 4.934648526655940515e+01
-2.247455550699107008e+01 5.060087747994489149e+01
-2.245647493133744277e+01 5.133214163709991595e+01
-2.243839435568381546e+01 5.166996969324366518e+01
-2.242031378003019171e+01 5.171447962533741816e+01
-2.240223320437656440e+01 5.152047061158848607e+01
-2.238415262872293710e+01 5.110846476423878926e+01
-2.236607205306931334e+01 5.048968342997562075e+01
-2.234799147741568603e+01 4.969159643564731965e+01
-2.232991090176206228e+01 4.877369962820369409e+01
-2.231183032610843497e+01 4.782736664671005400e+01
-2.229374975045480767e+01 4.695885533026179104e+01
-2.227566917480118391e+01 4.626099901979497275e+01
-2.225758859914755661e+01 4.578512560480177029e+01
-2.223950802349392930e+01 4.552699636437897368e+01
-2.222142744784030555e+01 4.543637911109539118e+01
-2.220334687218667824e+01 4.544966261992935586e+01
-2.218526629653305093e+01 4.553266201256855084e+01
-2.216718572087942718e+01 4.571241202258818959e+01
-2.214910514522579987e+01 4.607752635623725723e+01
-2.213102456957217257e+01 4.673848026898331653e+01
-2.211294399391854881e+01 4.775868136008890019e+01
-2.209486341826492151e+01 4.908605867154428637e+01
-2.207678284261129420e+01 5.052248256143867877e+01
-2.205870226695767045e+01 5.175723882357918626e+01
-2.204062169130404314e+01 5.246259217473895120e+01
-2.202254111565041583e+01 5.241648012957785596e+01
-2.200446053999679208e+01 5.159761111613732254e+01
-2.198637996434316477e+01 5.020527483085285780e+01
-2.196829938868954102e+01 4.858964654808828243e+01
-2.195021881303591371e+01 4.712201122349409843e+01
-2.193213823738228641e+01 4.606420205662657708e+01
-2.191405766172866265e+01 4.549532467995085483e+01
-2.189597708607503534e+01 4.532215315315394832e+01
-2.187789651042140804e+01 4.535626354827984130e+01
-2.185981593476778428e+01 4.541123923265592310e+01
-2.184173535911415698e+01 4.537259875761523631e+01
-2.182365478346052967e+01 4.521786593514244856e+01
-2.180557420780690592e+01 4.499573705215502173e+01
-2.178749363215327861e+01 4.479161644553683885e+01
-2.176941305649965130e+01 4.470373819361207524e+01
-2.175133248084602755e+01 4.483667458024655161e+01
-2.173325190519240024e+01 4.530193431561513506e+01
-2.171517132953877294e+01 4.620969755784361155e+01
-2.169709075388514918e+01 4.764271953398419157e+01
-2.167901017823152188e+01 4.961622842511572884e+01
-2.166092960257789457e+01 5.203803775292331579e+01
-2.164284902692427082e+01 5.468673917495711834e+01
-2.162476845127064351e+01 5.722277697504992489e+01
-2.160668787561701976e+01 5.923923737863897543e+01
-2.158860729996339245e+01 6.034783446758441272e+01
-2.157052672430976514e+01 6.028248800502338156e+01
-2.155244614865614139e+01 5.899145357809537416e+01
-2.153436557300251408e+01 5.668455344457169076e+01
-2.151628499734888678e+01 5.380970629676885153e+01
-2.149820442169526302e+01 5.095363422469378634e+01
-2.148012384604163572e+01 4.868963302661402537e+01
-2.146204327038800841e+01 4.741913347256702593e+01
-2.144396269473438466e+01 4.726115954877657543e+01
-2.142588211908075735e+01 4.802867224866470508e+01
-2.140780154342713004e+01 4.929825433868062134e+01
-2.138972096777350629e+01 5.054443178448911311e+01
-2.137164039211987898e+01 5.128870820871449610e+01
-2.135355981646625168e+01 5.121480205120838036e+01
-2.133547924081262792e+01 5.022185187183453081e+01
-2.131739866515900061e+01 4.841395306190742787e+01
-2.129931808950537331e+01 4.604469838479597144e+01
-2.128123751385174955e+01 4.344355555096199595e+01
-2.126315693819812225e+01 4.094837101073484575e+01
-2.124507636254449849e+01 3.885959320643917181e+01
-2.122699578689087119e+01 3.742070869385582910e+01
-2.120891521123724388e+01 3.681837685271755589e+01
-2.119083463558362013e+01 3.718777888893144024e+01
-2.117275405992999282e+01 3.860750043382667229e+01
-2.115467348427636551e+01 4.107592803189513120e+01
-2.113659290862274176e+01 4.447512381713433172e+01
-2.111851233296911445e+01 4.854127771874215114e+01
-2.110043175731548715e+01 5.286520225013561003e+01
-2.108235118166186339e+01 5.693835261536749925e+01
-2.106427060600823609e+01 6.024263605905383656e+01
-2.104619003035460878e+01 6.236360671037024161e+01
-2.102810945470098503e+01 6.309453403041973729e+01
-2.101002887904735772e+01 6.249795394330038789e+01
-2.099194830339373041e+01 6.090200006224056040e+01
-2.097386772774010666e+01 5.882782285515526155e+01
-2.095578715208647935e+01 5.686594744606870933e+01
-2.093770657643285205e+01 5.553635486754441786e+01
-2.091962600077922829e+01 5.517302658032087237e+01
-2.090154542512560099e+01 5.586590195930383373e+01
-2.088346484947197723e+01 5.747423997450185595e+01
-2.086538427381834993e+01 5.970216989396600127e+01
-2.084730369816472262e+01 6.220779161192540130e+01
-2.082922312251109886e+01 6.470753421775796710e+01
-2.081114254685747156e+01 6.704026979739023773e+01
-2.079306197120384425e+01 6.917045738747231098e+01
-2.077498139555022050e+01 7.113287232623162026e+01
-2.075690081989659319e+01 7.294621259577832006e+01
-2.073882024424296588e+01 7.453894361556422155e+01
-2.072073966858934213e+01 7.572846888432363244e+01
-2.070265909293571482e+01 7.627104593578448544e+01
-2.068457851728208752e+01 7.596331917935768274e+01
-2.066649794162846376e+01 7.474554811093939577e+01
-2.064841736597483646e+01 7.275074463755372278e+01
-2.063033679032120915e+01 7.026976061305811072e+01
-2.061225621466758540e+01 6.764724847481306824e+01
-2.059417563901395809e+01 6.516116884623865246e+01
-2.057609506336033078e+01 6.294588205689860416e+01
-2.055801448770670703e+01 6.099143243136762038e+01
-2.053993391205307972e+01 5.920728345598025300e+01
-2.052185333639945242e+01 5.750552030488565691e+01
-2.050377276074582866e+01 5.585564512596707232e+01
-2.048569218509220136e+01 5.428886178752831171e+01
-2.046761160943857760e+01 5.286440809279856268e+01
-2.044953103378495030e+01 5.163099297160778178e+01
-2.043145045813132299e+01 5.061195187877472534e+01
-2.041336988247769924e+01 4.982038442748540774e+01
-2.039528930682407193e+01 4.928796413896376549e+01
-2.037720873117044462e+01 4.908318135150690154e+01
-2.035912815551682087e+01 4.930400651905956266e+01
-2.034104757986319356e+01 5.004702076662140797e+01
-2.032296700420956626e+01 5.136750402062630627e+01
-2.030488642855594250e+01 5.324646478643370529e+01
-2.028680585290231519e+01 5.557384786961397083e+01
-2.026872527724868789e+01 5.814958323404763973e+01
-2.025064470159506413e+01 6.070104038473547092e+01
-2.023256412594143683e+01 6.291642808584455793e+01
-2.021448355028780952e+01 6.449429399277431685e+01
-2.019640297463418577e+01 6.520554619542406272e+01
-2.017832239898055846e+01 6.495626457238702756e+01
-2.016024182332693115e+01 6.383124646496531795e+01
-2.014216124767330740e+01 6.209604466500744735e+01
-2.012408067201968009e+01 6.014396883663309978e+01
-2.010600009636605634e+01 5.839385395595230932e+01
-2.008791952071242903e+01 5.716737974425069524e+01
-2.006983894505880173e+01 5.658977509178487253e+01
-2.005175836940517797e+01 5.655469906048741535e+01
-2.003367779375155067e+01 5.677110360010680523e+01
-2.001559721809792336e+01 5.687618995200745076e+01
-1.999751664244429961e+01 5.657030135678235894e+01
-1.997943606679067230e+01 5.572080551867021114e+01
-1.996135549113704499e+01 5.439681469114551504e+01
-1.994327491548342124e+01 5.282725986175864819e+01
-1.992519433982979393e+01 5.130654859744655738e+01
-1.990711376417616663e+01 5.009064158149094936e+01
-1.988903318852254287e+01 4.932492988844830961e+01
-1.987095261286891557e+01 4.902651566476569656e+01
-1.985287203721528826e+01 4.911769983872035539e+01
-1.983479146156166451e+01 4.948708758312957912e+01
-1.981671088590803720e+01 5.004807539479596556e+01
-1.979863031025440989e+01 5.077206341209515017e+01
-1.978054973460078614e+01 5.168893775284016101e+01
-1.976246915894715883e+01 5.286123768987446425e+01
-1.974438858329353508e+01 5.434517494388911274e+01
-1.972630800763990777e+01 5.615134721291336461e+01
-1.970822743198628046e+01 5.821477913950808869e+01
-1.969014685633265671e+01 6.038181845228833566e+01
-1.967206628067902940e+01 6.242067135645692133e+01
-1.965398570502540210e+01 6.405968096225812758e+01
-1.963590512937177834e+01 6.504977857404264796e+01
-1.961782455371815104e+01 6.523619952876575212e+01
-1.959974397806452373e+01 6.461573208652494316e+01
-1.958166340241089998e+01 6.335621284938484621e+01
-1.956358282675727267e+01 6.176644443259530703e+01
-1.954550225110364536e+01 6.022211868466897045e+01
-1.952742167545002161e+01 5.906846241176443613e+01
-1.950934109979639430e+01 5.852749158470349755e+01
-1.949126052414276700e+01 5.863632988224675557e+01
-1.947317994848914324e+01 5.923533486272674509e+01
-1.945509937283551594e+01 6.001270599247406778e+01
-1.943701879718188863e+01 6.059686917679627527e+01
-1.941893822152826488e+01 6.067185722675129256e+01
-1.940085764587463757e+01 6.007991706437443469e+01
-1.938277707022101382e+01 5.887629283551451209e+01
-1.936469649456738651e+01 5.731605184878601023e+01
-1.934661591891375920e+01 5.577711723700453916e+01
-1.932853534326013545e+01 5.464693248804128700e+01
-1.931045476760650814e+01 5.421203976218417608e+01
-1.929237419195288084e+01 5.458565504049413875e+01
-1.927429361629925708e+01 5.569129060505733975e+01
-1.925621304064562977e+01 5.729936968764823035e+01
-1.923813246499200247e+01 5.909778480918910759e+01
-1.922005188933837871e+01 6.077136013073597098e+01
-1.920197131368475141e+01 6.206829602386109457e+01
-1.918389073803112410e+01 6.283961042268183661e+01
-1.916581016237750035e+01 6.304659421596522861e+01
-1.914772958672387304e+01 6.274004662928080478e+01
-1.912964901107024573e+01 6.202304274678871820e+01
-1.911156843541662198e+01 6.101384976884958888e+01
-1.909348785976299467e+01 5.982347963676711800e+01
-1.907540728410936737e+01 5.855204379565573447e+01
-1.905732670845574361e+01 5.729480424234294134e+01
-1.903924613280211631e+01 5.614227629066989778e+01
-1.902116555714849255e+01 5.516522192850339223e+01
-1.900308498149486525e+01 5.439093169530748639e+01
-1.898500440584123794e+01 5.378931772883456830e+01
-1.896692383018761419e+01 5.328513342297899413e+01
-1.894884325453398688e+01 5.279666779933584309e+01
-1.893076267888035957e+01 5.228358811721584232e+01
-1.891268210322673582e+01 5.178041547967610114e+01
-1.889460152757310851e+01 5.140062049286741086e+01
-1.887652095191948121e+01 5.131118417658894515e+01
-1.885844037626585745e+01 5.168768152856415554e+01
-1.884035980061223015e+01 5.266183760380783951e+01
-1.882227922495860284e+01 5.427207734044600329e+01
-1.880419864930497909e+01 5.642883573093067184e+01
-1.878611807365135178e+01 5.890947171874853439e+01
-1.876803749799772447e+01 6.139532128012292844e+01
-1.874995692234410072e+01 6.355027856322816859e+01
-1.873187634669047341e+01 6.511989208301768883e+01
-1.871379577103684611e+01 6.601399460997285473e+01
-1.869571519538322235e+01 6.633588145683968662e+01
-1.867763461972959504e+01 6.634006768099989415e+01
-1.865955404407597129e+01 6.633105840848921275e+01
-1.864147346842234398e+01 6.654322079658311395e+01
-1.862339289276871668e+01 6.705298483017365641e+01
-1.860531231711509292e+01 6.776214740916471158e+01
-1.858723174146146562e+01 6.845880349291823563e+01
-1.856915116580783831e+01 6.892521904335247029e+01
-1.855107059015421456e+01 6.903956120157471332e+01
-1.853299001450058725e+01 6.882406463776273142e+01
-1.851490943884695994e+01 6.842283427991661426e+01
-1.849682886319333619e+01 6.802914157756302416e+01
-1.847874828753970888e+01 6.780276061827215983e+01
-1.846066771188608158e+01 6.781326337974159912e+01
-1.844258713623245782e+01 6.802411662009160409e+01
-1.842450656057883052e+01 6.831261551468249138e+01
-1.840642598492520321e+01 6.851322704522421247e+01
-1.838834540927157946e+01 6.847376325381016215e+01
-1.837026483361795215e+01 6.811434872233505189e+01
-1.835218425796432484e+01 6.747318368956585743e+01
-1.833410368231070109e+01 6.671708257039742307e+01
-1.831602310665707378e+01 6.610031991182448508e+01
-1.829794253100344648e+01 6.587654605264083330e+01
-1.827986195534982272e+01 6.619535123264725485e+01
-1.826178137969619542e+01 6.702924307123234371e+01
-1.824370080404257166e+01 6.816618087831612627e+01
-1.822562022838894435e+01 6.927175830839766490e+01
-1.820753965273531705e+01 6.999248512277715406e+01
-1.818945907708169329e+01 7.005716997684544367e+01
-1.817137850142806599e+01 6.934342700750561050e+01
-1.815329792577443868e+01 6.789980365601186918e+01
-1.813521735012081493e+01 6.593256641171431909e+01
-1.811713677446718762e+01 6.376923927857268382e+01
-1.809905619881356031e+01 6.180334662549925184e+01
-1.808097562315993656e+01 6.042013784577632407e+01
-1.806289504750630925e+01 5.990998844355579678e+01
-1.804481447185268195e+01 6.038994118656525956e+01
-1.802673389619905819e+01 6.176115033938664567e+01
-1.800865332054543089e+01 6.372171199375829787e+01
-1.799057274489180358e+01 6.583408932662638335e+01
-1.797249216923817983e+01 6.762696303309753887e+01
-1.795441159358455252e+01 6.870372149061211076e+01
-1.793633101793092521e+01 6.883437535641166960e+01
-1.791825044227730146e+01 6.801608418317519522e+01
-1.790016986662367415e+01 6.649176970420487010e+01
-1.788208929097005040e+01 6.471661225442085197e+01
-1.786400871531642309e+01 6.326618291223462620e+01
-1.784592813966279579e+01 6.269453736895883367e+01
-1.782784756400917203e+01 6.337386511327892435e+01
-1.780976698835554473e+01 6.536705170750336436e+01
-1.779168641270191742e+01 6.838548863165712532e+01
-1.777360583704829367e+01 7.185927556814191064e+01
-1.775552526139466636e+01 7.510326536653819574e+01
-1.773744468574103905e+01 7.752070167216267293e+01
-1.771936411008741530e+01 7.876870794750503535e+01
-1.770128353443378799e+01 7.882702836468153862e+01
-1.768320295878016069e+01 7.795477146206020791e+01
-1.766512238312653693e+01 7.656672895985305161e+01
-1.764704180747290962e+01 7.508764684940280176e+01
-1.762896123181928232e+01 7.383908623812490646e+01
-1.761088065616565856e+01 7.298656390848266540e+01
-1.759280008051203126e+01 7.254315877419183778e+01
-1.757471950485840395e+01 7.240692201884174040e+01
-1.755663892920478020e+01 7.240898022774015885e+01
-1.753855835355115289e+01 7.236030424143550022e+01
-1.752047777789752914e+01 7.209547777723575734e+01
-1.750239720224390183e+01 7.151335459474655920e+01
-1.748431662659027452e+01 7.060838524146298312e+01
-1.746623605093665077e+01 6.948065524795967463e+01
-1.744815547528302346e+01 6.831501861720703062e+01
-1.743007489962939616e+01 6.733114989745473622e+01
-1.741199432397577240e+01 6.672028940524525353e+01
-1.739391374832214510e+01 6.659169511835978028e+01
-1.737583317266851779e+01 6.694736491430820990e+01
-1.735775259701489404e+01 6.769028553312809038e+01
-1.733967202136126673e+01 6.865762214916999540e+01
-1.732159144570763942e+01 6.966355165649835612e+01
-1.730351087005401567e+01 7.053876630515308932e+01
-1.728543029440038836e+01 7.116078552572334104e+01
-1.726734971874676106e+01 7.147477451033330453e+01
-1.724926914309313730e+01 7.150508404078094316e+01
-1.723118856743951000e+01 7.135468201334384730e+01
-1.721310799178588269e+01 7.118772529538408378e+01
-1.719502741613225894e+01 7.119360364020946008e+01
-1.717694684047863163e+01 7.153866009267538573e+01
-1.715886626482500787e+01 7.231980492514040293e+01
-1.714078568917138057e+01 7.353633759069894893e+01
-1.712270511351775326e+01 7.508958352223838517e+01
-1.710462453786412951e+01 7.680757325231449784e+01
-1.708654396221050220e+01 7.848166165448913034e+01
-1.706846338655687489e+01 7.990065361150126932e+01
-1.705038281090325114e+01 8.087625955542442568e+01
-1.703230223524962383e+01 8.126454457454001101e+01
-1.701422165959599653e+01 8.099169646858671001e+01
-1.699614108394237277e+01 8.008429246681177460e+01
-1.697806050828874547e+01 7.868969043666587027e+01
-1.695997993263511816e+01 7.706394500898187516e+01
-1.694189935698149441e+01 7.551341254223990518e+01
-1.692381878132786710e+01 7.430098406167246594e+01
-1.690573820567423979e+01 7.355423945913115347e+01
-1.688765763002061604e+01 7.322164412496245234e+01
-1.686957705436698873e+01 7.310437972397569695e+01
-1.685149647871336143e+01 7.295362220713511192e+01
-1.683341590305973767e+01 7.258811500012642171e+01
-1.681533532740611037e+01 7.197622494340359367e+01
-1.679725475175248661e+01 7.124664088067720513e+01
-1.677917417609885931e+01 7.062966646632237655e+01
-1.676109360044523200e+01 7.036386835626905167e+01
-1.674301302479160825e+01 7.061298909631594256e+01
-1.672493244913798094e+01 7.142330650284851856e+01
-1.670685187348435363e+01 7.272466020455377134e+01
-1.668877129783072988e+01 7.435699526941830584e+01
-1.667069072217710257e+01 7.610001938663408794e+01
-1.665261014652347527e+01 7.769548660531016537e+01
-1.663452957086985151e+01 7.886833019785213139e+01
-1.661644899521622420e+01 7.936079305169415932e+01
-1.659836841956259690e+01 7.898622520735050045e+01
-1.658028784390897314e+01 7.769115386325013617e+01
-1.656220726825534584e+01 7.559873950852005464e+01
-1.654412669260171853e+01 7.300635971675427527e+01
-1.652604611694809478e+01 7.032775523194746370e+01
-1.650796554129446747e+01 6.799657145643145384e+01
-1.648988496564084016e+01 6.636740560359757524e+01
-1.647180438998721641e+01 6.565084115441824508e+01
-1.645372381433358910e+01 6.590044269645207464e+01
-1.643564323867996535e+01 6.704376615470614809e+01
-1.641756266302633804e+01 6.893118435012739553e+01
-1.639948208737271074e+01 7.137495173406034610e+01
-1.638140151171908698e+01 7.416499437445766318e+01
-1.636332093606545968e+01 7.706741092216559252e+01
-1.634524036041183237e+01 7.982461231292553805e+01
-1.632715978475820862e+01 8.217513568600007545e+01
-1.630907920910458131e+01 8.389747574072214320e+01
-1.629099863345095400e+01 8.486432937390861753e+01
-1.627291805779733025e+01 8.508269248462417522e+01
-1.625483748214370294e+01 8.469848224950442273e+01
-1.623675690649007564e+01 8.396006703631752544e+01
-1.621867633083645188e+01 8.315341440067797407e+01
-1.620059575518282458e+01 8.253132820094019451e+01
-1.618251517952919727e+01 8.225609132910210519e+01
-1.616443460387557352e+01 8.236414839199514404e+01
-1.614635402822194621e+01 8.275325065539416869e+01
-1.612827345256831890e+01 8.319241240089372980e+01
-1.611019287691469515e+01 8.335950589181535975e+01
-1.609211230126106784e+01 8.291106285938852238e+01
-1.607403172560744409e+01 8.157789965380761998e+01
-1.605595114995381678e+01 7.926253747059901400e+01
-1.603787057430018947e+01 7.610225584454366299e+01
-1.601978999864656572e+01 7.246637689107269864e+01
-1.600170942299293841e+01 6.887934673979833633e+01
-1.598362884733931111e+01 6.589150432931060664e+01
-1.596554827168568735e+01 6.394086735997747439e+01
-1.594746769603206005e+01 6.325085972535584489e+01
-1.592938712037843274e+01 6.379167618881204049e+01
-1.591130654472480899e+01 6.530804896097218659e+01
-1.589322596907118168e+01 6.739630148514491736e+01
-1.587514539341755437e+01 6.960497903334963610e+01
-1.585706481776393062e+01 7.153397644829080093e+01
-1.583898424211030331e+01 7.291147885082796165e+01
-1.582090366645667601e+01 7.363340058299878876e+01
-1.580282309080305225e+01 7.375764946071750217e+01
-1.578474251514942495e+01 7.345698434178351022e+01
-1.576666193949579764e+01 7.294698961262685089e+01
-1.574858136384217389e+01 7.241369261714375227e+01
-1.573050078818854658e+01 7.196384399640027141e+01
-1.571242021253491927e+01 7.161069211573463633e+01
-1.569433963688129552e+01 7.129487564736928107e+01
-1.567625906122766821e+01 7.092956955290725318e+01
-1.565817848557404446e+01 7.045331546228403852e+01
-1.564009790992041715e+01 6.987220624569728500e+01
-1.562201733426678985e+01 6.927503086800631138e+01
-1.560393675861316609e+01 6.881240580336110213e+01
-1.558585618295953878e+01 6.864471144052085094e+01
-1.556777560730591148e+01 6.887958733006699674e+01
-1.554969503165228772e+01 6.952844399956076415e+01
-1.553161445599866042e+01 7.050453803615449999e+01
-1.551353388034503311e+01 7.166319481266828006e+01
-1.549545330469140936e+01 7.285971058593725047e+01
-1.547737272903778205e+01 7.398901250717116795e+01
-1.545929215338415474e+01 7.498288577005551758e+01
-1.544121157773053099e+01 7.576983323980452667e+01
-1.542313100207690368e+01 7.623082182184747069e+01
-1.540505042642327638e+01 7.619167820012884818e+01
-1.538696985076965262e+01 7.547260833780148914e+01
-1.536888927511602532e+01 7.397831809475630394e+01
-1.535080869946239801e+01 7.178145960875571063e+01
-1.533272812380877426e+01 6.914791089142602232e+01
-1.531464754815514695e+01 6.647908246547480360e+01
-1.529656697250152320e+01 6.418932667024108696e+01
-1.527848639684789589e+01 6.257099509405504989e+01
-1.526040582119426858e+01 6.170661911794059762e+01
-1.524232524554064483e+01 6.146466689931738614e+01
-1.522424466988701752e+01 6.157659366386045718e+01
-1.520616409423339022e+01 6.175905697332435551e+01
-1.518808351857976646e+01 6.183076380703325015e+01
-1.517000294292613916e+01 6.178076146262671386e+01
-1.515192236727251185e+01 6.176665383682578181e+01
-1.513384179161888810e+01 6.204697041343307973e+01
-1.511576121596526079e+01 6.287378601780059029e+01
-1.509768064031163348e+01 6.438475060944963957e+01
-1.507960006465800973e+01 6.653460417785076686e+01
-1.506151948900438242e+01 6.909337178563255577e+01
-1.504343891335075512e+01 7.171414333584021961e+01
-1.502535833769713136e+01 7.404579681592933582e+01
-1.500727776204350405e+01 7.584699344565619583e+01
-1.498919718638987675e+01 7.705669452664412233e+01
-1.497111661073625299e+01 7.779457990813790502e+01
-1.495303603508262569e+01 7.829386068552089739e+01
-1.493495545942900193e+01 7.879575023302439263e+01
-1.491687488377537463e+01 7.944795349422352615e+01
-1.489879430812174732e+01 8.024486864677240305e+01
-1.488071373246812357e+01 8.102870174377979140e+01
-1.486263315681449626e+01 8.154717471737207291e+01
-1.484455258116086895e+01 8.154411764908238069e+01
-1.482647200550724520e+01 8.085006132064421536e+01
-1.480839142985361789e+01 7.944268017566385254e+01
-1.479031085419999059e+01 7.745934240930891690e+01
-1.477223027854636683e+01 7.516124182657911490e+01
-1.475414970289273953e+01 7.286461297342512466e+01
-1.473606912723911222e+01 7.086382870175002324e+01
-1.471798855158548847e+01 6.937055600484868023e+01
-1.469990797593186116e+01 6.848345295821125944e+01
-1.468182740027823385e+01 6.818923428507358153e+01
-1.466374682462461010e+01 6.838534580190608381e+01
-1.464566624897098279e+01 6.891177989767089684e+01
-1.462758567331735549e+01 6.958412534500219238e+01
-1.460950509766373173e+01 7.022625962838608871e+01
-1.459142452201010443e+01 7.070309109220927724e+01
-1.457334394635648067e+01 7.094977250667915314e+01
-1.455526337070285336e+01 7.098797663681196468e+01
-1.453718279504922606e+01 7.091857641948583080e+01
-1.451910221939560230e+01 7.088657855695363708e+01
-1.450102164374197500e+01 7.102557076018021576e+01
-1.448294106808834769e+01 7.139876323724845975e+01
-1.446486049243472394e+01 7.195692805065026221e+01
-1.444677991678109663e+01 7.252971069120748382e+01
-1.442869934112746932e+01 7.285850368557684931e+01
-1.441061876547384557e+01 7.266834167682492307e+01
-1.439253818982021826e+01 7.176342173486524700e+01
-1.437445761416659096e+01 7.011750090552847325e+01
-1.435637703851296720e+01 6.792275288734721528e+01
-1.433829646285933990e+01 6.556745075442464099e+01
-1.432021588720571259e+01 6.353775666100650454e+01
-1.430213531155208884e+01 6.227350753350309276e+01
-1.428405473589846153e+01 6.203334536965081014e+01
-1.426597416024483422e+01 6.282338939338494299e+01
-1.424789358459121047e+01 6.441353280363551903e+01
-1.422981300893758316e+01 6.642323845005904559e+01
-1.421173243328395941e+01 6.843012095583641496e+01
-1.419365185763033210e+01 7.005619166375785767e+01
-1.417557128197670480e+01 7.101384467805860368e+01
-1.415749070632308104e+01 7.112444762726285319e+01
-1.413941013066945374e+01 7.033402020573254276e+01
-1.412132955501582643e+01 6.873647665114033600e+01
-1.410324897936220268e+01 6.658931069398194325e+01
-1.408516840370857537e+01 6.429239205255231582e+01
-1.406708782805494806e+01 6.231165094849830410e+01
-1.404900725240132431e+01 6.106020854614093452e+01
-1.403092667674769700e+01 6.077919013255814207e+01
-1.401284610109406970e+01 6.146832908094261683e+01
-1.399476552544044594e+01 6.289623214722767841e+01
-1.397668494978681863e+01 6.468358571363873466e+01
-1.395860437413319133e+01 6.642099636302806687e+01
-1.394052379847956757e+01 6.777362685405188358e+01
-1.392244322282594027e+01 6.853997828164582984e+01
-1.390436264717231296e+01 6.866006311522036754e+01
-1.388628207151868921e+01 6.819096753377584719e+01
-1.386820149586506190e+01 6.727350974739627532e+01
-1.385012092021143815e+01 6.610329780696656599e+01
-1.383204034455781084e+01 6.490452143700200338e+01
-1.381395976890418353e+01 6.389809673275762947e+01
-1.379587919325055978e+01 6.326184016139856681e+01
-1.377779861759693247e+01 6.309254961354937308e+01
-1.375971804194330517e+01 6.338635481798721827e+01
-1.374163746628968141e+01 6.404746151338295590e+01
-1.372355689063605411e+01 6.492042034324748556e+01
-1.370547631498242680e+01 6.582906322105715446e+01
-1.368739573932880305e+01 6.660569416875962645e+01
-1.366931516367517574e+01 6.710576252393687469e+01
-1.365123458802154843e+01 6.721534119550800312e+01
-1.363315401236792468e+01 6.686090565977346500e+01
-1.361507343671429737e+01 6.602262843431554984e+01
-1.359699286106067007e+01 6.474303007271146271e+01
-1.357891228540704631e+01 6.312221337471135030e+01
-1.356083170975341901e+01 6.129978702195762708e+01
-1.354275113409979170e+01 5.943318038934327774e+01
-1.352467055844616795e+01 5.768305062157582341e+01
-1.350658998279254064e+01 5.620820928345107603e+01
-1.348850940713891333e+01 5.516316517427371480e+01
-1.347042883148528958e+01 5.468961017434804006e+01
-1.345234825583166227e+01 5.489967284963609728e+01
-1.343426768017803852e+01 5.585643321559339114e+01
-1.341618710452441121e+01 5.755888827298343102e+01
-1.339810652887078390e+01 5.993408475940120184e+01
-1.338002595321716015e+01 6.283454993780701159e+01
-1.336194537756353284e+01 6.603985114789429645e+01
-1.334386480190990554e+01 6.926624524946731754e+01
-1.332578422625628178e+01 7.219192803712030582e+01
-1.330770365060265448e+01 7.450216599377237969e+01
-1.328962307494902717e+01 7.594893675358372320e+01
-1.327154249929540342e+01 7.640911996336230061e+01
-1.325346192364177611e+01 7.592028215677034098e+01
-1.323538134798814880e+01 7.467727086987983398e+01
-1.321730077233452505e+01 7.298535844782173854e+01
-1.319922019668089774e+01 7.118194140278339432e+01
-1.318113962102727044e+01 6.955198694226942280e+01
-1.316305904537364668e+01 6.826598015911346806e+01
-1.314497846972001938e+01 6.736018165310515826e+01
-1.312689789406639207e+01 6.676102540229987881e+01
-1.310881731841276832e+01 6.633752289237379784e+01
-1.309073674275914101e+01 6.595708145475931872e+01
-1.307265616710551726e+01 6.552471488236581365e+01
-1.305457559145188995e+01 6.499836690884677637e+01
-1.303649501579826264e+01 6.438477186517636142e+01
-1.301841444014463889e+01 6.372458274843923931e+01
-1.300033386449101158e+01 6.307309317588887154e+01
-1.298225328883738428e+01 6.247939720927935525e+01
-1.296417271318376052e+01 6.196695917060782222e+01
-1.294609213753013321e+01 6.152186548815166134e+01
-1.292801156187650591e+01 6.109672374519951887e+01
-1.290993098622288215e+01 6.063370804346788390e+01
-1.289185041056925485e+01 6.009980080083526133e+01
-1.287376983491562754e+01 5.951681814062609277e+01
-1.285568925926200379e+01 5.896665601764340181e+01
-1.283760868360837648e+01 5.856287155122293342e+01
-1.281952810795474917e+01 5.839913552342183323e+01
-1.280144753230112542e+01 5.850148753124764056e+01
-1.278336695664749811e+01 5.881267120758614197e+01
-1.276528638099387081e+01 5.922006750552852594e+01
-1.274720580534024705e+01 5.961334109105280987e+01
-1.272912522968661975e+01 5.993998258883027574e+01
-1.271104465403299599e+01 6.022794294624601008e+01
-1.269296407837936869e+01 6.056339998921703227e+01
-1.267488350272574138e+01 6.103606797323946864e+01
-1.265680292707211763e+01 6.167994006800682882e+01
-1.263872235141849032e+01 6.243679969198820601e+01
-1.262064177576486301e+01 6.315654088329495863e+01
-1.260256120011123926e+01 6.363192028495180352e+01
-1.258448062445761195e+01 6.365451104785800851e+01
-1.256640004880398465e+01 6.307601006618092754e+01
-1.254831947315036089e+01 6.186130290679732724e+01
-1.253023889749673359e+01 6.012170146067852272e+01
-1.251215832184310628e+01 5.811673539840447944e+01
-1.249407774618948253e+01 5.621420892763050858e+01
-1.247599717053585522e+01 5.480649635913608364e+01
-1.245791659488222791e+01 5.419797391481362325e+01
-1.243983601922860416e+01 5.449789841529707957e+01
-1.242175544357497685e+01 5.556284824517908305e+01
-1.240367486792134954e+01 5.702268124046409525e+01
-1.238559429226772579e+01 5.839342005537476155e+01
-1.236751371661409848e+01 5.924166142178982852e+01
-1.234943314096047473e+01 5.933727703500727557e+01
-1.233135256530684742e+01 5.873037250964843281e+01
-1.231327198965322012e+01 5.771820948762637471e+01
-1.229519141399959636e+01 5.671596144607194390e+01
-1.227711083834596906e+01 5.608902950587366121e+01
-1.225903026269234175e+01 5.602193386767601879e+01
-1.224094968703871800e+01 5.647972603169443317e+01
-1.222286911138509069e+01 5.727143065191521742e+01
-1.220478853573146338e+01 5.817521018451238035e+01
-1.218670796007783963e+01 5.905787205359511916e+01
-1.216862738442421232e+01 5.993041632699921450e+01
-1.215054680877058502e+01 6.091956170396007053e+01
-1.213246623311696126e+01 6.217976239388453763e+01
-1.211438565746333396e+01 6.379653495476799918e+01
-1.209630508180970665e+01 6.572812293658466842e+01
-1.207822450615608290e+01 6.780537285006849402e+01
-1.206014393050245559e+01 6.977826748219057151e+01
-1.204206335484882828e+01 7.137999599086248281e+01
-1.202398277919520453e+01 7.238191526043519275e+01
-1.200590220354157722e+01 7.262790465244903260e+01
-1.198782162788795347e+01 7.205112643711161979e+01
-1.196974105223432616e+01 7.068095064088174695e+01
-1.195166047658069886e+01 6.864301168357182803e+01
-1.193357990092707510e+01 6.614822858799428218e+01
-1.191549932527344779e+01 6.346466654240182947e+01
-1.189741874961982049e+01 6.087180862659817393e+01
-1.187933817396619673e+01 5.860661130375282823e+01
-1.186125759831256943e+01 5.681810558295929070e+01
-1.184317702265894212e+01 5.554703274996949602e+01
-1.182509644700531837e+01 5.473820208134447540e+01
-1.180701587135169106e+01 5.427999484029727029e+01
-1.178893529569806375e+01 5.405453208805364085e+01
-1.177085472004444000e+01 5.397912937209094508e+01
-1.175277414439081269e+01 5.402583962394326988e+01
-1.173469356873718539e+01 5.421700428281143758e+01
-1.171661299308356163e+01 5.460431392764112957e+01
-1.169853241742993433e+01 5.524236941330055117e+01
-1.168045184177630702e+01 5.616503841411330455e+01
-1.166237126612268327e+01 5.736760240501320141e+01
-1.164429069046905596e+01 5.879409070516511804e+01
-1.162621011481543221e+01 6.032962089220846025e+01
-1.160812953916180490e+01 6.180129495692160191e+01
-1.159004896350817759e+01 6.299496586377403418e+01
-1.157196838785455384e+01 6.369465853171383429e+01
-1.155388781220092653e+01 6.374365432067620674e+01
-1.153580723654729923e+01 6.311250355694155445e+01
-1.151772666089367547e+01 6.194626433594969228e+01
-1.149964608524004817e+01 6.056068330575038772e+01
-1.148156550958642086e+01 5.937107771503357867e+01
-1.146348493393279711e+01 5.876540838214581441e+01
-1.144540435827916980e+01 5.896197024533049813e+01
-1.142732378262554249e+01 5.990679597905513987e+01
-1.140924320697191874e+01 6.125711447443342905e+01
-1.139116263131829143e+01 6.246767493805862870e+01
-1.137308205566466413e+01 6.295894595231344937e+01
-1.135500148001104037e+01 6.231529072598694796e+01
-1.133692090435741306e+01 6.044801008545858423e+01
-1.131884032870378576e+01 5.766616496222012245e+01
-1.130075975305016200e+01 5.462454034427940996e+01
-1.128267917739653470e+01 5.215585748918120146e+01
-1.126459860174290739e+01 5.103309447765343521e+01
-1.124651802608928364e+01 5.173523838434252298e+01
-1.122843745043565633e+01 5.429462759204949407e+01
-1.121035687478203258e+01 5.828089399597049436e+01
-1.119227629912840527e+01 6.293053235514190646e+01
-1.117419572347477796e+01 6.737836824394082669e+01
-1.115611514782115421e+01 7.090912611169527224e+01
-1.113803457216752690e+01 7.314112039581107183e+01
-1.111995399651389960e+01 7.408368157975125712e+01
-1.110187342086027584e+01 7.406253447841956472e+01
-1.108379284520664854e+01 7.355880995840600178e+01
-1.106571226955302123e+01 7.303410996244923581e+01
-1.104763169389939748e+01 7.280565739814171877e+01
-1.102955111824577017e+01 7.300050511214723770e+01
-1.101147054259214286e+01 7.357793538665640654e+01
-1.099338996693851911e+01 7.438612022183758654e+01
-1.097530939128489180e+01 7.522091713689859205e+01
-1.095722881563126450e+01 7.587245389616214197e+01
-1.093914823997764074e+01 7.616158172580502139e+01
-1.092106766432401344e+01 7.597144784088577296e+01
-1.090298708867038613e+01 7.527118442321942382e+01
-1.088490651301676237e+01 7.412105455601432880e+01
-1.086682593736313507e+01 7.265175110227789901e+01
-1.084874536170951131e+01 7.102412867800408947e+01
-1.083066478605588401e+01 6.938833247593602493e+01
-1.081258421040225670e+01 6.786170072248111751e+01
-1.079450363474863295e+01 6.653143213900077058e+01
-1.077642305909500564e+01 6.547047504457887612e+01
-1.075834248344137833e+01 6.474630592126233353e+01
-1.074026190778775458e+01 6.440847045840835960e+01
-1.072218133213412727e+01 6.445756758402826847e+01
-1.070410075648049997e+01 6.481456988721650703e+01
-1.068602018082687621e+01 6.531456336782325423e+01
-1.066793960517324891e+01 6.573942606674597755e+01
-1.064985902951962160e+01 6.588418123813323746e+01
-1.063177845386599785e+01 6.563198701125972434e+01
-1.061369787821237054e+01 6.500381266867144348e+01
-1.059561730255874323e+01 6.415674120089488497e+01
-1.057753672690511948e+01 6.332697576464462230e+01
-1.055945615125149217e+01 6.273948869571502485e+01
-1.054137557559786487e+01 6.252241167553727763e+01
-1.052329499994424111e+01 6.266180135778463267e+01
-1.050521442429061381e+01 6.301243614007310612e+01
-1.048713384863699005e+01 6.335384765550882946e+01
-1.046905327298336275e+01 6.346248266483390665e+01
-1.045097269732973544e+01 6.316993834042181533e+01
-1.043289212167611169e+01 6.239176810904925219e+01
-1.041481154602248438e+01 6.113029090888630890e+01
-1.039673097036885707e+01 5.946578784134864293e+01
-1.037865039471523332e+01 5.754820257062483790e+01
-1.036056981906160601e+01 5.559051786582455890e+01
-1.034248924340797871e+01 5.385520705807843456e+01
-1.032440866775435495e+01 5.262417070658002416e+01
-1.030632809210072764e+01 5.215088338275517543e+01
-1.028824751644710034e+01 5.260516879925081213e+01
-1.027016694079347658e+01 5.402841753968226612e+01
-1.025208636513984928e+01 5.631571495308989483e+01
-1.023400578948622197e+01 5.923226531791659966e+01
-1.021592521383259822e+01 6.245978717521443002e+01
-1.019784463817897091e+01 6.565981049219942633e+01
-1.017976406252534360e+01 6.853778616428873249e+01
-1.016168348687171985e+01 7.089369930457006319e+01
-1.014360291121809254e+01 7.264882244221598739e+01
-1.012552233556446879e+01 7.384278045497588039e+01
-1.010744175991084148e+01 7.460067930089149968e+01
-1.008936118425721418e+01 7.507753127070111532e+01
-1.007128060860359042e+01 7.539548896670568467e+01
-1.005320003294996312e+01 7.559488592176889199e+01
-1.003511945729633581e+01 7.561872014840147926e+01
-1.001703888164271206e+01 7.534045108091802945e+01
-9.998958305989084749e+00 7.462932772168797158e+01
-9.980877730335457443e+00 7.343168192055550492e+01
-9.962797154681833689e+00 7.183715727917758898e+01
-9.944716579028206382e+00 7.010013883479659569e+01
-9.926636003374579076e+00 6.859945867089976446e+01
-9.908555427720955322e+00 6.774055008330661565e+01
-9.890474852067328015e+00 6.782710420730059298e+01
-9.872394276413700709e+00 6.894560151430364670e+01
-9.854313700760076955e+00 7.090802227911576949e+01
-9.836233125106449648e+00 7.328171691444232749e+01
-9.818152549452822342e+00 7.550430456021793191e+01
-9.800071973799198588e+00 7.704711775461434797e+01
-9.781991398145571281e+00 7.756873110673524252e+01
-9.763910822491947528e+00 7.700224466888211339e+01
-9.745830246838320221e+00 7.554678064687088579e+01
-9.727749671184692914e+00 7.357294981530318978e+01
-9.709669095531069161e+00 7.148516774531348972e+01
-9.691588519877441854e+00 6.959568265530704423e+01
-9.673507944223814548e+00 6.805263598265982239e+01
-9.655427368570190794e+00 6.683638950572725435e+01
-9.637346792916563487e+00 6.580991449120712389e+01
-9.619266217262936181e+00 6.479301204980838236e+01
-9.601185641609312427e+00 6.363081501582506405e+01
-9.583105065955685120e+00 6.223957641263202589e+01
-9.565024490302057814e+00 6.062742496151420823e+01
-9.546943914648434060e+00 5.889614641729598787e+01
-9.528863338994806753e+00 5.722974753257803116e+01
-9.510782763341179447e+00 5.587070053845305750e+01
-9.492702187687555693e+00 5.508208787429808950e+01
-9.474621612033928386e+00 5.509729489598954189e+01
-9.456541036380301080e+00 5.606659312937857464e+01
-9.438460460726677326e+00 5.801594248384569141e+01
-9.420379885073050019e+00 6.083223502954805184e+01
-9.402299309419426265e+00 6.428032530189942406e+01
-9.384218733765798959e+00 6.804513495382495591e+01
-9.366138158112171652e+00 7.178365729040139342e+01
-9.348057582458547898e+00 7.517133572735436076e+01
-9.329977006804920592e+00 7.793442669189379046e+01
-9.311896431151293285e+00 7.986926519337819741e+01
-9.293815855497669531e+00 8.085435767398897156e+01
-9.275735279844042225e+00 8.085883019485386569e+01
-9.257654704190414918e+00 7.994377135859865291e+01
-9.239574128536791164e+00 7.824854152509267635e+01
-9.221493552883163858e+00 7.595820038643354621e+01
-9.203412977229536551e+00 7.326012384362003615e+01
-9.185332401575912797e+00 7.030913050994146829e+01
-9.167251825922285491e+00 6.722048723083651112e+01
-9.149171250268658184e+00 6.409553039203024127e+01
-9.131090674615034430e+00 6.106353550712117340e+01
-9.113010098961407124e+00 5.831073950709210862e+01
-9.094929523307779817e+00 5.607296190730521346e+01
-9.076848947654156063e+00 5.458878622680266091e+01
-9.058768372000528757e+00 5.403192840449432310e+01
-9.040687796346901450e+00 5.445102646059942231e+01
-9.022607220693277696e+00 5.573951647971298939e+01
-9.004526645039650390e+00 5.764446333424259450e+01
-8.986446069386026636e+00 5.981040809086997001e+01
-8.968365493732399329e+00 6.184676525247981971e+01
-8.950284918078772023e+00 6.340383430976190482e+01
-8.932204342425148269e+00 6.424086102145645327e+01
-8.914123766771520962e+00 6.427019055158828564e+01
-8.896043191117893656e+00 6.356654980073214034e+01
-8.877962615464269902e+00 6.234020885275101165e+01
-8.859882039810642596e+00 6.088371536130709671e+01
-8.841801464157015289e+00 5.950862717313867734e+01
-8.823720888503391535e+00 5.848788569310639218e+01
-8.805640312849764229e+00 5.801274723035580649e+01
-8.787559737196136922e+00 5.816592445763151176e+01
-8.769479161542513168e+00 5.890987810492937626e+01
-8.751398585888885862e+00 6.009176021319887440e+01
-8.733318010235258555e+00 6.146995763716660122e+01
-8.715237434581634801e+00 6.276545003108734022e+01
-8.697156858928007495e+00 6.373176716508239537e+01
-8.679076283274380188e+00 6.422433725684796002e+01
-8.660995707620756434e+00 6.424246115595580875e+01
-8.642915131967129128e+00 6.392289723076260088e+01
-8.624834556313505374e+00 6.348350742223367860e+01
-8.606753980659878067e+00 6.313956806315744785e+01
-8.588673405006250761e+00 6.303025887379122594e+01
-8.570592829352627007e+00 6.318838690055977736e+01
-8.552512253698999700e+00 6.356347595061495781e+01
-8.534431678045372394e+00 6.407938414671899352e+01
-8.516351102391748640e+00 6.468947309916509880e+01
-8.498270526738121333e+00 6.539597197648677707e+01
-8.480189951084494027e+00 6.622355334081476030e+01
-8.462109375430870273e+00 6.716629248612494507e+01
-8.444028799777242966e+00 6.814458502384877647e+01
-8.425948224123615660e+00 6.900377586146167630e+01
-8.407867648469991906e+00 6.956205774922439389e+01
-8.389787072816364599e+00 6.968592133777464426e+01
-8.371706497162737293e+00 6.935411119797339552e+01
-8.353625921509113539e+00 6.867540236662378561e+01
-8.335545345855486232e+00 6.784871387602372295e+01
-8.317464770201858926e+00 6.708297055767148720e+01
-8.299384194548235172e+00 6.651325548483438865e+01
-8.281303618894607865e+00 6.615006616389628391e+01
-8.263223043240984111e+00 6.588149372374981283e+01
-8.245142467587356805e+00 6.552407685545001925e+01
-8.227061891933729498e+00 6.489907210571631424e+01
-8.208981316280105744e+00 6.390428402387782114e+01
-8.190900740626478438e+00 6.255728878805604865e+01
-8.172820164972851131e+00 6.099846669802965948e+01
-8.154739589319227377e+00 5.945559332537013830e+01
-8.136659013665600071e+00 5.818217484942314854e+01
-8.118578438011972764e+00 5.738827371764044472e+01
-8.100497862358349010e+00 5.718509660756324564e+01
-8.082417286704721704e+00 5.756214537376177276e+01
-8.064336711051094397e+00 5.840676000016821234e+01
-8.046256135397470644e+00 5.956055788676678731e+01
-8.028175559743843337e+00 6.088991249017097118e+01
-8.010094984090216030e+00 6.233690419783455638e+01
-7.992014408436591388e+00 6.392212830673228297e+01
-7.973933832782964082e+00 6.569364428090318597e+01
-7.955853257129336775e+00 6.764780969985875458e+01
-7.937772681475713021e+00 6.966944588486269652e+01
-7.919692105822085715e+00 7.153445050249787585e+01
-7.901611530168461961e+00 7.298573372420756300e+01
-7.883530954514834654e+00 7.384978802253978358e+01
-7.865450378861207348e+00 7.413246649957267209e+01
-7.847369803207583594e+00 7.403771365607781263e+01
-7.829289227553956287e+00 7.389107951128777074e+01
-7.811208651900328981e+00 7.399976643557967293e+01
-7.793128076246705227e+00 7.451453119601693231e+01
-7.775047500593077920e+00 7.535791089529593023e+01
-7.756966924939450614e+00 7.625006127399461775e+01
-7.738886349285826860e+00 7.681742371491868937e+01
-7.720805773632199553e+00 7.673450582474558246e+01
-7.702725197978572247e+00 7.584027599648156581e+01
-7.684644622324948493e+00 7.418778962046168601e+01
-7.666564046671321186e+00 7.201658221795005943e+01
-7.648483471017693880e+00 6.966689007097117781e+01
-7.630402895364070126e+00 6.747222480334983175e+01
-7.612322319710442819e+00 6.566879564654489343e+01
-7.594241744056815513e+00 6.434910087186575822e+01
-7.576161168403191759e+00 6.346833492971897783e+01
-7.558080592749564453e+00 6.289316630742538905e+01
-7.540000017095940699e+00 6.246975790176694687e+01
-7.521919441442313392e+00 6.208569724679856705e+01
-7.503838865788686086e+00 6.170786712489903181e+01
-7.485758290135062332e+00 6.138975999137606010e+01
-7.467677714481435025e+00 6.125110263668262434e+01
-7.449597138827807719e+00 6.143729629295035721e+01
-7.431516563174183965e+00 6.206804477334308956e+01
-7.413435987520556658e+00 6.318676283333221733e+01
-7.395355411866929352e+00 6.472499195993957244e+01
-7.377274836213305598e+00 6.649557647230699331e+01
-7.359194260559678291e+00 6.822151529105991585e+01
-7.341113684906050985e+00 6.959542353193681663e+01
-7.323033109252427231e+00 7.035313983078434319e+01
-7.304952533598799924e+00 7.034009589837290832e+01
-7.286871957945172618e+00 6.955222175392887607e+01
-7.268791382291548864e+00 6.814127595731332576e+01
-7.250710806637921557e+00 6.638328638166424867e+01
-7.232630230984294251e+00 6.461641232769132159e+01
-7.214549655330666944e+00 6.316164891507001045e+01
-7.196469079677046743e+00 6.224650410484749585e+01
-7.178388504023419436e+00 6.195517631129052916e+01
-7.160307928369792130e+00 6.222415125898100996e+01
-7.142227352716164823e+00 6.288744866184973858e+01
-7.124146777062537517e+00 6.375523591145494606e+01
-7.106066201408910210e+00 6.469302956196429477e+01
-7.087985625755290009e+00 6.566619118315743719e+01
-7.069905050101662702e+00 6.672932556998756581e+01
-7.051824474448035396e+00 6.796627944999448800e+01
-7.033743898794408089e+00 6.941065803162322823e+01
-7.015663323140780783e+00 7.098647155973712586e+01
-6.997582747487160582e+00 7.249867011877533685e+01
-6.979502171833533275e+00 7.367933524206605966e+01
-6.961421596179905968e+00 7.426978810143060628e+01
-6.943341020526278662e+00 7.410444721437707472e+01
-6.925260444872651355e+00 7.316469594915727725e+01
-6.907179869219024049e+00 7.158682422588648819e+01
-6.889099293565403848e+00 6.962764027252289623e+01
-6.871018717911776541e+00 6.760496878952042721e+01
-6.852938142258149234e+00 6.583348254318784143e+01
-6.834857566604521928e+00 6.457099735474375279e+01
-6.816776990950894621e+00 6.398195071898899045e+01
-6.798696415297267315e+00 6.411835348759935016e+01
-6.780615839643647114e+00 6.491617086806149928e+01
-6.762535263990019807e+00 6.620586057735344809e+01
-6.744454688336392501e+00 6.773706262325536898e+01
-6.726374112682765194e+00 6.921684669439454751e+01
-6.708293537029137887e+00 7.035778345469324790e+01
-6.690212961375510581e+00 7.092782652525517051e+01
-6.672132385721890380e+00 7.079132464414492176e+01
-6.654051810068263073e+00 6.993171804464762431e+01
-6.635971234414635767e+00 6.845164075065036968e+01
-6.617890658761008460e+00 6.655269129863178534e+01
-6.599810083107381153e+00 6.450159140428408477e+01
-6.581729507453760952e+00 6.259002453060472959e+01
-6.563648931800133646e+00 6.109329330894636456e+01
-6.545568356146506339e+00 6.023105252885500249e+01
-6.527487780492879033e+00 6.013392873137245687e+01
-6.509407204839251726e+00 6.082217400175287025e+01
-6.491326629185624419e+00 6.220354532639137801e+01
-6.473246053532004218e+00 6.409445547794894082e+01
-6.455165477878376912e+00 6.626117182480365386e+01
-6.437084902224749605e+00 6.847005325551276655e+01
-6.419004326571122299e+00 7.053224015078680509e+01
-6.400923750917494992e+00 7.233104175117379953e+01
-6.382843175263867685e+00 7.382742600851779002e+01
-6.364762599610247484e+00 7.504602770660346778e+01
-6.346682023956620178e+00 7.604782740636403560e+01
-6.328601448302992871e+00 7.689642738752726814e+01
-6.310520872649365565e+00 7.762497496067935288e+01
-6.292440296995738258e+00 7.821151236475344604e+01
-6.274359721342110952e+00 7.857075854992706354e+01
-6.256279145688490750e+00 7.856811630402957292e+01
-6.238198570034863444e+00 7.805648272077928596e+01
-6.220117994381236137e+00 7.692943157200210180e+01
-6.202037418727608831e+00 7.517736649208198685e+01
-6.183956843073981524e+00 7.292818401637336478e+01
-6.165876267420361323e+00 7.045338681562468253e+01
-6.147795691766734016e+00 6.812757456192498751e+01
-6.129715116113106710e+00 6.634485296075500571e+01
-6.111634540459479403e+00 6.541540932038984124e+01
-6.093553964805852097e+00 6.547923173353605364e+01
-6.075473389152224790e+00 6.647175225169765156e+01
-6.057392813498604589e+00 6.815606781255199564e+01
-6.039312237844977282e+00 7.020751539289676657e+01
-6.021231662191349976e+00 7.231414422651299390e+01
-6.003151086537722669e+00 7.425273179549343183e+01
-5.985070510884095363e+00 7.591510226124002259e+01
-5.966989935230468056e+00 7.728383231000974263e+01
-5.948909359576847855e+00 7.837697991139661724e+01
-5.930828783923220549e+00 7.919002909663055334e+01
-5.912748208269593242e+00 7.965952113159232795e+01
-5.894667632615965935e+00 7.966187354472145898e+01
-5.876587056962338629e+00 7.904809722630780300e+01
-5.858506481308718428e+00 7.770343338663910515e+01
-5.840425905655091121e+00 7.561161992395851428e+01
-5.822345330001463815e+00 7.289873114376688079e+01
-5.804264754347836508e+00 6.983499772848718123e+01
-5.786184178694209201e+00 6.678693446425076274e+01
-5.768103603040581895e+00 6.413306751465721334e+01
-5.750023027386961694e+00 6.217470061637936851e+01
-5.731942451733334387e+00 6.107722278959861484e+01
-5.713861876079707081e+00 6.086286656946080598e+01
-5.695781300426079774e+00 6.144947970895901079e+01
-5.677700724772452467e+00 6.270699786009534904e+01
-5.659620149118825161e+00 6.449779943557493311e+01
-5.641539573465204960e+00 6.668217050834662984e+01
-5.623458997811577653e+00 6.909583994851040245e+01
-5.605378422157950347e+00 7.152646980345552663e+01
-5.587297846504323040e+00 7.371770533143073578e+01
-5.569217270850695733e+00 7.541235322611234437e+01
-5.551136695197068427e+00 7.642154096170291666e+01
-5.533056119543448226e+00 7.668936254130909447e+01
-5.514975543889820919e+00 7.632201197406476467e+01
-5.496894968236193613e+00 7.556568232758603187e+01
-5.478814392582566306e+00 7.473924499226970397e+01
-5.460733816928939000e+00 7.414509157006423834e+01
-5.442653241275318798e+00 7.398799658583718042e+01
-5.424572665621691492e+00 7.432679278716878457e+01
-5.406492089968064185e+00 7.507047053216302857e+01
-5.388411514314436879e+00 7.601431971987079805e+01
-5.370330938660809572e+00 7.689888732094664192e+01
-5.352250363007182266e+00 7.747010981922150563e+01
-5.334169787353562064e+00 7.752497116410737021e+01
-5.316089211699934758e+00 7.693957354645708335e+01
-5.298008636046307451e+00 7.568678423748607997e+01
-5.279928060392680145e+00 7.385055839332233063e+01
-5.261847484739052838e+00 7.163333980950129387e+01
-5.243766909085425532e+00 6.934116488533524603e+01
-5.225686333431805330e+00 6.733119302243126469e+01
-5.207605757778178024e+00 6.592356003311539325e+01
-5.189525182124550717e+00 6.530461228475188307e+01
-5.171444606470923411e+00 6.546337327265250394e+01
-5.153364030817296104e+00 6.619389495112709199e+01
-5.135283455163675903e+00 6.716582094422247451e+01
-5.117202879510048597e+00 6.803249580133737595e+01
-5.099122303856421290e+00 6.853083720130706524e+01
-5.081041728202793983e+00 6.853754126916456357e+01
-5.062961152549166677e+00 6.807235851051964914e+01
-5.044880576895539370e+00 6.726322940124590843e+01
-5.026800001241919169e+00 6.629738919057045621e+01
-5.008719425588291863e+00 6.537690081540355891e+01
-4.990638849934664556e+00 6.468528760796861832e+01
-4.972558274281037249e+00 6.436337943328481970e+01
-4.954477698627409943e+00 6.449093076094636956e+01
-4.936397122973782636e+00 6.507389454557650765e+01
-4.918316547320162435e+00 6.604093987043160041e+01
-4.900235971666535129e+00 6.725355989676097579e+01
-4.882155396012907822e+00 6.853127487177057731e+01
-4.864074820359280515e+00 6.968853675244398005e+01
-4.845994244705653209e+00 7.057534542105969422e+01
-4.827913669052025902e+00 7.111117244629630818e+01
-4.809833093398405701e+00 7.130242183127823807e+01
-4.791752517744778395e+00 7.123743029229841284e+01
-4.773671942091151088e+00 7.105952647535850986e+01
-4.755591366437523781e+00 7.092657919941163414e+01
-4.737510790783896475e+00 7.097165397923896535e+01
-4.719430215130276274e+00 7.127954599378283262e+01
-4.701349639476648967e+00 7.188557157659164432e+01
-4.683269063823021661e+00 7.278912696460943721e+01
-4.665188488169394354e+00 7.396408214912894152e+01
-4.647107912515767048e+00 7.535040116449920333e+01
-4.629027336862139741e+00 7.682796972024840443e+01
-4.610946761208519540e+00 7.819429277392652011e+01
-4.592866185554892233e+00 7.917623118605517618e+01
-4.574785609901264927e+00 7.949214244276107877e+01
-4.556705034247637620e+00 7.895008221366376233e+01
-4.538624458594010314e+00 7.753929446357483357e+01
-4.520543882940383007e+00 7.546630656000937165e+01
-4.502463307286762806e+00 7.311026960090184446e+01
-4.484382731633135499e+00 7.091234464845787500e+01
-4.466302155979508193e+00 6.924704179844233920e+01
-4.448221580325880886e+00 6.832966374275926569e+01
-4.430141004672253580e+00 6.819055041305685450e+01
-4.412060429018626273e+00 6.870940866993564100e+01
-4.393979853365006072e+00 6.967533623512633767e+01
-4.375899277711378765e+00 7.083613635844817225e+01
-4.357818702057751459e+00 7.192210823229973471e+01
-4.339738126404124152e+00 7.265692191429246805e+01
-4.321657550750496846e+00 7.278103276864614202e+01
-4.303576975096876644e+00 7.210264631073307839e+01
-4.285496399443249338e+00 7.056584856762538038e+01
-4.267415823789622031e+00 6.830369208820836491e+01
-4.249335248135994725e+00 6.564131426038458983e+01
-4.231254672482367418e+00 6.303334918967154721e+01
-4.213174096828740112e+00 6.095041361609266772e+01
-4.195093521175119911e+00 5.975463173208513012e+01
-4.177012945521492604e+00 5.961070755746854388e+01
-4.158932369867865297e+00 6.046357032811501853e+01
-4.140851794214237991e+00 6.208391371503567768e+01
-4.122771218560610684e+00 6.415402267678959447e+01
-4.104690642906983378e+00 6.635275474260214423e+01
-4.086610067253363177e+00 6.840684469073966056e+01
-4.068529491599735870e+00 7.010019828373685868e+01
-4.050448915946108563e+00 7.125867460881867999e+01
-4.032368340292481257e+00 7.173951727151570879e+01
-4.014287764638853950e+00 7.144541884616278082e+01
-3.996207188985233749e+00 7.035987739262519369e+01
-3.978126613331606443e+00 6.857924633264514114e+01
-3.960046037677979136e+00 6.631301512186215064e+01
-3.941965462024351829e+00 6.384114367463102013e+01
-3.923884886370724523e+00 6.144441758945583842e+01
-3.905804310717097216e+00 5.934159529097437513e+01
-3.887723735063477015e+00 5.766218817809753716e+01
-3.869643159409849709e+00 5.645897767432497716e+01
-3.851562583756222402e+00 5.573783233879389343e+01
-3.833482008102595096e+00 5.547402579689843094e+01
-3.815401432448967789e+00 5.560058629904420968e+01
-3.797320856795340482e+00 5.598262259620678805e+01
-3.779240281141720281e+00 5.640944543707914960e+01
-3.761159705488092975e+00 5.662830518497840870e+01
-3.743079129834465668e+00 5.641392967804694791e+01
-3.724998554180838362e+00 5.563820116239216418e+01
-3.706917978527211055e+00 5.429726017215508449e+01
-3.688837402873583748e+00 5.247631871135298809e+01
-3.670756827219963547e+00 5.027103877486710815e+01
-3.652676251566336241e+00 4.771239783414561231e+01
-3.634595675912708934e+00 4.474050880429692967e+01
-3.616515100259081628e+00 4.124321066053529705e+01
-3.598434524605454321e+00 3.713722336394062040e+01
-3.580353948951834120e+00 3.244690757023977312e+01
-3.562273373298206813e+00 2.733984167216497241e+01
-3.544192797644579507e+00 2.210356574870318269e+01
-3.526112221990952200e+00 1.707709651404605466e+01
-3.508031646337324894e+00 1.256855266631306378e+01
-3.489951070683697587e+00 8.790428233389720347e+00
-3.471870495030077386e+00 5.830898647589470407e+00
-3.453789919376450079e+00 3.662311061273491930e+00
-3.435709343722822773e+00 2.175022866071749661e+00
-3.417628768069195466e+00 1.219913399220613925e+00
-3.399548192415568160e+00 6.454698743979929709e-01
-3.381467616761940853e+00 3.218691762007928059e-01
-3.363387041108320652e+00 1.511329387070690089e-01
-3.345306465454693345e+00 6.676945595336172823e-02
-3.327225889801066039e+00 2.773567535222843869e-02
-3.309145314147438732e+00 1.082637907672582417e-02
-3.291064738493811426e+00 3.969062886565680008e-03
-3.272984162840191225e+00 1.366034926705705791e-03
-3.254903587186563918e+00 4.412068413950834115e-04
-3.236823011532936611e+00 1.336879128894663136e-04
-3.218742435879309305e+00 3.799237187014245872e-05
-3.200661860225681998e+00 1.012415703284813025e-05
-3.182581284572054692e+00 2.529295303820975757e-06
-3.164500708918434491e+00 5.923140943429364453e-07
-3.146420133264807184e+00 1.300054655611545608e-07
-3.128339557611179877e+00 2.674132493116352702e-08
-3.110258981957552571e+00 5.154407390778105170e-09
-3.092178406303925264e+00 9.309330352312035838e-10
-3.074097830650300622e+00 1.575349342127449237e-10
