# E-EF(eV) DOS(states/eV)
-3.280822118101778528e+01 1.567086653101866738e-10
-3.279240992985788949e+01 7.428647502798652087e-10
-3.277659867869800081e+01 3.349748050684404830e-09
-3.276078742753811213e+01 1.436812797730833753e-08
-3.274497617637822344e+01 5.862378902996922835e-08
-3.272916492521832765e+01 2.275271539799821755e-07
-3.271335367405843897e+01 8.399979705735703181e-07
-3.269754242289855029e+01 2.949910853237453617e-06
-3.268173117173865450e+01 9.854286831254590169e-06
-3.266591992057876581e+01 3.131317890872430511e-05
-3.265010866941887713e+01 9.464872588688095058e-05
-3.263429741825898134e+01 2.721372785812880700e-04
-3.261848616709909265e+01 7.442981774046600893e-04
-3.260267491593920397e+01 1.936384182402981586e-03
-3.258686366477931529e+01 4.792054518824320763e-03
-3.257105241361941950e+01 1.128074099366866735e-02
-3.255524116245953081e+01 2.526033816893734005e-02
-3.253942991129964213e+01 5.380546017500376088e-02
-3.252361866013974634e+01 1.090182491093858314e-01
-3.250780740897985766e+01 2.101153254126812142e-01
-3.249199615781996897e+01 3.852139072156448574e-01
-3.247618490666008029e+01 6.717875342850305742e-01
-3.246037365550018450e+01 1.114417175990429776e+00
-3.244456240434029581e+01 1.758529996577943511e+00
-3.242875115318040713e+01 2.639601940119232992e+00
-3.241293990202051134e+01 3.768902891962758517e+00
-3.239712865086062266e+01 5.118961204990082337e+00
-3.238131739970073397e+01 6.613700966998640851e+00
-3.236550614854083818e+01 8.128582335353360833e+00
-3.234969489738094950e+01 9.504248647790676685e+00
-3.233388364622106081e+01 1.057322927911241450e+01
-3.231807239506117213e+01 1.119439750271352452e+01
-3.230226114390127634e+01 1.128616781607640007e+01
-3.228644989274138766e+01 1.084871010585267470e+01
-3.227063864158149897e+01 9.968409233531529523e+00
-3.225482739042160318e+01 8.803327755818493472e+00
-3.223901613926171450e+01 7.554177426219732538e+00
-3.222320488810182582e+01 6.428859227451060754e+00
-3.220739363694193003e+01 5.608811364160637858e+00
-3.219158238578204134e+01 5.222820505895791499e+00
-3.217577113462215266e+01 5.330501443328665268e+00
-3.215995988346226397e+01 5.915288167046892198e+00
-3.214414863230236818e+01 6.886339232481791583e+00
-3.212833738114247950e+01 8.089557944377743226e+00
-3.211252612998259082e+01 9.328358681592034074e+00
-3.209671487882269503e+01 1.039353997399663321e+01
-3.208090362766280634e+01 1.109860545615898886e+01
-3.206509237650291766e+01 1.131352901826602242e+01
-3.204928112534302898e+01 1.098838743961179354e+01
-3.203346987418313319e+01 1.015994876640846556e+01
-3.201765862302324450e+01 8.939045746872018583e+00
-3.200184737186335582e+01 7.482542977811917240e+00
-3.198603612070346003e+01 5.958360371215873030e+00
-3.197022486954357134e+01 4.513419432511819984e+00
-3.195441361838367911e+01 3.252202553191386958e+00
-3.193860236722378687e+01 2.229146080467358182e+00
-3.192279111606389819e+01 1.453405184732587507e+00
-3.190697986490400595e+01 9.014077081433288230e-01
-3.189116861374411727e+01 5.317920294356833777e-01
-3.187535736258422503e+01 2.984339253646727252e-01
-3.185954611142433279e+01 1.593089904194420203e-01
-3.184373486026444411e+01 8.089432738347197838e-02
-3.182792360910455187e+01 3.907343014196524439e-02
-3.181211235794466319e+01 1.795274428038444101e-02
-3.179630110678477095e+01 7.846346462572395888e-03
-3.178048985562487871e+01 3.262162892339021125e-03
-3.176467860446499003e+01 1.290565228491821629e-03
-3.174886735330509779e+01 4.872637886967774701e-04
-3.173305610214520911e+01 1.804103790277945991e-04
-3.171724485098531687e+01 8.094728323325311764e-05
-3.170143359982542819e+01 8.621174553535767031e-05
-3.168562234866553595e+01 2.018274426958754724e-04
-3.166981109750564372e+01 5.461640133486853543e-04
-3.165399984634575503e+01 1.439541337536553523e-03
-3.163818859518586279e+01 3.618430358472557364e-03
-3.162237734402597411e+01 8.654296109555996777e-03
-3.160656609286608187e+01 1.969070506851999802e-02
-3.159075484170618964e+01 4.261940190922224037e-02
-3.157494359054630095e+01 8.775723239344579429e-02
-3.155913233938640872e+01 1.719129499998547639e-01
-3.154332108822652003e+01 3.204165391840420041e-01
-3.152750983706662780e+01 5.682597705970268143e-01
-3.151169858590673556e+01 9.591150883385606285e-01
-3.149588733474684688e+01 1.540932120178350129e+00
-3.148007608358695464e+01 2.357368871363556551e+00
-3.146426483242706595e+01 3.435662212475482757e+00
-3.144845358126717372e+01 4.773463857386746945e+00
-3.143264233010728148e+01 6.328943236488196789e+00
-3.141683107894739280e+01 8.019021402039328450e+00
-3.140101982778750056e+01 9.729042643358599918e+00
-3.138520857662761188e+01 1.133343281175550210e+01
-3.136939732546771964e+01 1.272210913504869545e+01
-3.135358607430782740e+01 1.382378710482992901e+01
-3.133777482314793872e+01 1.461708975539280964e+01
-3.132196357198804648e+01 1.512440964922736519e+01
-3.130615232082815780e+01 1.539054031302477732e+01
-3.129034106966826556e+01 1.545504191469401079e+01
-3.127452981850837688e+01 1.533061774982677861e+01
-3.125871856734848464e+01 1.499750127471570416e+01
-3.124290731618859240e+01 1.441682720360013725e+01
-3.122709606502870372e+01 1.355750197301447635e+01
-3.121128481386881148e+01 1.242524522053113856e+01
-3.119547356270892280e+01 1.108185100126732614e+01
-3.117966231154903056e+01 9.647180951170929220e+00
-3.116385106038913833e+01 8.283378080584647307e+00
-3.114803980922924964e+01 7.166887820328715186e+00
-3.113222855806935740e+01 6.456753413053505142e+00
-3.111641730690946872e+01 6.267023553595945984e+00
-3.110060605574957648e+01 6.648381103772080358e+00
-3.108479480458968425e+01 7.581131705688691547e+00
-3.106898355342979556e+01 8.979576211149799647e+00
-3.105317230226990333e+01 1.070647708511462959e+01
-3.103736105111001464e+01 1.259516091796692727e+01
-3.102154979995012241e+01 1.447543103568975553e+01
-3.100573854879023017e+01 1.619834593891631869e+01
-3.098992729763034149e+01 1.765496107648715807e+01
-3.097411604647044925e+01 1.878584039643015657e+01
-3.095830479531056056e+01 1.958098722125651392e+01
-3.094249354415066833e+01 2.007243729692333645e+01
-3.092668229299077609e+01 2.032280746557918150e+01
-3.091087104183088741e+01 2.041236222084582153e+01
-3.089505979067099517e+01 2.042563922815886457e+01
-3.087924853951110649e+01 2.043779073363644372e+01
-3.086343728835121425e+01 2.050127389569858138e+01
-3.084762603719132557e+01 2.063483336221399611e+01
-3.083181478603143333e+01 2.081757861794353914e+01
-3.081600353487154109e+01 2.099041022399203626e+01
-3.080019228371165241e+01 2.106521930896280992e+01
-3.078438103255176017e+01 2.094019797628409663e+01
-3.076856978139186793e+01 2.051828972126332218e+01
-3.075275853023197925e+01 1.972555757197994097e+01
-3.073694727907208701e+01 1.852657605468387914e+01
-3.072113602791219833e+01 1.693429490657851844e+01
-3.070532477675230609e+01 1.501215995832343708e+01
-3.068951352559241741e+01 1.286713106789409089e+01
-3.067370227443252517e+01 1.063404080929813844e+01
-3.065789102327263294e+01 8.454201341638002631e+00
-3.064207977211274425e+01 6.453251948098279733e+00
-3.062626852095285201e+01 4.723799278981492655e+00
-3.061045726979296333e+01 3.316978058118239314e+00
-3.059464601863307109e+01 2.244214615678179925e+00
-3.057883476747317886e+01 1.487438908371318202e+00
-3.056302351631329017e+01 1.013922739026624997e+00
-3.054721226515339794e+01 7.913260522693017496e-01
-3.053140101399350925e+01 7.991664887377435411e-01
-3.051558976283361702e+01 1.034166415973545972e+00
-3.049977851167372478e+01 1.508266824806097528e+00
-3.048396726051383610e+01 2.239407746489233908e+00
-3.046815600935394386e+01 3.236631447508146575e+00
-3.045234475819405517e+01 4.482768523705814800e+00
-3.043653350703416294e+01 5.919596299251540295e+00
-3.042072225587427425e+01 7.441112994473291664e+00
-3.040491100471438202e+01 8.899535774924183684e+00
-3.038909975355448978e+01 1.012541880038165232e+01
-3.037328850239460110e+01 1.095856797797907589e+01
-3.035747725123470886e+01 1.128192570315013299e+01
-3.034166600007481662e+01 1.104839625382319568e+01
-3.032585474891492794e+01 1.029203345812281256e+01
-3.031004349775503570e+01 9.119874863455265768e+00
-3.029423224659514702e+01 7.687095027105890210e+00
-3.027842099543525478e+01 6.163413164754779849e+00
-3.026260974427536610e+01 4.700737164143476754e+00
-3.024679849311547386e+01 3.410329246051664320e+00
-3.023098724195558162e+01 2.353489705127640885e+00
-3.021517599079569294e+01 1.544948293730994848e+00
-3.019936473963580070e+01 9.647199237195589472e-01
-3.018355348847591202e+01 5.730258303867257208e-01
-3.016774223731601978e+01 3.237671655485869771e-01
-3.015193098615612755e+01 1.740111432993053653e-01
-3.013611973499623886e+01 8.896249942308902259e-02
-3.012030848383634662e+01 4.326359416210025927e-02
-3.010449723267645794e+01 2.001355958124503495e-02
-3.008868598151656570e+01 8.806756582251891452e-03
-3.007287473035667347e+01 3.686649961966207388e-03
-3.005706347919678478e+01 1.469207757776277209e-03
-3.004125222803689255e+01 5.610151108718187734e-04
-3.002544097687700386e+01 2.170225273976431730e-04
-3.000962972571711163e+01 1.206772158608022385e-04
-2.999381847455722294e+01 1.761724525349074892e-04
-2.997800722339733070e+01 4.392835470873316566e-04
-2.996219597223743847e+01 1.158197666755949196e-03
-2.994638472107754978e+01 2.941689263182291000e-03
-2.993057346991765755e+01 7.117766988668852712e-03
-2.991476221875776531e+01 1.638695598061626693e-02
-2.989895096759787663e+01 3.589401635845330951e-02
-2.988313971643798439e+01 7.480630728797328655e-02
-2.986732846527809571e+01 1.483499128464402517e-01
-2.985151721411820347e+01 2.799796007257767672e-01
-2.983570596295831479e+01 5.029613451288464931e-01
-2.981989471179842255e+01 8.602430545985926269e-01
-2.980408346063853031e+01 1.401316998229759525e+00
-2.978827220947864163e+01 2.175134752304878294e+00
-2.977246095831874939e+01 3.219221617852417783e+00
-2.975664970715886071e+01 4.546833334349936528e+00
-2.974083845599896847e+01 6.135722925300282959e+00
-2.972502720483907623e+01 7.922901515685687457e+00
-2.970921595367918755e+01 9.808818815835728344e+00
-2.969340470251929531e+01 1.167147699346062240e+01
-2.967759345135940663e+01 1.338705091656807156e+01
-2.966178220019951439e+01 1.485046819663608808e+01
-2.964597094903962216e+01 1.598899081474171879e+01
-2.963015969787973347e+01 1.676486388594341648e+01
-2.961434844671984123e+01 1.716838866457518264e+01
-2.959853719555995255e+01 1.720763451274199696e+01
-2.958272594440006031e+01 1.690262616576451293e+01
-2.956691469324017163e+01 1.628902714141747055e+01
-2.955110344208027939e+01 1.543034949969145053e+01
-2.953529219092038716e+01 1.443167347885355056e+01
-2.951948093976049847e+01 1.344499916655594340e+01
-2.950366968860060624e+01 1.265826871666958731e+01
-2.948785843744071400e+01 1.226599990854166933e+01
-2.947204718628082531e+01 1.242680223817244567e+01
-2.945623593512093308e+01 1.321888342458266763e+01
-2.944042468396104439e+01 1.460696434953736933e+01
-2.942461343280115216e+01 1.643216998452874122e+01
-2.940880218164126347e+01 1.843104133748321516e+01
-2.939299093048137124e+01 2.028221807941513433e+01
-2.937717967932147900e+01 2.167147452341276548e+01
-2.936136842816159032e+01 2.235981019283379823e+01
-2.934555717700169808e+01 2.223718106724113852e+01
-2.932974592584180940e+01 2.134732263924304974e+01
-2.931393467468191716e+01 1.987655784102737755e+01
-2.929812342352202492e+01 1.810944234079054738e+01
-2.928231217236213624e+01 1.636347431056298163e+01
-2.926650092120224400e+01 1.492087431067741399e+01
-2.925068967004235532e+01 1.397579873322200328e+01
-2.923487841888246308e+01 1.361021239820145290e+01
-2.921906716772257084e+01 1.380259457303735360e+01
-2.920325591656268216e+01 1.446339424699615606e+01
-2.918744466540278992e+01 1.548281381331344164e+01
-2.917163341424290124e+01 1.677286461091009429e+01
-2.915582216308300900e+01 1.828827446460123340e+01
-2.914001091192312032e+01 2.001929275705828459e+01
-2.912419966076322808e+01 2.196095160376568600e+01
-2.910838840960333584e+01 2.407345062781719847e+01
-2.909257715844344716e+01 2.625265217238288074e+01
-2.907676590728355492e+01 2.832602079343650914e+01
-2.906095465612366269e+01 3.007907413653350304e+01
-2.904514340496377400e+01 3.130500208585524646e+01
-2.902933215380388177e+01 3.186096831668222151e+01
-2.901352090264399308e+01 3.171234988586722281e+01
-2.899770965148410085e+01 3.095095154909441248e+01
-2.898189840032421216e+01 2.978211734190863424e+01
-2.896608714916431992e+01 2.848464944773514773e+01
-2.895027589800442769e+01 2.735367537960250672e+01
-2.893446464684453900e+01 2.663933782814580553e+01
-2.891865339568464677e+01 2.649416184202452484e+01
-2.890284214452475808e+01 2.694005294688905039e+01
-2.888703089336486585e+01 2.786229563657884611e+01
-2.887121964220497361e+01 2.903253806959735428e+01
-2.885540839104508493e+01 3.015612464177488050e+01
-2.883959713988519269e+01 3.093301965641933293e+01
-2.882378588872530401e+01 3.111825405150305812e+01
-2.880797463756541177e+01 3.056877750237854130e+01
-2.879216338640551953e+01 2.926834463920711471e+01
-2.877635213524563085e+01 2.732837310124421393e+01
-2.876054088408573861e+01 2.496791053754270706e+01
-2.874472963292584993e+01 2.247839048683402652e+01
-2.872891838176595769e+01 2.017903520022078823e+01
-2.871310713060606901e+01 1.836815513024517799e+01
-2.869729587944617677e+01 1.727573694605079524e+01
-2.868148462828628453e+01 1.702395185631425534e+01
-2.866567337712639585e+01 1.760346301856857920e+01
-2.864986212596650361e+01 1.887286161347158142e+01
-2.863405087480661138e+01 2.058490420353182415e+01
-2.861823962364672269e+01 2.243663451245183182e+01
-2.860242837248683045e+01 2.413287515471418843e+01
-2.858661712132694177e+01 2.544699818252895085e+01
-2.857080587016704953e+01 2.626213068207180967e+01
-2.855499461900716085e+01 2.658115219068155355e+01
-2.853918336784726861e+01 2.650361918219397239e+01
-2.852337211668737638e+01 2.617856608965436394e+01
-2.850756086552748769e+01 2.574976455764854322e+01
-2.849174961436759546e+01 2.531152688214952917e+01
-2.847593836320770322e+01 2.488819780994250763e+01
-2.846012711204781453e+01 2.444141424708312726e+01
-2.844431586088792585e+01 2.389971227733876447e+01
-2.842850460972803361e+01 2.319842636859479867e+01
-2.841269335856814138e+01 2.231574861936013576e+01
-2.839688210740825269e+01 2.129318476136970872e+01
-2.838107085624836046e+01 2.023413563902236945e+01
-2.836525960508846822e+01 1.928115439954622801e+01
-2.834944835392857954e+01 1.857875988789440669e+01
-2.833363710276868730e+01 1.823287344524791109e+01
-2.831782585160879862e+01 1.827877333925634318e+01
-2.830201460044890638e+01 1.866661311977576787e+01
-2.828620334928901769e+01 1.926798170769037455e+01
-2.827039209812912546e+01 1.990073723523076055e+01
-2.825458084696923322e+01 2.036469826640045611e+01
-2.823876959580934454e+01 2.047913270817313958e+01
-2.822295834464945230e+01 2.011426607445566717e+01
-2.820714709348956006e+01 1.921195026085864654e+01
-2.819133584232967138e+01 1.779364929505680593e+01
-2.817552459116977914e+01 1.595611372514396642e+01
-2.815971334000989046e+01 1.385651811513718812e+01
-2.814390208884999822e+01 1.168983651368836085e+01
-2.812809083769010954e+01 9.662025132554713736e+00
-2.811227958653021730e+01 7.962931697505062800e+00
-2.809646833537032506e+01 6.742422056592751289e+00
-2.808065708421043638e+01 6.092081045896175162e+00
-2.806484583305054414e+01 6.033625681238855343e+00
-2.804903458189065191e+01 6.514601585458104971e+00
-2.803322333073076322e+01 7.412214651695862244e+00
-2.801741207957087454e+01 8.546624666146518834e+00
-2.800160082841098230e+01 9.704568697258221022e+00
-2.798578957725109007e+01 1.067205857490094445e+01
-2.796997832609120138e+01 1.127151246160609155e+01
-2.795416707493130914e+01 1.139558594655635204e+01
-2.793835582377141691e+01 1.102903251088971359e+01
-2.792254457261152822e+01 1.025215925789410853e+01
-2.790673332145163599e+01 9.224272436925506469e+00
-2.789092207029174730e+01 8.150993168212318452e+00
-2.787511081913185507e+01 7.243259342645379739e+00
-2.785929956797196638e+01 6.676957755240828796e+00
-2.784348831681207415e+01 6.560701694231547698e+00
-2.782767706565218191e+01 6.916607699014510224e+00
-2.781186581449229323e+01 7.676379204584563354e+00
-2.779605456333240099e+01 8.693070092996618925e+00
-2.778024331217250875e+01 9.767137150335596374e+00
-2.776443206101262007e+01 1.068313031171292948e+01
-2.774862080985272783e+01 1.125062355811091663e+01
-2.773280955869283915e+01 1.134079263032591811e+01
-2.771699830753294691e+01 1.090992012154939594e+01
-2.770118705637305823e+01 1.000397870787987209e+01
-2.768537580521316599e+01 8.743783012609561922e+00
-2.766956455405327375e+01 7.296054870595020780e+00
-2.765375330289338507e+01 5.839678333698702595e+00
-2.763794205173349283e+01 4.536799207526485134e+00
-2.762213080057360060e+01 3.515263682062166772e+00
-2.760631954941371191e+01 2.863773934945720523e+00
-2.759050829825382323e+01 2.636352276092928992e+00
-2.757469704709393099e+01 2.860146566667360446e+00
-2.755888579593403875e+01 3.541028098041260286e+00
-2.754307454477415007e+01 4.664271427977074502e+00
-2.752726329361425783e+01 6.191359405093981749e+00
-2.751145204245436560e+01 8.056821468451691004e+00
-2.749564079129447691e+01 1.016960066567712495e+01
-2.747982954013458468e+01 1.242138200624901501e+01
-2.746401828897469599e+01 1.470051739246669520e+01
-2.744820703781480375e+01 1.690658192858902353e+01
-2.743239578665491507e+01 1.895927945345409071e+01
-2.741658453549502283e+01 2.079748785030559333e+01
-2.740077328433513060e+01 2.236903402934103724e+01
-2.738496203317524191e+01 2.361701131831300415e+01
-2.736915078201534968e+01 2.447127954692345853e+01
-2.735333953085545744e+01 2.485243062838532424e+01
-2.733752827969556876e+01 2.469025412478352521e+01
-2.732171702853567652e+01 2.395189540253828397e+01
-2.730590577737578784e+01 2.266959980056737933e+01
-2.729009452621589560e+01 2.095660294193413975e+01
-2.727428327505600691e+01 1.900298542246766687e+01
-2.725847202389611468e+01 1.704985543087021682e+01
-2.724266077273622244e+01 1.534754493542091325e+01
-2.722684952157633376e+01 1.410897122660867886e+01
-2.721103827041644152e+01 1.347109532921442288e+01
-2.719522701925654928e+01 1.347496479583892359e+01
-2.717941576809666060e+01 1.406897360876752678e+01
-2.716360451693677192e+01 1.513260752676226772e+01
-2.714779326577687968e+01 1.651154905182881905e+01
-2.713198201461698744e+01 1.805191156200592673e+01
-2.711617076345709876e+01 1.962284832609240581e+01
-2.710035951229720652e+01 2.112241232603910746e+01
-2.708454826113731428e+01 2.246910006470032783e+01
-2.706873700997742560e+01 2.358775156321384259e+01
-2.705292575881753336e+01 2.440056885779276286e+01
-2.703711450765764468e+01 2.483093949477865436e+01
-2.702130325649775244e+01 2.482089155450589857e+01
-2.700549200533786376e+01 2.435554410432459704e+01
-2.698968075417797152e+01 2.348334188212632512e+01
-2.697386950301807929e+01 2.232135601345555642e+01
-2.695805825185819060e+01 2.104039292481961354e+01
-2.694224700069829836e+01 1.983276624281552003e+01
-2.692643574953840613e+01 1.887283424987610303e+01
-2.691062449837851744e+01 1.828358234797167015e+01
-2.689481324721862521e+01 1.812015480222596864e+01
-2.687900199605873652e+01 1.837428614721476450e+01
-2.686319074489884429e+01 1.899513842007575093e+01
-2.684737949373895560e+01 1.991594320106545624e+01
-2.683156824257906337e+01 2.107479989019363487e+01
-2.681575699141917113e+01 2.242223147485826473e+01
-2.679994574025928245e+01 2.391528458662902779e+01
-2.678413448909939021e+01 2.550440566082967564e+01
-2.676832323793949797e+01 2.712201570443921383e+01
-2.675251198677960929e+01 2.867980935593564951e+01
-2.673670073561972060e+01 3.007687011673687394e+01
-2.672088948445982837e+01 3.121553704915917393e+01
-2.670507823329993613e+01 3.201901053338798420e+01
-2.668926698214004745e+01 3.244483497427117413e+01
-2.667345573098015521e+01 3.249087423674380659e+01
-2.665764447982026297e+01 3.219353427929924294e+01
-2.664183322866037429e+01 3.162024604401737804e+01
-2.662602197750048205e+01 3.085887951612657787e+01
-2.661021072634059337e+01 3.000605095757346774e+01
-2.659439947518070113e+01 2.915508061546927721e+01
-2.657858822402081245e+01 2.838364058448869898e+01
-2.656277697286092021e+01 2.774148862555799511e+01
-2.654696572170102797e+01 2.723999100856278233e+01
-2.653115447054113929e+01 2.684658379751389390e+01
-2.651534321938124705e+01 2.648779445227470219e+01
-2.649953196822135482e+01 2.606313724278352240e+01
-2.648372071706146613e+01 2.546912084237165885e+01
-2.646790946590157390e+01 2.462872715440936489e+01
-2.645209821474168521e+01 2.351860123958811144e+01
-2.643628696358179297e+01 2.218534508973388952e+01
-2.642047571242190429e+01 2.074452379191779983e+01
-2.640466446126201205e+01 1.936091429451763091e+01
-2.638885321010211982e+01 1.821461972016523134e+01
-2.637304195894223113e+01 1.746265748580855259e+01
-2.635723070778233890e+01 1.720733947223574489e+01
-2.634141945662244666e+01 1.748016954926823274e+01
-2.632560820546255798e+01 1.824393078870111395e+01
-2.630979695430266574e+01 1.940874389889972917e+01
-2.629398570314277706e+01 2.085343844408745895e+01
-2.627817445198288482e+01 2.244382088303540002e+01
-2.626236320082299613e+01 2.404412598057614403e+01
-2.624655194966310390e+01 2.552429532003838375e+01
-2.623074069850321166e+01 2.676977487319798144e+01
-2.621492944734332298e+01 2.769943054362364521e+01
-2.619911819618343074e+01 2.829106037319560940e+01
-2.618330694502354206e+01 2.860607038212856423e+01
-2.616749569386364982e+01 2.879986054541182483e+01
-2.615168444270376114e+01 2.910587237089146839e+01
-2.613587319154386890e+01 2.978944718726786789e+01
-2.612006194038397666e+01 3.107952543273039581e+01
-2.610425068922408798e+01 3.309669641895719394e+01
-2.608843943806419574e+01 3.580053089515144649e+01
-2.607262818690430350e+01 3.897531666163101249e+01
-2.605681693574441482e+01 4.226235981025311617e+01
-2.604100568458452258e+01 4.523267381711542612e+01
-2.602519443342463390e+01 4.748108684358339815e+01
-2.600938318226474166e+01 4.871590605750846237e+01
-2.599357193110485298e+01 4.881961337094281106e+01
-2.597776067994496074e+01 4.786514844377445854e+01
-2.596194942878506851e+01 4.608599184803407667e+01
-2.594613817762517982e+01 4.381172790851807974e+01
-2.593032692646528758e+01 4.138947578804025795e+01
-2.591451567530539535e+01 3.911296274731151357e+01
-2.589870442414550666e+01 3.717546356372444905e+01
-2.588289317298561443e+01 3.565328885105460444e+01
-2.586708192182572574e+01 3.451694933155857115e+01
-2.585127067066583351e+01 3.366076709278227241e+01
-2.583545941950594482e+01 3.293985204527712085e+01
-2.581964816834605259e+01 3.220532888502395963e+01
-2.580383691718616035e+01 3.133258665518945207e+01
-2.578802566602627167e+01 3.024105714311095028e+01
-2.577221441486637943e+01 2.890619520457333991e+01
-2.575640316370648719e+01 2.736458252312323580e+01
-2.574059191254659851e+01 2.571208810624801799e+01
-2.572478066138670982e+01 2.409408506141945594e+01
-2.570896941022681759e+01 2.268703076532649376e+01
-2.569315815906692535e+01 2.167261732201447444e+01
-2.567734690790703667e+01 2.120837987563303173e+01
-2.566153565674714443e+01 2.140053609757392650e+01
-2.564572440558725219e+01 2.228458429001345209e+01
-2.562991315442736351e+01 2.381670270332680772e+01
-2.561410190326747127e+01 2.587562017725785068e+01
-2.559829065210758259e+01 2.827235712543165391e+01
-2.558247940094769035e+01 3.076531052982991454e+01
-2.556666814978780167e+01 3.308011991827081033e+01
-2.555085689862790943e+01 3.493567240849239397e+01
-2.553504564746801719e+01 3.607740759894043236e+01
-2.551923439630812851e+01 3.631606413047865800e+01
-2.550342314514823627e+01 3.556547137179713758e+01
-2.548761189398834404e+01 3.386953907557685284e+01
-2.547180064282845535e+01 3.140859720570096059e+01
-2.545598939166856312e+01 2.847942267026705920e+01
-2.544017814050867443e+01 2.545036558011625516e+01
-2.542436688934878219e+01 2.270032054595084148e+01
-2.540855563818889351e+01 2.055515646695836907e+01
-2.539274438702900127e+01 1.923592771599136242e+01
-2.537693313586910904e+01 1.882961577514828733e+01
-2.536112188470922035e+01 1.928664589744899160e+01
-2.534531063354932812e+01 2.044226659089897424e+01
-2.532949938238943588e+01 2.205347038441283658e+01
-2.531368813122954720e+01 2.384113788264329159e+01
-2.529787688006965851e+01 2.552878140282659203e+01
-2.528206562890976628e+01 2.687339072506787119e+01
-2.526625437774987404e+01 2.768818833682814429e+01
-2.525044312658998535e+01 2.785942892689037720e+01
-2.523463187543009312e+01 2.735879684972458392e+01
-2.521882062427020088e+01 2.625028220506550625e+01
-2.520300937311031220e+01 2.468776853765658785e+01
-2.518719812195041996e+01 2.289914225905372547e+01
-2.517138687079053128e+01 2.115550265074610081e+01
-2.515557561963063904e+01 1.972910029922604735e+01
-2.513976436847075036e+01 1.884858261583935146e+01
-2.512395311731085812e+01 1.866238815848106469e+01
-2.510814186615096588e+01 1.921931790919179761e+01
-2.509233061499107720e+01 2.047002123036924104e+01
-2.507651936383118496e+01 2.228667324950079731e+01
-2.506070811267129272e+01 2.449328731627187494e+01
-2.504489686151140404e+01 2.689771479884373662e+01
-2.502908561035151180e+01 2.931837492333413664e+01
-2.501327435919162312e+01 3.160242256745327438e+01
-2.499746310803173088e+01 3.363523584598952709e+01
-2.498165185687184220e+01 3.534252609424800085e+01
-2.496584060571194996e+01 3.668630706426360177e+01
-2.495002935455205773e+01 3.765569677337379062e+01
-2.493421810339216904e+01 3.825417539736526606e+01
-2.491840685223227680e+01 3.848646682323384738e+01
-2.490259560107238457e+01 3.834951514813552365e+01
-2.488678434991249588e+01 3.783175459439873123e+01
-2.487097309875260720e+01 3.692253598873440978e+01
-2.485516184759271496e+01 3.562991692309630309e+01
-2.483935059643282273e+01 3.400151745056812302e+01
-2.482353934527293404e+01 3.214111453308026967e+01
-2.480772809411304181e+01 3.021371978564063099e+01
-2.479191684295314957e+01 2.843401821022526477e+01
-2.477610559179326088e+01 2.703687900607582506e+01
-2.476029434063337220e+01 2.623364150809822348e+01
-2.474448308947347641e+01 2.616310426563791225e+01
-2.472867183831358773e+01 2.685008341637164975e+01
-2.471286058715369904e+01 2.818520634245343714e+01
-2.469704933599380681e+01 2.993592907833604855e+01
-2.468123808483391457e+01 3.179076519566262249e+01
-2.466542683367402589e+01 3.342846468515980973e+01
-2.464961558251413365e+01 3.459484362643011224e+01
-2.463380433135424141e+01 3.516565977591517367e+01
-2.461799308019435273e+01 3.517645230621622687e+01
-2.460218182903446404e+01 3.480932619866727862e+01
-2.458637057787457181e+01 3.433953822921814947e+01
-2.457055932671467957e+01 3.405714319973783688e+01
-2.455474807555479089e+01 3.418653997428182834e+01
-2.453893682439489865e+01 3.482677604481603595e+01
-2.452312557323500641e+01 3.592799206087382657e+01
-2.450731432207511773e+01 3.730741450262903669e+01
-2.449150307091522549e+01 3.869655117418326284e+01
-2.447569181975533326e+01 3.980398057402873491e+01
-2.445988056859544457e+01 4.037716828325905993e+01
-2.444406931743555589e+01 4.025080329789317091e+01
-2.442825806627566365e+01 3.937500204307547591e+01
-2.441244681511577141e+01 3.782144775581474505e+01
-2.439663556395588273e+01 3.576821771389948879e+01
-2.438082431279599049e+01 3.346586719304318081e+01
-2.436501306163609826e+01 3.118994452297544484e+01
-2.434920181047620957e+01 2.918879780294380311e+01
-2.433339055931632089e+01 2.763861118894781299e+01
-2.431757930815642510e+01 2.661753074340752079e+01
-2.430176805699653642e+01 2.610608317352155794e+01
-2.428595680583664773e+01 2.601287850808693491e+01
-2.427014555467675549e+01 2.621600461138246274e+01
-2.425433430351686326e+01 2.660526617269694682e+01
-2.423852305235697457e+01 2.711080683670061831e+01
-2.422271180119708234e+01 2.770954422242121495e+01
-2.420690055003719010e+01 2.840982823638123733e+01
-2.419108929887730142e+01 2.922320895906429783e+01
-2.417527804771741273e+01 3.013683989940318497e+01
-2.415946679655752050e+01 3.109904923479239613e+01
-2.414365554539762826e+01 3.202445786472480194e+01
-2.412784429423773958e+01 3.281635271025396605e+01
-2.411203304307784734e+01 3.339661179014947834e+01
-2.409622179191795510e+01 3.373054548830631916e+01
-2.408041054075806642e+01 3.383667988718295305e+01
-2.406459928959817418e+01 3.377823152524651817e+01
-2.404878803843828194e+01 3.364049054762904234e+01
-2.403297678727839326e+01 3.350321750753280270e+01
-2.401716553611850458e+01 3.341777854921964774e+01
-2.400135428495861234e+01 3.339561079263457799e+01
-2.398554303379872010e+01 3.340977354105636721e+01
-2.396973178263883142e+01 3.340706598132040739e+01
-2.395392053147893918e+01 3.332586092378511466e+01
-2.393810928031904695e+01 3.311456672268860046e+01
-2.392229802915915826e+01 3.274675553227883285e+01
-2.390648677799926958e+01 3.223052133001662867e+01
-2.389067552683937379e+01 3.161088554595072964e+01
-2.387486427567948510e+01 3.096488700853043596e+01
-2.385905302451959642e+01 3.038962290674134792e+01
-2.384324177335970418e+01 2.998432601341003689e+01
-2.382743052219981195e+01 2.982876813953504680e+01
-2.381161927103992326e+01 2.996170224138536042e+01
-2.379580801988003103e+01 3.036419269361928386e+01
-2.377999676872013879e+01 3.095291665312088014e+01
-2.376418551756025010e+01 3.158738580367169746e+01
-2.374837426640036142e+01 3.209241837727026336e+01
-2.373256301524046563e+01 3.229339921443828842e+01
-2.371675176408057695e+01 3.205768456808917222e+01
-2.370094051292068826e+01 3.133217347687715559e+01
-2.368512926176079603e+01 3.016604423333894047e+01
-2.366931801060090379e+01 2.871008463589248549e+01
-2.365350675944101511e+01 2.718998932897678955e+01
-2.363769550828112287e+01 2.585893504660466746e+01
-2.362188425712123063e+01 2.494183770746738560e+01
-2.360607300596134195e+01 2.458694080010324967e+01
-2.359026175480145326e+01 2.483813178414434120e+01
-2.357445050364156103e+01 2.563433158184119165e+01
-2.355863925248166879e+01 2.683330343700406573e+01
-2.354282800132178011e+01 2.824993087364131839e+01
-2.352701675016188787e+01 2.969610788524513012e+01
-2.351120549900199563e+01 3.101141312753820500e+01
-2.349539424784210695e+01 3.207909706177365905e+01
-2.347958299668221827e+01 3.282787939370908248e+01
-2.346377174552232248e+01 3.322422170013730636e+01
-2.344796049436243379e+01 3.326102121588775162e+01
-2.343214924320254511e+01 3.294750249856003421e+01
-2.341633799204265287e+01 3.230284945106139816e+01
-2.340052674088276063e+01 3.135422943158708975e+01
-2.338471548972287195e+01 3.013897594557825954e+01
-2.336890423856297971e+01 2.871049420892987669e+01
-2.335309298740308748e+01 2.714701919880479508e+01
-2.333728173624319879e+01 2.556097631935897141e+01
-2.332147048508331011e+01 2.410458737652142247e+01
-2.330565923392341432e+01 2.296582747220427834e+01
-2.328984798276352564e+01 2.234960619080907307e+01
-2.327403673160363695e+01 2.244311834587336207e+01
-2.325822548044374471e+01 2.337094272571638598e+01
-2.324241422928385248e+01 2.515205638035367741e+01
-2.322660297812396379e+01 2.767404866750269932e+01
-2.321079172696407156e+01 3.069698889100829930e+01
-2.319498047580417932e+01 3.389067533859377335e+01
-2.317916922464429064e+01 3.689737130831927203e+01
-2.316335797348440195e+01 3.940244035143238932e+01
-2.314754672232450972e+01 4.119194827535677916e+01
-2.313173547116461748e+01 4.218107766963918692e+01
-2.311592422000472880e+01 4.240818906344933481e+01
-2.310011296884483656e+01 4.200176595263834400e+01
-2.308430171768494432e+01 4.113593605452686575e+01
-2.306849046652505564e+01 3.999146157618081077e+01
-2.305267921536516695e+01 3.873329971814072792e+01
-2.303686796420527116e+01 3.750648582548397769e+01
-2.302105671304538248e+01 3.644379437144815626e+01
-2.300524546188549380e+01 3.567479084035173287e+01
-2.298943421072560156e+01 3.532728081471390169e+01
-2.297362295956570932e+01 3.551711922257098308e+01
-2.295781170840582064e+01 3.632809958344694934e+01
-2.294200045724592840e+01 3.778787522094679474e+01
-2.292618920608603617e+01 3.984750879509424237e+01
-2.291037795492614748e+01 4.237142481356846702e+01
-2.289456670376625880e+01 4.514199949693971803e+01
-2.287875545260636301e+01 4.787963739556818155e+01
-2.286294420144647432e+01 5.027574379147991834e+01
-2.284713295028658564e+01 5.203317576674286471e+01
-2.283132169912669340e+01 5.290705698327479922e+01
-2.281551044796680117e+01 5.273857048894139155e+01
-2.279969919680691248e+01 5.147557273002080791e+01
-2.278388794564702025e+01 4.917647244361766212e+01
-2.276807669448712801e+01 4.599741192385964439e+01
-2.275226544332723932e+01 4.216660433031459121e+01
-2.273645419216735064e+01 3.795253722078687275e+01
-2.272064294100745840e+01 3.363343588982934307e+01
-2.270483168984756617e+01 2.947338414364540427e+01
-2.268902043868767748e+01 2.570662605647542875e+01
-2.267320918752778525e+01 2.252777645092622905e+01
-2.265739793636789301e+01 2.008401571911334926e+01
-2.264158668520800433e+01 1.846667416528519112e+01
-2.262577543404811564e+01 1.770287946133004908e+01
-2.260996418288821985e+01 1.775082997713219868e+01
-2.259415293172833117e+01 1.850270459555899194e+01
-2.257834168056844248e+01 1.979682593081820841e+01
-2.256253042940855025e+01 2.143699601253970144e+01
-2.254671917824865801e+01 2.321432758434854904e+01
-2.253090792708876933e+01 2.492700190977924990e+01
-2.251509667592887709e+01 2.639588667867442240e+01
-2.249928542476898485e+01 2.747686580816498747e+01
-2.248347417360909617e+01 2.807184356171976347e+01
-2.246766292244920749e+01 2.813884666908100840e+01
-2.245185167128931170e+01 2.769867782935277134e+01
-2.243604042012942301e+01 2.683366962122942923e+01
-2.242022916896953433e+01 2.567527385451001010e+01
-2.240441791780964209e+01 2.438149981329399196e+01
-2.238860666664974985e+01 2.311031010695758781e+01
-2.237279541548986117e+01 2.199774907158415616e+01
-2.235698416432996893e+01 2.114770140129160225e+01
-2.234117291317007670e+01 2.063432354698208826e+01
-2.232536166201018801e+01 2.051152388134445914e+01
-2.230955041085029933e+01 2.082036772927513013e+01
-2.229373915969040709e+01 2.158727002784197069e+01
-2.227792790853051486e+01 2.281237243550050664e+01
-2.226211665737062617e+01 2.445475018052462346e+01
-2.224630540621073393e+01 2.642456293616005780e+01
-2.223049415505084170e+01 2.858958705914579923e+01
-2.221468290389095301e+01 3.079609567954571503e+01
-2.219887165273106078e+01 3.289617104638033851e+01
-2.218306040157116854e+01 3.477001907957072291e+01
-2.216724915041127986e+01 3.633491128577421136e+01
-2.215143789925139117e+01 3.754021058766510777e+01
-2.213562664809149894e+01 3.835583373871404689e+01
-2.211981539693160670e+01 3.876474131203312368e+01
-2.210400414577171802e+01 3.876676550232501484e+01
-2.208819289461182578e+01 3.839330860555278946e+01
-2.207238164345193354e+01 3.772470155356368338e+01
-2.205657039229204486e+01 3.689859654443225878e+01
-2.204075914113215617e+01 3.610042183099193380e+01
-2.202494788997226038e+01 3.553423208428621649e+01
-2.200913663881237170e+01 3.538078277111011971e+01
-2.199332538765248302e+01 3.575567754976987089e+01
-2.197751413649259078e+01 3.668159423826652699e+01
-2.196170288533269854e+01 3.808441800621647388e+01
-2.194589163417280986e+01 3.981501689464123217e+01
-2.193008038301291762e+01 4.168924738079918058e+01
-2.191426913185302539e+01 4.353207692239190862e+01
-2.189845788069313670e+01 4.521037058608549586e+01
-2.188264662953324802e+01 4.664387073777387371e+01
-2.186683537837335578e+01 4.779340227711602296e+01
-2.185102412721346354e+01 4.863526508955568772e+01
-2.183521287605357486e+01 4.913655011340690493e+01
-2.181940162489368262e+01 4.924499230436859420e+01
-2.180359037373379039e+01 4.889954542711729601e+01
-2.178777912257390170e+01 4.805777978826404251e+01
-2.177196787141400947e+01 4.672822294771758322e+01
-2.175615662025411723e+01 4.499328573777084017e+01
-2.174034536909422854e+01 4.301195078967868568e+01
-2.172453411793433986e+01 4.099875546657334979e+01
-2.170872286677444762e+01 3.918344834536210186e+01
-2.169291161561455539e+01 3.776136965047020766e+01
-2.167710036445466670e+01 3.684701426201920071e+01
-2.166128911329477447e+01 3.644261891212106974e+01
-2.164547786213488223e+01 3.643065740547894649e+01
-2.162966661097499355e+01 3.659432562415393875e+01
-2.161385535981510486e+01 3.666384089548805747e+01
-2.159804410865520907e+01 3.637952041152843918e+01
-2.158223285749532039e+01 3.555685314526915164e+01
-2.156642160633543170e+01 3.413638890356075706e+01
-2.155061035517553947e+01 3.220397988495975028e+01
-2.153479910401564723e+01 2.997476491099740770e+01
-2.151898785285575855e+01 2.774506832218342467e+01
-2.150317660169586631e+01 2.582622688768272923e+01
-2.148736535053597763e+01 2.447937904708092205e+01
-2.147155409937608539e+01 2.386844938138747096e+01
-2.145574284821619671e+01 2.404090443208971095e+01
-2.143993159705630447e+01 2.493586929956107667e+01
-2.142412034589641223e+01 2.641117973505183869e+01
-2.140830909473652355e+01 2.827779767015314150e+01
-2.139249784357663131e+01 3.033190949834369121e+01
-2.137668659241674263e+01 3.237969741971732418e+01
-2.136087534125685039e+01 3.425418192799808992e+01
-2.134506409009695815e+01 3.582571410415819457e+01
-2.132925283893706947e+01 3.700763724711141833e+01
-2.131344158777717723e+01 3.775771667146175758e+01
-2.129763033661728855e+01 3.807553597124464773e+01
-2.128181908545739631e+01 3.799649490488279469e+01
-2.126600783429750763e+01 3.758359745920854067e+01
-2.125019658313761539e+01 3.691807447004466525e+01
-2.123438533197772315e+01 3.608907644086902877e+01
-2.121857408081783447e+01 3.518215037989619987e+01
-2.120276282965794223e+01 3.426697023435608003e+01
-2.118695157849805355e+01 3.338678081386757412e+01
-2.117114032733816131e+01 3.255385506402685536e+01
-2.115532907617826908e+01 3.175505510241821838e+01
-2.113951782501838039e+01 3.096835330229595939e+01
-2.112370657385848816e+01 3.018587092667067751e+01
-2.110789532269859947e+01 2.943431481022336627e+01
-2.109208407153870724e+01 2.878262877450863044e+01
-2.107627282037881500e+01 2.833069646546836751e+01
-2.106046156921892631e+01 2.818085654824833597e+01
-2.104465031805903408e+01 2.840229207686953927e+01
-2.102883906689914539e+01 2.900283566956268189e+01
-2.101302781573925316e+01 2.992073993055108261e+01
-2.099721656457936092e+01 3.104095453104905289e+01
-2.098140531341947224e+01 3.222997520563402674e+01
-2.096559406225958000e+01 3.337532976739953483e+01
-2.094978281109969132e+01 3.441405354384868076e+01
-2.093397155993979908e+01 3.533977582942269891e+01
-2.091816030877990684e+01 3.618755121561221699e+01
-2.090234905762001816e+01 3.700467845571694170e+01
-2.088653780646012592e+01 3.782036710803474477e+01
-2.087072655530023724e+01 3.862570352030537180e+01
-2.085491530414034500e+01 3.936942492888729106e+01
-2.083910405298045632e+01 3.996792420603244267e+01
-2.082329280182056408e+01 4.032304914136954466e+01
-2.080748155066067184e+01 4.034037875622669134e+01
-2.079167029950078316e+01 3.994332792354323658e+01
-2.077585904834089092e+01 3.908259457968978268e+01
-2.076004779718100224e+01 3.774362446345737254e+01
-2.074423654602111000e+01 3.595519921160971677e+01
-2.072842529486121776e+01 3.379974673216733549e+01
-2.071261404370132908e+01 3.142189746788461591e+01
-2.069680279254143684e+01 2.902849494081442927e+01
-2.068099154138154816e+01 2.687294270828044773e+01
-2.066518029022165592e+01 2.522047154725769502e+01
-2.064936903906176369e+01 2.429783453375350177e+01
-2.063355778790187500e+01 2.423855499255843426e+01
-2.061774653674198277e+01 2.503984795328044299e+01
-2.060193528558209408e+01 2.654702567486994980e+01
-2.058612403442220185e+01 2.847482264546976438e+01
-2.057031278326230961e+01 3.046434681673818901e+01
-2.055450153210242092e+01 3.216292896924790767e+01
-2.053869028094252869e+01 3.330614043095935983e+01
-2.052287902978264000e+01 3.377961362380301580e+01
-2.050706777862274777e+01 3.364361447623988255e+01
-2.049125652746285553e+01 3.311374035260696047e+01
-2.047544527630296685e+01 3.250328365588590884e+01
-2.045963402514307461e+01 3.214310066449127845e+01
-2.044382277398318593e+01 3.230045969657167149e+01
-2.042801152282329369e+01 3.311788797432235754e+01
-2.041220027166340500e+01 3.458665320011562017e+01
-2.039638902050351277e+01 3.655899470096698423e+01
-2.038057776934362053e+01 3.879176198224752170e+01
-2.036476651818373185e+01 4.100555560240665898e+01
-2.034895526702383961e+01 4.294085318743139368e+01
-2.033314401586395093e+01 4.439674322908840765e+01
-2.031733276470405869e+01 4.524669320968352082e+01
-2.030152151354416645e+01 4.543512165048352358e+01
-2.028571026238427777e+01 4.496432214514764070e+01
-2.026989901122438553e+01 4.388152111635793062e+01
-2.025408776006449685e+01 4.227153561868139775e+01
-2.023827650890460461e+01 4.025470747211849698e+01
-2.022246525774471237e+01 3.798570090383777398e+01
-2.020665400658482369e+01 3.564792671715289174e+01
-2.019084275542493145e+01 3.344033676974787284e+01
-2.017503150426504277e+01 3.155652879428685864e+01
-2.015922025310515053e+01 3.015907873114446502e+01
-2.014340900194525830e+01 2.935414098711288844e+01
-2.012759775078536961e+01 2.917249301330554445e+01
-2.011178649962547738e+01 2.956306043661479066e+01
-2.009597524846558869e+01 3.040293782528912203e+01
-2.008016399730569645e+01 3.152372463061503538e+01
-2.006435274614580422e+01 3.274849172761832961e+01
-2.004854149498591553e+01 3.392905532968571691e+01
-2.003273024382602330e+01 3.497197886605201944e+01
-2.001691899266613461e+01 3.584515348267458279e+01
-2.000110774150624238e+01 3.656396070692805722e+01
-1.998529649034635369e+01 3.716392210714821687e+01
-1.996948523918646146e+01 3.767187703203649818e+01
-1.995367398802656922e+01 3.808783392260021827e+01
-1.993786273686668054e+01 3.838475388453421999e+01
-1.992205148570678830e+01 3.852583198215405957e+01
-1.990624023454689961e+01 3.849153112468616911e+01
-1.989042898338700738e+01 3.830447230221336952e+01
-1.987461773222711514e+01 3.804064378775233024e+01
-1.985880648106722646e+01 3.781990943657550019e+01
-1.984299522990733422e+01 3.777581653047192134e+01
-1.982718397874744554e+01 3.801199991848919524e+01
-1.981137272758755330e+01 3.855793631029442992e+01
-1.979556147642766106e+01 3.933882978195254765e+01
-1.977975022526777238e+01 4.017213813165694347e+01
-1.976393897410788014e+01 4.079672823742156140e+01
-1.974812772294799146e+01 4.093112371281291928e+01
-1.973231647178809922e+01 4.034735193517106211e+01
-1.971650522062820698e+01 3.893995251228826504e+01
-1.970069396946831830e+01 3.676887260941328606e+01
-1.968488271830842606e+01 3.406144511496890459e+01
-1.966907146714853738e+01 3.117073730845388013e+01
-1.965326021598864514e+01 2.850105781914884062e+01
-1.963744896482875291e+01 2.642130993472453326e+01
-1.962163771366886422e+01 2.518963110994545929e+01
-1.960582646250897199e+01 2.490783178583565771e+01
-1.959001521134908330e+01 2.551406664468027330e+01
-1.957420396018919106e+01 2.681109280134925399e+01
-1.955839270902930238e+01 2.851914874786115561e+01
-1.954258145786941014e+01 3.033876997640385653e+01
-1.952677020670951791e+01 3.200939507854532451e+01
-1.951095895554962922e+01 3.335276991169021699e+01
-1.949514770438973699e+01 3.429432903081143991e+01
-1.947933645322984830e+01 3.486020213878686036e+01
-1.946352520206995607e+01 3.515225215745486764e+01
-1.944771395091006383e+01 3.530843054097994838e+01
-1.943190269975017515e+01 3.545966894146322801e+01
-1.941609144859028291e+01 3.569573636484297197e+01
-1.940028019743039422e+01 3.604961825610061510e+01
-1.938446894627050199e+01 3.650335308017515246e+01
-1.936865769511060975e+01 3.701028759974085602e+01
-1.935284644395072107e+01 3.752283163531391352e+01
-1.933703519279082883e+01 3.801366546826861992e+01
-1.932122394163094015e+01 3.848235607716669904e+01
-1.930541269047104791e+01 3.894639013031575558e+01
-1.928960143931115567e+01 3.942239030507010256e+01
-1.927379018815126699e+01 3.990690389432696605e+01
-1.925797893699137475e+01 4.036554798161819946e+01
-1.924216768583148607e+01 4.073529388567973797e+01
-1.922635643467159383e+01 4.093928016330450248e+01
-1.921054518351170159e+01 4.090890206265387974e+01
-1.919473393235181291e+01 4.060555013808595959e+01
-1.917892268119192067e+01 4.003482746319198071e+01
-1.916311143003203199e+01 3.924898733886477942e+01
-1.914730017887213975e+01 3.833755697918538630e+01
-1.913148892771225107e+01 3.741005417794784194e+01
-1.911567767655235883e+01 3.657683865436156623e+01
-1.909986642539246660e+01 3.593365129445574979e+01
-1.908405517423257791e+01 3.555264686625528725e+01
-1.906824392307268567e+01 3.547920695531117730e+01
-1.905243267191279699e+01 3.573142706797850821e+01
-1.903662142075290475e+01 3.629914522943820998e+01
-1.902081016959301252e+01 3.714152489735094065e+01
-1.900499891843312383e+01 3.818497526933199282e+01
-1.898918766727323160e+01 3.932467227433141232e+01
-1.897337641611334291e+01 4.043213244830455011e+01
-1.895756516495345068e+01 4.136877514844847781e+01
-1.894175391379355844e+01 4.200289522392484542e+01
-1.892594266263366976e+01 4.222650362905141463e+01
-1.891013141147377752e+01 4.196933520089288550e+01
-1.889432016031388883e+01 4.120887781118881321e+01
-1.887850890915399660e+01 3.997613946344966962e+01
-1.886269765799410436e+01 3.835656324261347550e+01
-1.884688640683421568e+01 3.648484013501281709e+01
-1.883107515567432344e+01 3.453263740583130215e+01
-1.881526390451443476e+01 3.268994119807612009e+01
-1.879945265335454252e+01 3.114295333528880860e+01
-1.878364140219465028e+01 3.005276285061309238e+01
-1.876783015103476160e+01 2.953842835529356847e+01
-1.875201889987486936e+01 2.966613226405418757e+01
-1.873620764871498068e+01 3.044414451568697544e+01
-1.872039639755508844e+01 3.182267838944627414e+01
-1.870458514639519620e+01 3.369837729557841755e+01
-1.868877389523530752e+01 3.592406292626095876e+01
-1.867296264407541528e+01 3.832425033059862329e+01
-1.865715139291552660e+01 4.071539887233055310e+01
-1.864134014175563436e+01 4.292771176948964751e+01
-1.862552889059574568e+01 4.482393981531786409e+01
-1.860971763943585344e+01 4.631113541425544611e+01
-1.859390638827596121e+01 4.734359036080549288e+01
-1.857809513711607252e+01 4.791813052662632089e+01
-1.856228388595618028e+01 4.806500729571952490e+01
-1.854647263479629160e+01 4.783786529992942604e+01
-1.853066138363639936e+01 4.730487964920273924e+01
-1.851485013247650713e+01 4.654132692052291986e+01
-1.849903888131661844e+01 4.562291486575040977e+01
-1.848322763015672621e+01 4.461967970599068423e+01
-1.846741637899683752e+01 4.359150837622527064e+01
-1.845160512783694529e+01 4.258698806060441200e+01
-1.843579387667705305e+01 4.164631568267814998e+01
-1.841998262551716437e+01 4.080665696189849712e+01
-1.840417137435727213e+01 4.010614482433843619e+01
-1.838836012319738344e+01 3.958247445873433890e+01
-1.837254887203749121e+01 3.926457060885475414e+01
-1.835673762087759897e+01 3.916004005024194612e+01
-1.834092636971771029e+01 3.924465590733002784e+01
-1.832511511855781805e+01 3.946057985597043682e+01
-1.830930386739792937e+01 3.972665295258575924e+01
-1.829349261623803713e+01 3.995837139845392016e+01
-1.827768136507814489e+01 4.009013279264521401e+01
-1.826187011391825621e+01 4.009084188027301110e+01
-1.824605886275836397e+01 3.996700884735766124e+01
-1.823024761159847529e+01 3.975355376786203720e+01
-1.821443636043858305e+01 3.949837683253676346e+01
-1.819862510927869437e+01 3.924911048741208219e+01
-1.818281385811880213e+01 3.904797120310060876e+01
-1.816700260695890989e+01 3.893470534611923028e+01
-1.815119135579902121e+01 3.895182649036630806e+01
-1.813538010463912897e+01 3.914432835461008864e+01
-1.811956885347924029e+01 3.954933364544371699e+01
-1.810375760231934805e+01 4.017795503618608421e+01
-1.808794635115945582e+01 4.099788357190161037e+01
-1.807213509999956713e+01 4.192687655965735871e+01
-1.805632384883967489e+01 4.284305352535731970e+01
-1.804051259767978621e+01 4.360999975908553949e+01
-1.802470134651989397e+01 4.410765037603164274e+01
-1.800889009536000174e+01 4.425774139650113170e+01
-1.799307884420011305e+01 4.403620920458409671e+01
-1.797726759304022082e+01 4.347174680469744601e+01
-1.796145634188033213e+01 4.263551423316766886e+01
-1.794564509072043990e+01 4.162855738029970354e+01
-1.792983383956054766e+01 4.057066641557911879e+01
-1.791402258840065898e+01 3.958997999659057854e+01
-1.789821133724076674e+01 3.881025263666345637e+01
-1.788240008608087805e+01 3.833426401220359736e+01
-1.786658883492098582e+01 3.822620468058014609e+01
-1.785077758376109358e+01 3.849960818842666299e+01
-1.783496633260120490e+01 3.911726450059699545e+01
-1.781915508144131266e+01 4.000482940622123351e+01
-1.780334383028142398e+01 4.107302809416314915e+01
-1.778753257912153174e+01 4.223860337415910493e+01
-1.777172132796164306e+01 4.343462054761861424e+01
-1.775591007680175082e+01 4.460647317127121880e+01
-1.774009882564185858e+01 4.569784645156529734e+01
-1.772428757448196990e+01 4.663661815643419573e+01
-1.770847632332207766e+01 4.733110023883286033e+01
-1.769266507216218898e+01 4.768194244018505401e+01
-1.767685382100229674e+01 4.760706428153421399e+01
-1.766104256984240450e+01 4.707010998216691178e+01
-1.764523131868251582e+01 4.610041167186047062e+01
-1.762942006752262358e+01 4.479540802309184500e+01
-1.761360881636273490e+01 4.330342848279024537e+01
-1.759779756520284266e+01 4.179243888103867022e+01
-1.758198631404295043e+01 4.041525863423913734e+01
-1.756617506288306174e+01 3.928191035548962162e+01
-1.755036381172316950e+01 3.844563446856817990e+01
-1.753455256056328082e+01 3.790329092820056900e+01
-1.751874130940338858e+01 3.760649060871021021e+01
-1.750293005824349635e+01 3.747858802236895315e+01
-1.748711880708360766e+01 3.743403590853829144e+01
-1.747130755592371543e+01 3.739830870956298980e+01
-1.745549630476382674e+01 3.732660190869965788e+01
-1.743968505360393451e+01 3.721764814252760800e+01
-1.742387380244404227e+01 3.711721565410770296e+01
-1.740806255128415359e+01 3.710676645618505631e+01
-1.739225130012426135e+01 3.727743499561895391e+01
-1.737644004896437266e+01 3.769628951647693782e+01
-1.736062879780448043e+01 3.837705866549861611e+01
-1.734481754664459174e+01 3.926764830261019057e+01
-1.732900629548469951e+01 4.026086554273344831e+01
-1.731319504432480727e+01 4.122520462736325442e+01
-1.729738379316491859e+01 4.204389923455885025e+01
-1.728157254200502635e+01 4.264696350001151615e+01
-1.726576129084513767e+01 4.302430523182693634e+01
-1.724995003968524543e+01 4.321650096503202576e+01
-1.723413878852535319e+01 4.328938660564809027e+01
-1.721832753736546451e+01 4.330485831493994198e+01
-1.720251628620557227e+01 4.330058611247019229e+01
-1.718670503504568359e+01 4.328595855516802970e+01
-1.717089378388579135e+01 4.325331040891644108e+01
-1.715508253272589911e+01 4.319631762480323545e+01
-1.713927128156601043e+01 4.312468419132180486e+01
-1.712346003040611819e+01 4.306703629200119110e+01
-1.710764877924622951e+01 4.306075235963159997e+01
-1.709183752808633727e+01 4.313482224766981687e+01
-1.707602627692644504e+01 4.329600150855212348e+01
-1.706021502576655635e+01 4.352733697574799976e+01
-1.704440377460666411e+01 4.380208884629429633e+01
-1.702859252344677543e+01 4.410809499951548673e+01
-1.701278127228688319e+01 4.447160129129505890e+01
-1.699697002112699096e+01 4.496842667228887791e+01
-1.698115876996710227e+01 4.571462379721135960e+01
-1.696534751880721004e+01 4.683666586805941989e+01
-1.694953626764732135e+01 4.842936700666412975e+01
-1.693372501648742912e+01 5.051507140967747489e+01
-1.691791376532754043e+01 5.301827601532131951e+01
-1.690210251416764820e+01 5.576566522661991598e+01
-1.688629126300775596e+01 5.851391305469800841e+01
-1.687048001184786727e+01 6.099888757175305898e+01
-1.685466876068797504e+01 6.299279205903837919e+01
-1.683885750952808635e+01 6.435273920555448512e+01
-1.682304625836819412e+01 6.504664656598635020e+01
-1.680723500720830188e+01 6.514969721349416432e+01
-1.679142375604841320e+01 6.481441927291871252e+01
-1.677561250488852096e+01 6.422592501086424477e+01
-1.675980125372862872e+01 6.355760473981457892e+01
-1.674399000256874004e+01 6.294022881950875359e+01
-1.672817875140884780e+01 6.245036610460242343e+01
-1.671236750024895912e+01 6.211570160982781630e+01
-1.669655624908906688e+01 6.192893596231087372e+01
-1.668074499792917464e+01 6.186071764032215015e+01
-1.666493374676928596e+01 6.186542650855030701e+01
-1.664912249560939372e+01 6.187952059251471582e+01
-1.663331124444950504e+01 6.181760601729074267e+01
-1.661749999328961280e+01 6.157382018957546421e+01
-1.660168874212972057e+01 6.103435926214683604e+01
-1.658587749096983188e+01 6.010170181551953306e+01
-1.657006623980993965e+01 5.872455811478921106e+01
-1.655425498865005096e+01 5.692281650930618042e+01
-1.653844373749015872e+01 5.479623489819028492e+01
-1.652263248633026649e+01 5.251009556359362307e+01
-1.650682123517037780e+01 5.025905917564136871e+01
-1.649100998401048557e+01 4.821887189223303238e+01
-1.647519873285059688e+01 4.650090174369721296e+01
-1.645938748169070465e+01 4.512442526384299413e+01
-1.644357623053081241e+01 4.401609610610594814e+01
-1.642776497937092373e+01 4.303724029145717367e+01
-1.641195372821103149e+01 4.203084636457298018e+01
-1.639614247705114281e+01 4.087437611742413424e+01
-1.638033122589125057e+01 3.952338279920443398e+01
-1.636451997473136188e+01 3.803414328111426812e+01
-1.634870872357146965e+01 3.655951213765889207e+01
-1.633289747241157741e+01 3.531900371650578307e+01
-1.631708622125168873e+01 3.455008418646583834e+01
-1.630127497009179649e+01 3.445181523899524478e+01
-1.628546371893190781e+01 3.513377800127739903e+01
-1.626965246777201557e+01 3.658227279447711311e+01
-1.625384121661212333e+01 3.865208344337187896e+01
-1.623802996545223465e+01 4.108620158554427348e+01
-1.622221871429234241e+01 4.355925405743167289e+01
-1.620640746313245373e+01 4.573489262639249375e+01
-1.619059621197256149e+01 4.732470512977705113e+01
-1.617478496081266925e+01 4.813683067526110904e+01
-1.615897370965278057e+01 4.810571610424705824e+01
-1.614316245849288833e+01 4.729895093175452558e+01
-1.612735120733299965e+01 4.590158019805921441e+01
-1.611153995617310741e+01 4.418200180520775433e+01
-1.609572870501321518e+01 4.244625746928399224e+01
-1.607991745385332649e+01 4.098905351396556540e+01
-1.606410620269343426e+01 4.004989871750908748e+01
-1.604829495153354557e+01 3.978109481667222269e+01
-1.603248370037365333e+01 4.023122565618569979e+01
-1.601667244921376110e+01 4.134421196726635372e+01
-1.600086119805387241e+01 4.297124198605208534e+01
-1.598504994689398018e+01 4.489191140276532366e+01
-1.596923869573409149e+01 4.684167281110900660e+01
-1.595342744457419926e+01 4.854410584848014310e+01
-1.593761619341431057e+01 4.974706282370271992e+01
-1.592180494225441834e+01 5.026050265135259565e+01
-1.590599369109452610e+01 4.999117570675178968e+01
-1.589018243993463742e+01 4.896682810090830174e+01
-1.587437118877474518e+01 4.734211825281985853e+01
-1.585855993761485649e+01 4.538103972350807425e+01
-1.584274868645496426e+01 4.341595475122550596e+01
-1.582693743529507202e+01 4.178974851617680031e+01
-1.581112618413518334e+01 4.079299455837184496e+01
-1.579531493297529110e+01 4.061053889576751885e+01
-1.577950368181540242e+01 4.129050832900315271e+01
-1.576369243065551018e+01 4.274339902798075030e+01
-1.574788117949561794e+01 4.477076211032362352e+01
-1.573206992833572926e+01 4.711441998715223178e+01
-1.571625867717583702e+01 4.951117186769294420e+01
-1.570044742601594834e+01 5.173717017562641729e+01
-1.568463617485605610e+01 5.363125931714365890e+01
-1.566882492369616386e+01 5.509556299323619299e+01
-1.565301367253627518e+01 5.608046768963416184e+01
-1.563720242137638294e+01 5.656585912798389870e+01
-1.562139117021649426e+01 5.654920910571174630e+01
-1.560557991905660202e+01 5.604520626271173711e+01
-1.558976866789670979e+01 5.509456619627859197e+01
-1.557395741673682110e+01 5.377491903886810576e+01
-1.555814616557692887e+01 5.220586092365046937e+01
-1.554233491441704018e+01 5.054275206459033143e+01
-1.552652366325714794e+01 4.895789696371365807e+01
-1.551071241209725926e+01 4.761185913139444636e+01
-1.549490116093736702e+01 4.662114328352488002e+01
-1.547908990977747479e+01 4.603089571034274741e+01
-1.546327865861758610e+01 4.580176926901125967e+01
-1.544746740745769387e+01 4.581751332044032665e+01
-1.543165615629780518e+01 4.591383880101800941e+01
-1.541584490513791295e+01 4.592128982147997363e+01
-1.540003365397802071e+01 4.570869047688082532e+01
-1.538422240281813203e+01 4.521279140260333662e+01
-1.536841115165823979e+01 4.444527397822845671e+01
-1.535259990049835110e+01 4.347793763987642990e+01
-1.533678864933845887e+01 4.241573335990128868e+01
-1.532097739817856663e+01 4.137059896239437506e+01
-1.530516614701867795e+01 4.044527758093847325e+01
-1.528935489585878571e+01 3.972814481761421490e+01
-1.527354364469889703e+01 3.929275439927961600e+01
-1.525773239353900479e+01 3.919380091808181277e+01
-1.524192114237911255e+01 3.945545076197826262e+01
-1.522610989121922387e+01 4.005551940877264627e+01
-1.521029864005933163e+01 4.091487129358132790e+01
-1.519448738889944295e+01 4.190193129431774111e+01
-1.517867613773955071e+01 4.285682452869342285e+01
-1.516286488657965847e+01 4.363115557653143384e+01
-1.514705363541976979e+01 4.413198830260666483e+01
-1.513124238425987755e+01 4.435553174987124692e+01
-1.511543113309998887e+01 4.439844653621449311e+01
-1.509961988194009663e+01 4.444133637177723983e+01
-1.508380863078020795e+01 4.470733802097968379e+01
-1.506799737962031571e+01 4.540609240212875619e+01
-1.505218612846042348e+01 4.667776587243645281e+01
-1.503637487730053479e+01 4.855217581390663639e+01
-1.502056362614064255e+01 5.093442654269337311e+01
-1.500475237498075387e+01 5.362163477078439655e+01
-1.498894112382086163e+01 5.634692633467654588e+01
-1.497312987266096940e+01 5.883906225376115628e+01
-1.495731862150108071e+01 6.088110185784279338e+01
-1.494150737034118848e+01 6.235129919398959686e+01
-1.492569611918129979e+01 6.323465115793143099e+01
-1.490988486802140756e+01 6.360305635902940935e+01
-1.489407361686151532e+01 6.357286550430018934e+01
-1.487826236570162663e+01 6.325656388750935832e+01
-1.486245111454173440e+01 6.272688179327513325e+01
-1.484663986338184571e+01 6.200571905084645863e+01
-1.483082861222195348e+01 6.107924440151676748e+01
-1.481501736106206124e+01 5.992931679243584853e+01
-1.479920610990217256e+01 5.856511319569472107e+01
-1.478339485874228032e+01 5.704024050921406541e+01
-1.476758360758239164e+01 5.544854534523727096e+01
-1.475177235642249940e+01 5.390207583811871928e+01
-1.473596110526260716e+01 5.250215238185165845e+01
-1.472014985410271848e+01 5.131603071630182455e+01
-1.470433860294282624e+01 5.036723181409070094e+01
-1.468852735178293756e+01 4.964025510703315547e+01
-1.467271610062304532e+01 4.909419113884943897e+01
-1.465690484946315308e+01 4.867766750449352742e+01
-1.464109359830326440e+01 4.833992326958436792e+01
-1.462528234714337216e+01 4.803736131666209275e+01
-1.460947109598348348e+01 4.773838435765003396e+01
-1.459365984482359124e+01 4.742944005601317059e+01
-1.457784859366370256e+01 4.712216991044034131e+01
-1.456203734250381032e+01 4.685778184062117901e+01
-1.454622609134391809e+01 4.670323875806410996e+01
-1.453041484018402940e+01 4.673616266710935463e+01
-1.451460358902413716e+01 4.702063207469196726e+01
-1.449879233786424848e+01 4.758149923710585227e+01
-1.448298108670435624e+01 4.838739879221058970e+01
-1.446716983554446401e+01 4.935063407354714116e+01
-1.445135858438457532e+01 5.034623126410179594e+01
-1.443554733322468309e+01 5.124509160566933730e+01
-1.441973608206479440e+01 5.195040588516139479e+01
-1.440392483090490217e+01 5.242468239298928268e+01
-1.438811357974500993e+01 5.269767499940861200e+01
-1.437230232858512124e+01 5.285218435021763383e+01
-1.435649107742522901e+01 5.299270940023438925e+01
-1.434067982626534032e+01 5.320820304474619178e+01
-1.432486857510544809e+01 5.354219358663962680e+01
-1.430905732394555585e+01 5.398033158344991733e+01
-1.429324607278566717e+01 5.445825696328171972e+01
-1.427743482162577493e+01 5.488463813739198116e+01
-1.426162357046588625e+01 5.516889608115271670e+01
-1.424581231930599401e+01 5.524281152035582210e+01
-1.423000106814610177e+01 5.506974485309032730e+01
-1.421418981698621309e+01 5.464197514893587737e+01
-1.419837856582632085e+01 5.397208845966959245e+01
-1.418256731466643217e+01 5.308580303378291632e+01
-1.416675606350653993e+01 5.202084560310632355e+01
-1.415094481234665125e+01 5.083153159994878223e+01
-1.413513356118675901e+01 4.959454815803967165e+01
-1.411932231002686677e+01 4.841026523612553234e+01
-1.410351105886697809e+01 4.739595190578358341e+01
-1.408769980770708585e+01 4.667101892539290731e+01
-1.407188855654719717e+01 4.633770685098191677e+01
-1.405607730538730493e+01 4.646209270419746673e+01
-1.404026605422741270e+01 4.705988087817624432e+01
-1.402445480306752401e+01 4.809014284884322166e+01
-1.400864355190763177e+01 4.945889842132918801e+01
-1.399283230074774309e+01 5.103326092473493247e+01
-1.397702104958785085e+01 5.266510697743193248e+01
-1.396120979842795862e+01 5.422035207561417991e+01
-1.394539854726806993e+01 5.560655091692646579e+01
-1.392958729610817770e+01 5.678959871922600655e+01
-1.391377604494828901e+01 5.779185658227636679e+01
-1.389796479378839678e+01 5.866966099942312951e+01
-1.388215354262850454e+01 5.947610922710664738e+01
-1.386634229146861585e+01 6.022168483552943030e+01
-1.385053104030872362e+01 6.084733442625311284e+01
-1.383471978914883493e+01 6.122083535468016890e+01
-1.381890853798894270e+01 6.115937690313157304e+01
-1.380309728682905046e+01 6.047270568450437622e+01
-1.378728603566916178e+01 5.901526821256395294e+01
-1.377147478450926954e+01 5.673403147715279005e+01
-1.375566353334938086e+01 5.370051172126949268e+01
-1.373985228218948862e+01 5.011933261985255683e+01
-1.372404103102959994e+01 4.630995743960117750e+01
-1.370822977986970770e+01 4.266266035150182745e+01
-1.369241852870981546e+01 3.957456221501993099e+01
-1.367660727754992678e+01 3.737663706005811548e+01
-1.366079602639003454e+01 3.626694758120152784e+01
-1.364498477523014586e+01 3.626698261063883422e+01
-1.362917352407025362e+01 3.721488935302244982e+01
-1.361336227291036138e+01 3.880110640338379824e+01
-1.359755102175047270e+01 4.064022809544248815e+01
-1.358173977059058046e+01 4.236169340028840224e+01
-1.356592851943069178e+01 4.369538556091752923e+01
-1.355011726827079954e+01 4.452919630436355192e+01
-1.353430601711090731e+01 4.492388352932727713e+01
-1.351849476595101862e+01 4.508312492400445848e+01
-1.350268351479112638e+01 4.528912791313818076e+01
-1.348687226363123770e+01 4.582261440544851894e+01
-1.347106101247134546e+01 4.688847362376350247e+01
-1.345524976131145323e+01 4.856503708135646491e+01
-1.343943851015156454e+01 5.078745127592525677e+01
-1.342362725899167231e+01 5.336630547292834592e+01
-1.340781600783178362e+01 5.603383868820545644e+01
-1.339200475667189139e+01 5.850375996422233982e+01
-1.337619350551199915e+01 6.052848453350581792e+01
-1.336038225435211046e+01 6.193995200597441908e+01
-1.334457100319221823e+01 6.266631999021324617e+01
-1.332875975203232954e+01 6.272459126773931359e+01
-1.331294850087243731e+01 6.219594940417940165e+01
-1.329713724971254862e+01 6.119411916912656579e+01
-1.328132599855265639e+01 5.983674500431018828e+01
-1.326551474739276415e+01 5.822647431036569543e+01
-1.324970349623287547e+01 5.644394987260039187e+01
-1.323389224507298323e+01 5.455102092808807868e+01
-1.321808099391309455e+01 5.260018383613397930e+01
-1.320226974275320231e+01 5.064567324668556836e+01
-1.318645849159331007e+01 4.875227771657300480e+01
-1.317064724043342139e+01 4.699923894678983771e+01
-1.315483598927352915e+01 4.547802595546588122e+01
-1.313902473811364047e+01 4.428406943219707159e+01
-1.312321348695374823e+01 4.350360280397957524e+01
-1.310740223579385599e+01 4.319765550435349155e+01
-1.309159098463396731e+01 4.338612208580853746e+01
-1.307577973347407507e+01 4.403569142436448658e+01
-1.305996848231418639e+01 4.505591345011233528e+01
-1.304415723115429415e+01 4.630712519473989630e+01
-1.302834597999440192e+01 4.762173856283207840e+01
-1.301253472883451323e+01 4.883655552415424950e+01
-1.299672347767462099e+01 4.982937874860136418e+01
-1.298091222651473231e+01 5.055002707846947629e+01
-1.296510097535484007e+01 5.103565074981784733e+01
-1.294928972419494784e+01 5.140364408405218200e+01
-1.293347847303505915e+01 5.182165085137267369e+01
-1.291766722187516692e+01 5.246110874218063458e+01
-1.290185597071527823e+01 5.344606737021516807e+01
-1.288604471955538600e+01 5.481081416402103201e+01
-1.287023346839549731e+01 5.647760218443355029e+01
-1.285442221723560507e+01 5.826037402719539671e+01
-1.283861096607571284e+01 5.989372784871768118e+01
-1.282279971491582415e+01 6.108059371794713854e+01
-1.280698846375593192e+01 6.154861092784960874e+01
-1.279117721259604323e+01 6.110427075361157989e+01
-1.277536596143615100e+01 5.967482614197714952e+01
-1.275955471027625876e+01 5.732995810707264894e+01
-1.274374345911637008e+01 5.427804047590860392e+01
-1.272793220795647784e+01 5.083599405085971057e+01
-1.271212095679658916e+01 4.737737122587851246e+01
-1.269630970563669692e+01 4.426942935826598813e+01
-1.268049845447680468e+01 4.181411847503395762e+01
-1.266468720331691600e+01 4.020749291606660591e+01
-1.264887595215702376e+01 3.952608110869009295e+01
-1.263306470099713508e+01 3.973912179807804534e+01
-1.261725344983724284e+01 4.073657672279466624e+01
-1.260144219867735060e+01 4.235889366303553061e+01
-1.258563094751746192e+01 4.441758649782658352e+01
-1.256981969635756968e+01 4.670397692862602668e+01
-1.255400844519768100e+01 4.899214979807404546e+01
-1.253819719403778876e+01 5.104632642170290779e+01
-1.252238594287789653e+01 5.264012767498778800e+01
-1.250657469171800784e+01 5.358725526592389343e+01
-1.249076344055811560e+01 5.377466412647323324e+01
-1.247495218939822692e+01 5.318532716064569144e+01
-1.245914093823833468e+01 5.190062588927616360e+01
-1.244332968707844600e+01 5.008072240101503070e+01
-1.242751843591855376e+01 4.793045380676428380e+01
-1.241170718475866153e+01 4.566344793462189244e+01
-1.239589593359877284e+01 4.347582881016893452e+01
-1.238008468243888061e+01 4.153433250977863622e+01
-1.236427343127899192e+01 3.997593667847225163e+01
-1.234846218011909968e+01 3.891149283062254227e+01
-1.233265092895920745e+01 3.842631801885976728e+01
-1.231683967779931876e+01 3.857502458823508107e+01
-1.230102842663942653e+01 3.937276750801083836e+01
-1.228521717547953784e+01 4.078754582779475868e+01
-1.226940592431964561e+01 4.273728061022896441e+01
-1.225359467315975337e+01 4.509250935085648138e+01
-1.223778342199986469e+01 4.768311265236286545e+01
-1.222197217083997245e+01 5.030720474084148464e+01
-1.220616091968008377e+01 5.274210278159307563e+01
-1.219034966852019153e+01 5.475956443350023051e+01
-1.217453841736029929e+01 5.614828238248399828e+01
-1.215872716620041061e+01 5.674475692263115434e+01
-1.214291591504051837e+01 5.646933773412543900e+01
-1.212710466388062969e+01 5.535900232086068229e+01
-1.211129341272073745e+01 5.358473771894282578e+01
-1.209548216156084521e+01 5.144164048970968395e+01
-1.207967091040095653e+01 4.930543510426317511e+01
-1.206385965924106429e+01 4.755939229992061001e+01
-1.204804840808117561e+01 4.650754204312143969e+01
-1.203223715692128337e+01 4.629885392625831031e+01
-1.201642590576139469e+01 4.688810803735566424e+01
-1.200061465460150245e+01 4.805038283315354875e+01
-1.198480340344161021e+01 4.944932828078192699e+01
-1.196899215228172153e+01 5.074035050362996202e+01
-1.195318090112182929e+01 5.167591219417051462e+01
-1.193736964996194061e+01 5.217740280717339374e+01
-1.192155839880204837e+01 5.234843371416990720e+01
-1.190574714764215614e+01 5.242473598675702107e+01
-1.188993589648226745e+01 5.267864284246678608e+01
-1.187412464532237522e+01 5.331260651223193747e+01
-1.185831339416248653e+01 5.437972950632225633e+01
-1.184250214300259429e+01 5.575839247753192751e+01
-1.182669089184270206e+01 5.718720455677437542e+01
-1.181087964068281337e+01 5.834433655904901173e+01
-1.179506838952292114e+01 5.894084931888721712e+01
-1.177925713836303245e+01 5.879619452681104974e+01
-1.176344588720314022e+01 5.787487115392176662e+01
-1.174763463604324798e+01 5.628014451751595715e+01
-1.173182338488335930e+01 5.421572055917403787e+01
-1.171601213372346706e+01 5.193350428683254449e+01
-1.170020088256357838e+01 4.968405305955767659e+01
-1.168438963140368614e+01 4.767946066423880325e+01
-1.166857838024379390e+01 4.607117610894162851e+01
-1.165276712908390522e+01 4.494108558421027055e+01
-1.163695587792401298e+01 4.430336665887506342e+01
-1.162114462676412430e+01 4.411516315001347976e+01
-1.160533337560423206e+01 4.429391259377825918e+01
-1.158952212444433982e+01 4.473772349164291029e+01
-1.157371087328445114e+01 4.534387599271182978e+01
-1.155789962212455890e+01 4.602105734603006226e+01
-1.154208837096467022e+01 4.669384038320448838e+01
-1.152627711980477798e+01 4.730176711167464987e+01
-1.151046586864488930e+01 4.779777459495105063e+01
-1.149465461748499706e+01 4.814987640034458849e+01
-1.147884336632510482e+01 4.834634404800663532e+01
-1.146303211516521614e+01 4.840050694325509539e+01
-1.144722086400532390e+01 4.834964180238132769e+01
-1.143140961284543522e+01 4.824476683801657373e+01
-1.141559836168554298e+01 4.813345249760092770e+01
-1.139978711052565075e+01 4.804291343008048187e+01
-1.138397585936576206e+01 4.797234257032757654e+01
-1.136816460820586983e+01 4.790018366478209089e+01
-1.135235335704598114e+01 4.780507687192444166e+01
-1.133654210588608890e+01 4.769192934498623515e+01
-1.132073085472619667e+01 4.761063334266005143e+01
-1.130491960356630798e+01 4.765647215748392540e+01
-1.128910835240641575e+01 4.794779807936182436e+01
-1.127329710124652706e+01 4.858555988651434632e+01
-1.125748585008663483e+01 4.960722016299320103e+01
-1.124167459892674259e+01 5.095154352644679818e+01
-1.122586334776685391e+01 5.244909331331590607e+01
-1.121005209660696167e+01 5.384625518337007577e+01
-1.119424084544707299e+01 5.486009747474431464e+01
-1.117842959428718075e+01 5.525055761618701666e+01
-1.116261834312728851e+01 5.488904776831072496e+01
-1.114680709196739983e+01 5.380172532806550834e+01
-1.113099584080750759e+01 5.217249797149478496e+01
-1.111518458964761891e+01 5.030350156321240007e+01
-1.109937333848772667e+01 4.854478317029513335e+01
-1.108356208732783799e+01 4.721474589682530620e+01
-1.106775083616794575e+01 4.653461548208534282e+01
-1.105193958500805351e+01 4.659334880685773328e+01
-1.103612833384816483e+01 4.734738717705818090e+01
-1.102031708268827259e+01 4.864790141488857955e+01
-1.100450583152838391e+01 5.028144749913061418e+01
-1.098869458036849167e+01 5.201011375702990591e+01
-1.097288332920859943e+01 5.360272205657751243e+01
-1.095707207804871075e+01 5.485572548504291035e+01
-1.094126082688881851e+01 5.560743195806124817e+01
-1.092544957572892983e+01 5.575019419619806627e+01
-1.090963832456903759e+01 5.524269950186616285e+01
-1.089382707340914536e+01 5.412054956214068113e+01
-1.087801582224925667e+01 5.250033875772696490e+01
-1.086220457108936444e+01 5.057201004044192416e+01
-1.084639331992947575e+01 4.857667145327199876e+01
-1.083058206876958351e+01 4.677137412588765386e+01
-1.081477081760969128e+01 4.538694034810995959e+01
-1.079895956644980259e+01 4.458803111694506072e+01
-1.078314831528991036e+01 4.444498913143792862e+01
-1.076733706413002167e+01 4.492428207189279732e+01
-1.075152581297012944e+01 4.589944385428528761e+01
-1.073571456181023720e+01 4.717899792391859393e+01
-1.071990331065034852e+01 4.854387988596609205e+01
-1.070409205949045628e+01 4.978564003867163024e+01
-1.068828080833056760e+01 5.073823494612108931e+01
-1.067246955717067536e+01 5.129932593346545389e+01
-1.065665830601078667e+01 5.143999271640379334e+01
-1.064084705485089444e+01 5.120344450395968749e+01
-1.062503580369100220e+01 5.069366034702439805e+01
-1.060922455253111352e+01 5.005496727058081774e+01
-1.059341330137122128e+01 4.944457334309381480e+01
-1.057760205021133260e+01 4.900230168714705314e+01
-1.056179079905144036e+01 4.882416200166220221e+01
-1.054597954789154812e+01 4.894713117988661111e+01
-1.053016829673165944e+01 4.935026524693387273e+01
-1.051435704557176720e+01 4.997223622937173815e+01
-1.049854579441187852e+01 5.073943466770382571e+01
-1.048273454325198628e+01 5.159451625410935804e+01
-1.046692329209209404e+01 5.251475350929867858e+01
-1.045111204093220536e+01 5.351327755461949920e+01
-1.043530078977231312e+01 5.462296682597559538e+01
-1.041948953861242444e+01 5.586977734123286865e+01
-1.040367828745253220e+01 5.724681016864738581e+01
-1.038786703629263997e+01 5.870028784788655685e+01
-1.037205578513275128e+01 6.013358455351024645e+01
-1.035624453397285905e+01 6.142748606740693873e+01
-1.034043328281297036e+01 6.246757224688369092e+01
-1.032462203165307812e+01 6.316668129918885910e+01
-1.030881078049318589e+01 6.347351938092248957e+01
-1.029299952933329720e+01 6.336612689829868117e+01
-1.027718827817340497e+01 6.283699140132244310e+01
-1.026137702701351628e+01 6.188061364003666398e+01
-1.024556577585362405e+01 6.049206231901263919e+01
-1.022975452469373536e+01 5.867790761895137308e+01
-1.021394327353384313e+01 5.647312665251288877e+01
-1.019813202237395089e+01 5.395362764098300090e+01
-1.018232077121406220e+01 5.123609017357041040e+01
-1.016650952005416997e+01 4.846352587425599978e+01
-1.015069826889428128e+01 4.578245053200376447e+01
-1.013488701773438905e+01 4.332172604187032050e+01
-1.011907576657449681e+01 4.118189895450493054e+01
-1.010326451541460813e+01 3.943812915676638653e+01
-1.008745326425471589e+01 3.815275152676635173e+01
-1.007164201309482721e+01 3.738881240374897885e+01
-1.005583076193493497e+01 3.721580885649723314e+01
-1.004001951077504273e+01 3.770307376111075826e+01
-1.002420825961515405e+01 3.890231611966876102e+01
-1.000839700845526181e+01 4.082550330781399595e+01
-9.992585757295373128e+00 4.342541039424151705e+01
-9.976774506135480891e+00 4.658389143796646437e+01
-9.960963254975588654e+00 5.010942219709141909e+01
-9.945152003815699970e+00 5.374336113104949675e+01
-9.929340752655807734e+00 5.717485938942853352e+01
-9.913529501495919050e+00 6.006622542064830839e+01
-9.897718250336026813e+00 6.209105263591025192e+01
-9.881906999176134576e+00 6.298430275741286977e+01
-9.866095748016245892e+00 6.259701447947469433e+01
-9.850284496856353655e+00 6.094143943125190788e+01
-9.834473245696464971e+00 5.820956125570806705e+01
-9.818661994536572735e+00 5.475221309649196400e+01
-9.802850743376684051e+00 5.101713687661502661e+01
-9.787039492216791814e+00 4.745850248696203266e+01
-9.771228241056899577e+00 4.444187852460375154e+01
-9.755416989897010893e+00 4.217239927897611551e+01
-9.739605738737118656e+00 4.066789069186199157e+01
-9.723794487577229972e+00 3.978484396711336046e+01
-9.707983236417337736e+00 3.928823912011333164e+01
-9.692171985257445499e+00 3.894226535362479780e+01
-9.676360734097556815e+00 3.859274952781734669e+01
-9.660549482937664578e+00 3.821559233204028061e+01
-9.644738231777775894e+00 3.791737057466040284e+01
-9.628926980617883657e+00 3.789033144785542362e+01
-9.613115729457991421e+00 3.833875106174414782e+01
-9.597304478298102737e+00 3.940206170437325284e+01
-9.581493227138210500e+00 4.109959889326842131e+01
-9.565681975978321816e+00 4.331294215120251323e+01
-9.549870724818429579e+00 4.580835451550749582e+01
-9.534059473658537343e+00 4.828901018045639404e+01
-9.518248222498648659e+00 5.045907098861591322e+01
-9.502436971338756422e+00 5.208121087127250348e+01
-9.486625720178867738e+00 5.301476529297139706e+01
-9.470814469018975501e+00 5.323000329257633467e+01
-9.455003217859083264e+00 5.280142338688292369e+01
-9.439191966699194580e+00 5.188708064001542652e+01
-9.423380715539302344e+00 5.070134740122436767e+01
-9.407569464379413660e+00 4.948637277702724901e+01
-9.391758213219521423e+00 4.848464724209637211e+01
-9.375946962059632739e+00 4.791303876856657951e+01
-9.360135710899740502e+00 4.793822817488018728e+01
-9.344324459739848265e+00 4.865458396423561283e+01
-9.328513208579959581e+00 5.006744498515440966e+01
-9.312701957420067345e+00 5.208635309151051729e+01
-9.296890706260178661e+00 5.453276643523030742e+01
-9.281079455100286424e+00 5.716440731091007876e+01
-9.265268203940394187e+00 5.971384846446034800e+01
-9.249456952780505503e+00 6.193361909205701465e+01
-9.233645701620613266e+00 6.363630213540781000e+01
-9.217834450460724582e+00 6.471804435568282088e+01
-9.202023199300832346e+00 6.515861004528304079e+01
-9.186211948140940109e+00 6.499944379634347058e+01
-9.170400696981051425e+00 6.430994463966084140e+01
-9.154589445821159188e+00 6.315721166962732269e+01
-9.138778194661270504e+00 6.159297155607757190e+01
-9.122966943501378267e+00 5.966324798780612326e+01
-9.107155692341486031e+00 5.743495616253761682e+01
-9.091344441181597347e+00 5.502433385411617195e+01
-9.075533190021705110e+00 5.260960014891363556e+01
-9.059721938861816426e+00 5.041599655016692338e+01
-9.043910687701924189e+00 4.867301849618682752e+01
-9.028099436542031953e+00 4.755608694440375928e+01
-9.012288185382143268e+00 4.713280287328861107e+01
-8.996476934222251032e+00 4.733404205312002944e+01
-8.980665683062362348e+00 4.796249781850111304e+01
-8.964854431902470111e+00 4.873881111329338012e+01
-8.949043180742581427e+00 4.937268603096116237e+01
-8.933231929582689190e+00 4.963783702080822735e+01
-8.917420678422796954e+00 4.942813772626124091e+01
-8.901609427262908270e+00 4.877834749308311046e+01
-8.885798176103016033e+00 4.784413576519179401e+01
-8.869986924943127349e+00 4.684891439989458917e+01
-8.854175673783235112e+00 4.601497553134322516e+01
-8.838364422623342875e+00 4.550046269151070533e+01
-8.822553171463454191e+00 4.536068908922734977e+01
-8.806741920303561955e+00 4.554348343375413322e+01
-8.790930669143673271e+00 4.591666989402187937e+01
-8.775119417983781034e+00 4.631544402124509219e+01
-8.759308166823888797e+00 4.659188561715509280e+01
-8.743496915664000113e+00 4.665008455738971804e+01
-8.727685664504107876e+00 4.645773329962933929e+01
-8.711874413344219192e+00 4.603542476130750316e+01
-8.696063162184326956e+00 4.543379685743406071e+01
-8.680251911024434719e+00 4.471221069007815174e+01
-8.664440659864546035e+00 4.392943832492436229e+01
-8.648629408704653798e+00 4.314868337293782474e+01
-8.632818157544765114e+00 4.245033792829678987e+01
-8.617006906384872877e+00 4.194067419515277351e+01
-8.601195655224980641e+00 4.174577712989775335e+01
-8.585384404065091957e+00 4.198694553431381138e+01
-8.569573152905199720e+00 4.274323587639086952e+01
-8.553761901745311036e+00 4.401432626676681537e+01
-8.537950650585418799e+00 4.569886634917246937e+01
-8.522139399425530115e+00 4.759887979449587903e+01
-8.506328148265637878e+00 4.945147675711938007e+01
-8.490516897105745642e+00 5.097909004717514847e+01
-8.474705645945856958e+00 5.194296981823909931e+01
-8.458894394785964721e+00 5.218443526187050452e+01
-8.443083143626076037e+00 5.164420353159636079e+01
-8.427271892466183800e+00 5.035904096139092445e+01
-8.411460641306291564e+00 4.844275825093814802e+01
-8.395649390146402880e+00 4.606182442350706197e+01
-8.379838138986510643e+00 4.341381481606057946e+01
-8.364026887826621959e+00 4.071158039696411635e+01
-8.348215636666729722e+00 3.817092811952764464e+01
-8.332404385506837485e+00 3.599755039215387598e+01
-8.316593134346948801e+00 3.437053711055179406e+01
-8.300781883187056565e+00 3.342342602763871895e+01
-8.284970632027167881e+00 3.322690381086822953e+01
-8.269159380867275644e+00 3.377822660904654128e+01
-8.253348129707383407e+00 3.500101322001619053e+01
-8.237536878547494723e+00 3.675631322537164891e+01
-8.221725627387602486e+00 3.886306230519309679e+01
-8.205914376227713802e+00 4.112404513059975386e+01
-8.190103125067821566e+00 4.335257774340023929e+01
-8.174291873907929329e+00 4.539530585646053851e+01
-8.158480622748040645e+00 4.714770714840390298e+01
-8.142669371588148408e+00 4.856081246504248838e+01
-8.126858120428259724e+00 4.963973742381921284e+01
-8.111046869268367487e+00 5.043608047390058857e+01
-8.095235618108475251e+00 5.103656388833452695e+01
-8.079424366948586567e+00 5.154953433763429871e+01
-8.063613115788694330e+00 5.208977243844176286e+01
-8.047801864628805646e+00 5.276139258451247827e+01
-8.031990613468913409e+00 5.363906735279733340e+01
-8.016179362309024725e+00 5.474936330938340490e+01
-8.000368111149132488e+00 5.605592672033520785e+01
-7.984556859989241140e+00 5.745350772497355507e+01
-7.968745608829352456e+00 5.877533714848769364e+01
-7.952934357669460219e+00 5.981573668273821909e+01
-7.937123106509571535e+00 6.036554201277473908e+01
-7.921311855349679298e+00 6.025334320435967328e+01
-7.905500604189787062e+00 5.938253698286683147e+01
-7.889689353029898378e+00 5.775426685574855412e+01
-7.873878101870006141e+00 5.546995021627573408e+01
-7.858066850710117457e+00 5.271323167760400707e+01
-7.842255599550225220e+00 4.971757744453060468e+01
-7.826444348390332983e+00 4.672967100289726972e+01
-7.810633097230444299e+00 4.397848376883830923e+01
-7.794821846070552063e+00 4.165549340843848114e+01
-7.779010594910663379e+00 3.990526390944682333e+01
-7.763199343750771142e+00 3.882091672250154346e+01
-7.747388092590878905e+00 3.843867429708588190e+01
-7.731576841430990221e+00 3.872997648317976171e+01
-7.715765590271097984e+00 3.959601120535617014e+01
-7.699954339111209300e+00 4.087349995659379687e+01
-7.684143087951317064e+00 4.235871370355116028e+01
-7.668331836791424827e+00 4.384870418858702834e+01
-7.652520585631536143e+00 4.518832137094210566e+01
-7.636709334471643906e+00 4.630471470937275313e+01
-7.620898083311755222e+00 4.721257655806696363e+01
-7.605086832151862986e+00 4.798412214940687903e+01
-7.589275580991974302e+00 4.869338958527473693e+01
-7.573464329832082065e+00 4.935745363991438950e+01
-7.557653078672189828e+00 4.990086484790263910e+01
-7.541841827512301144e+00 5.016160879480612778e+01
-7.526030576352408907e+00 4.994027354177273281e+01
-7.510219325192520223e+00 4.907607938557176652e+01
-7.494408074032627987e+00 4.752168532254918176e+01
-7.478596822872735750e+00 4.538803584339634511e+01
-7.462785571712847066e+00 4.294095682318852880e+01
-7.446974320552954829e+00 4.054833662084026713e+01
-7.431163069393066145e+00 3.859382428861295011e+01
-7.415351818233173908e+00 3.738380889779734417e+01
-7.399540567073281672e+00 3.707557367075207821e+01
-7.383729315913392988e+00 3.764634588244516777e+01
-7.367918064753500751e+00 3.890921971023638548e+01
-7.352106813593612067e+00 4.056790605567895369e+01
-7.336295562433719830e+00 4.229257827155434768e+01
-7.320484311273827593e+00 4.379599420298981727e+01
-7.304673060113938909e+00 4.489207772578365052e+01
-7.288861808954046673e+00 4.552586728116803272e+01
-7.273050557794157989e+00 4.577145965241859926e+01
-7.257239306634265752e+00 4.580138927883203337e+01
-7.241428055474373515e+00 4.583598287759732415e+01
-7.225616804314484831e+00 4.608444280224538403e+01
-7.209805553154592594e+00 4.669059623201319198e+01
-7.193994301994703910e+00 4.769510548975519271e+01
-7.178183050834811674e+00 4.902233887608555563e+01
-7.162371799674922990e+00 5.049453994222707109e+01
-7.146560548515030753e+00 5.186965130249044620e+01
-7.130749297355138516e+00 5.289380748566323120e+01
-7.114938046195249832e+00 5.335654607227761659e+01
-7.099126795035357596e+00 5.313683264299662312e+01
-7.083315543875468911e+00 5.223068240495516790e+01
-7.067504292715576675e+00 5.075538416334517677e+01
-7.051693041555684438e+00 4.892984791848446235e+01
-7.035881790395795754e+00 4.703460565057215348e+01
-7.020070539235903517e+00 4.535832506891419769e+01
-7.004259288076014833e+00 4.414045654844078825e+01
-6.988448036916122597e+00 4.352158645053989261e+01
-6.972636785756230360e+00 4.351329133035956431e+01
-6.956825534596341676e+00 4.399655154913622113e+01
-6.941014283436449439e+00 4.475156824688067303e+01
-6.925203032276560755e+00 4.551324986565939668e+01
-6.909391781116668518e+00 4.603848939054537226e+01
-6.893580529956776282e+00 4.616699299714341009e+01
-6.877769278796887598e+00 4.585901752909422413e+01
-6.861958027636995361e+00 4.520063794707274951e+01
-6.846146776477106677e+00 4.437733825053285130e+01
-6.830335525317214440e+00 4.362587082597427468e+01
-6.814524274157322203e+00 4.317919732667858312e+01
-6.798713022997433519e+00 4.321869298035466755e+01
-6.782901771837541283e+00 4.384279315756700868e+01
-6.767090520677652599e+00 4.505459087952785069e+01
-6.751279269517760362e+00 4.676550136600788221e+01
-6.735468018357871678e+00 4.880988866517029123e+01
-6.719656767197979441e+00 5.096659014257604525e+01
-6.703845516038087204e+00 5.298592367749104426e+01
-6.688034264878198520e+00 5.462251473528854717e+01
-6.672223013718306284e+00 5.567319588854933698e+01
-6.656411762558417600e+00 5.601522925836267319e+01
-6.640600511398525363e+00 5.563536118578181799e+01
-6.624789260238633126e+00 5.463822444229872133e+01
-6.608978009078744442e+00 5.322613494023400449e+01
-6.593166757918852205e+00 5.165144103046827695e+01
-6.577355506758963521e+00 5.015389691245082560e+01
-6.561544255599071285e+00 4.890355829066709958e+01
-6.545733004439179048e+00 4.796969369712645204e+01
-6.529921753279290364e+00 4.732700455443984566e+01
-6.514110502119398127e+00 4.689554363857428143e+01
-6.498299250959509443e+00 4.659678006809433981e+01
-6.482487999799617207e+00 4.640178439484573403e+01
-6.466676748639724970e+00 4.635150947001715593e+01
-6.450865497479836286e+00 4.654165284662502700e+01
-6.435054246319944049e+00 4.707977906395694845e+01
-6.419242995160055365e+00 4.803355647823219954e+01
-6.403431744000163128e+00 4.939170198033042425e+01
-6.387620492840270892e+00 5.105310897471595410e+01
-6.371809241680382208e+00 5.284791368952156176e+01
-6.355997990520489971e+00 5.458198849823963172e+01
-6.340186739360601287e+00 5.608813599143753947e+01
-6.324375488200709050e+00 5.726563204846947741e+01
-6.308564237040820366e+00 5.809471535114830942e+01
-6.292752985880928129e+00 5.862201702444810536e+01
-6.276941734721035893e+00 5.892343714844083280e+01
-6.261130483561147209e+00 5.905907279810764976e+01
-6.245319232401254972e+00 5.903769404218298433e+01
-6.229507981241366288e+00 5.880474520557452678e+01
-6.213696730081474051e+00 5.825889727205456836e+01
-6.197885478921581814e+00 5.729096613942923710e+01
-6.182074227761693130e+00 5.583000332469627836e+01
-6.166262976601800894e+00 5.387854447599303143e+01
-6.150451725441912210e+00 5.152389366146807248e+01
-6.134640474282019973e+00 4.892288728289375399e+01
-6.118829223122127736e+00 4.626884616052921473e+01
-6.103017971962239052e+00 4.375584888712102583e+01
-6.087206720802346815e+00 4.155391961631067232e+01
-6.071395469642458131e+00 3.980037941623165665e+01
-6.055584218482565895e+00 3.860240793421019134e+01
-6.039772967322673658e+00 3.803976586913577762e+01
-6.023961716162784974e+00 3.815813719193037201e+01
-6.008150465002892737e+00 3.895159976709525296e+01
-5.992339213843004053e+00 4.034232268118767450e+01
-5.976527962683111816e+00 4.217078690281922349e+01
-5.960716711523219580e+00 4.420732850758621169e+01
-5.944905460363330896e+00 4.618685435534975170e+01
-5.929094209203438659e+00 4.785811037439388826e+01
-5.913282958043549975e+00 4.903248167947788971e+01
-5.897471706883657738e+00 4.961796606207652616e+01
-5.881660455723769054e+00 4.963061412131614247e+01
-5.865849204563876818e+00 4.918429886351409408e+01
-5.850037953403984581e+00 4.846580657630380529e+01
-5.834226702244095897e+00 4.770376658962781136e+01
-5.818415451084203660e+00 4.713763608248099501e+01
-5.802604199924314976e+00 4.698937509904563115e+01
-5.786792948764422739e+00 4.743795815966691265e+01
-5.770981697604530503e+00 4.859638949078323833e+01
-5.755170446444641819e+00 5.049194202132124332e+01
-5.739359195284749582e+00 5.305197528662628770e+01
-5.723547944124860898e+00 5.609922259971845193e+01
-5.707736692964968661e+00 5.936141093011062253e+01
-5.691925441805076424e+00 6.249972767169744259e+01
-5.676114190645187740e+00 6.515782146424909627e+01
-5.660302939485295504e+00 6.702701728652198199e+01
-5.644491688325406820e+00 6.791530436519313696e+01
-5.628680437165514583e+00 6.780079426694099709e+01
-5.612869186005622346e+00 6.684923236260075896e+01
-5.597057934845733662e+00 6.538272345879596514e+01
-5.581246683685841425e+00 6.380201679675077031e+01
-5.565435432525952741e+00 6.248194861519866095e+01
-5.549624181366060505e+00 6.167133290056442263e+01
-5.533812930206168268e+00 6.142897490532180171e+01
-5.518001679046279584e+00 6.161587467767046178e+01
-5.502190427886387347e+00 6.194487981655022679e+01
-5.486379176726498663e+00 6.207073377317156115e+01
-5.470567925566606426e+00 6.169237321548557418e+01
-5.454756674406717742e+00 6.063834032377689454e+01
-5.438945423246825506e+00 5.891387841977466167e+01
-5.423134172086933269e+00 5.670063736502192597e+01
-5.407322920927044585e+00 5.431262851726731355e+01
-5.391511669767152348e+00 5.212212264165079745e+01
-5.375700418607263664e+00 5.047506947547899614e+01
-5.359889167447371427e+00 4.961676208597432236e+01
-5.344077916287479191e+00 4.964480569372226171e+01
-5.328266665127590507e+00 5.049861267271287346e+01
-5.312455413967698270e+00 5.198446137242536480e+01
-5.296644162807809586e+00 5.382565759220507573e+01
-5.280832911647917349e+00 5.572179058294597809e+01
-5.265021660488025113e+00 5.740138654003168028e+01
-5.249210409328136429e+00 5.865779059948393126e+01
-5.233399158168244192e+00 5.936584353748951060e+01
-5.217587907008355508e+00 5.948310409044555769e+01
-5.201776655848463271e+00 5.904159395037512326e+01
-5.185965404688571034e+00 5.813446903644857144e+01
-5.170154153528682350e+00 5.689894810794606173e+01
-5.154342902368790114e+00 5.549500247492785832e+01
-5.138531651208901430e+00 5.408013968968537455e+01
-5.122720400049009193e+00 5.278344865201316338e+01
-5.106909148889116956e+00 5.168482825851026519e+01
-5.091097897729228272e+00 5.080587560508274692e+01
-5.075286646569336035e+00 5.011633933161697030e+01
-5.059475395409447351e+00 4.955506189134125350e+01
-5.043664144249555115e+00 4.905889137121685906e+01
-5.027852893089662878e+00 4.858944930213796454e+01
-5.012041641929774194e+00 4.814763203191100160e+01
-4.996230390769881957e+00 4.776975792118745545e+01
-4.980419139609993273e+00 4.750623091301959278e+01
-4.964607888450101036e+00 4.739100281801075454e+01
-4.948796637290212352e+00 4.741495058320313660e+01
-4.932985386130320116e+00 4.751612621053761387e+01
-4.917174134970427879e+00 4.759404120216927225e+01
-4.901362883810539195e+00 4.754543995456975125e+01
-4.885551632650646958e+00 4.730913807090124834e+01
-4.869740381490758274e+00 4.690185161488761167e+01
-4.853929130330866037e+00 4.642864311170333025e+01
-4.838117879170973801e+00 4.606079738658164047e+01
-4.822306628011085117e+00 4.598721017825159407e+01
-4.806495376851192880e+00 4.635691822490090175e+01
-4.790684125691304196e+00 4.723461352499229093e+01
-4.774872874531411959e+00 4.858538030951651621e+01
-4.759061623371519723e+00 5.029176158342227154e+01
-4.743250372211631039e+00 5.219190421735726204e+01
-4.727439121051738802e+00 5.411917210922320720e+01
-4.711627869891850118e+00 5.592552248951029981e+01
-4.695816618731957881e+00 5.748194674397760906e+01
-4.680005367572065644e+00 5.866328656348193249e+01
-4.664194116412176960e+00 5.933404939066243600e+01
-4.648382865252284724e+00 5.935145140779436446e+01
-4.632571614092396040e+00 5.859221370736652545e+01
-4.616760362932503803e+00 5.699602745761634282e+01
-4.600949111772611566e+00 5.460827720901029636e+01
-4.585137860612722882e+00 5.160258507863002109e+01
-4.569326609452830645e+00 4.827048874751758945e+01
-4.553515358292941961e+00 4.497741965026738598e+01
-4.537704107133049725e+00 4.209577664532757524e+01
-4.521892855973161041e+00 3.993309150684257958e+01
-4.506081604813268804e+00 3.867442214195163075e+01
-4.490270353653376567e+00 3.835385534770173166e+01
-4.474459102493487883e+00 3.886217085392753035e+01
-4.458647851333595646e+00 3.998836086319691674e+01
-4.442836600173706962e+00 4.148385884648089927e+01
-4.427025349013814726e+00 4.313210175724963591e+01
-4.411214097853922489e+00 4.480429093464896795e+01
-4.395402846694033805e+00 4.648581727438608624e+01
-4.379591595534141568e+00 4.826602331245849342e+01
-4.363780344374252884e+00 5.029442122348812205e+01
-4.347969093214360647e+00 5.271602596483364067e+01
-4.332157842054468411e+00 5.560433239402637184e+01
-4.316346590894579727e+00 5.891112959021653239e+01
-4.300535339734687490e+00 6.244776994043785834e+01
-4.284724088574798806e+00 6.590400558052222380e+01
-4.268912837414906569e+00 6.890038654604526869e+01
-4.253101586255014332e+00 7.106130243816802761e+01
-4.237290335095125648e+00 7.209060347841578675e+01
-4.221479083935233412e+00 7.183175580582883413e+01
-4.205667832775344728e+00 7.029930799215532033e+01
-4.189856581615452491e+00 6.767613090173834678e+01
-4.174045330455560254e+00 6.427889163695736841e+01
-4.158234079295671570e+00 6.050053649320651061e+01
-4.142422828135779334e+00 5.674232471551638213e+01
-4.126611576975890650e+00 5.334916111995936916e+01
-4.110800325815998413e+00 5.056075942482816288e+01
-4.094989074656109729e+00 4.848749685746591354e+01
-4.079177823496217492e+00 4.711391255457770910e+01
-4.063366572336325255e+00 4.632584194361164265e+01
-4.047555321176436571e+00 4.595143364119076068e+01
-4.031744070016544335e+00 4.580414852711931673e+01
-4.015932818856655651e+00 4.571823945759770425e+01
-4.000121567696763414e+00 4.557270894673776240e+01
-3.984310316536871177e+00 4.530508172636333342e+01
-3.968499065376982493e+00 4.491839546529907778e+01
-3.952687814217090256e+00 4.448272562983310507e+01
-3.936876563057201572e+00 4.412840495070932434e+01
-3.921065311897309336e+00 4.402567195262270161e+01
-3.905254060737417099e+00 4.434777699172649079e+01
-3.889442809577528415e+00 4.522160600050712986e+01
-3.873631558417636178e+00 4.667833081535723494e+01
-3.857820307257747494e+00 4.862154803516732215e+01
-3.842009056097855257e+00 5.082815450265849222e+01
-3.826197804937963021e+00 5.298761279805176372e+01
-3.810386553778074337e+00 5.477183028988066837e+01
-3.794575302618182100e+00 5.591618981094526220e+01
-3.778764051458293416e+00 5.628724034807298437e+01
-3.762952800298401179e+00 5.591622642561532075e+01
-3.747141549138508942e+00 5.498849309480787895e+01
-3.731330297978620258e+00 5.379268584540741927e+01
-3.715519046818728022e+00 5.264559632489086027e+01
-3.699707795658839338e+00 5.181460148627621720e+01
-3.683896544498947101e+00 5.145840324768173701e+01
-3.668085293339058417e+00 5.159940544911368931e+01
-3.652274042179166180e+00 5.213079235237638898e+01
-3.636462791019273944e+00 5.285199503045724612e+01
-3.620651539859385259e+00 5.352050926089106753e+01
-3.604840288699493023e+00 5.390670788658000134e+01
-3.589029037539604339e+00 5.384027364229992685e+01
-3.573217786379712102e+00 5.324035848215023492e+01
-3.557406535219819865e+00 5.212530000001081731e+01
-3.541595284059931181e+00 5.060147032917384280e+01
-3.525784032900038945e+00 4.883483332471362814e+01
-3.509972781740150261e+00 4.701275262310089431e+01
-3.494161530580258024e+00 4.530628834528702953e+01
-3.478350279420365787e+00 4.384307123017723029e+01
-3.462539028260477103e+00 4.269715623241579294e+01
-3.446727777100584866e+00 4.189604811519668459e+01
-3.430916525940696182e+00 4.143882366853220844e+01
-3.415105274780803946e+00 4.131563879683024965e+01
-3.399294023620911709e+00 4.151943654916607329e+01
-3.383482772461023025e+00 4.204503391195919448e+01
-3.367671521301130788e+00 4.287703592782424522e+01
-3.351860270141242104e+00 4.397361548722298608e+01
-3.336049018981349867e+00 4.525588123570958032e+01
-3.320237767821457631e+00 4.661120445935455336e+01
-3.304426516661568947e+00 4.791377198546036453e+01
-3.288615265501676710e+00 4.905842152121737598e+01
-3.272804014341788026e+00 4.999709985703650261e+01
-3.256992763181895789e+00 5.076384376636861617e+01
-3.241181512022007105e+00 5.147593734716301839e+01
-3.225370260862114868e+00 5.230594862044831928e+01
-3.209559009702222632e+00 5.342960267514698813e+01
-3.193747758542333948e+00 5.496419534073192636e+01
-3.177936507382441711e+00 5.691756612438656759e+01
-3.162125256222553027e+00 5.916606307125853448e+01
-3.146314005062660790e+00 6.147155226470087541e+01
-3.130502753902768553e+00 6.353506306427873085e+01
-3.114691502742879869e+00 6.507239154992242902e+01
-3.098880251582987633e+00 6.588915739749977263e+01
-3.083069000423098949e+00 6.593218628734207698e+01
-3.067257749263206712e+00 6.530108085349631608e+01
-3.051446498103314475e+00 6.421637073219302749e+01
-3.035635246943425791e+00 6.295468310581913585e+01
-3.019823995783533555e+00 6.177215052258596728e+01
-3.004012744623644871e+00 6.084077507152560571e+01
-2.988201493463752634e+00 6.021711690556872298e+01
-2.972390242303860397e+00 5.985027044890038184e+01
-2.956578991143971713e+00 5.962145085257228772e+01
-2.940767739984079476e+00 5.939661979658532687e+01
-2.924956488824190792e+00 5.907091099199367079e+01
-2.909145237664298556e+00 5.858995956024337914e+01
-2.893333986504406319e+00 5.794524174198834743e+01
-2.877522735344517635e+00 5.715235165359813152e+01
-2.861711484184625398e+00 5.622739556268425076e+01
-2.845900233024736714e+00 5.517507485622032704e+01
-2.830088981864844477e+00 5.399424388858560064e+01
-2.814277730704955793e+00 5.269720328792499942e+01
-2.798466479545063557e+00 5.133237562327327197e+01
-2.782655228385171320e+00 4.999885818530982817e+01
-2.766843977225282636e+00 4.884522090939028516e+01
-2.751032726065390399e+00 4.805120845192865175e+01
-2.735221474905501715e+00 4.779670314967287226e+01
-2.719410223745609478e+00 4.822555235518087358e+01
-2.703598972585717242e+00 4.941246831751853108e+01
-2.687787721425828558e+00 5.134006747162521123e+01
-2.671976470265936321e+00 5.389117517055209561e+01
-2.656165219106047637e+00 5.685909428388684006e+01
-2.640353967946155400e+00 5.997540280890653719e+01
-2.624542716786263163e+00 6.295095222325966233e+01
-2.608731465626374479e+00 6.552184760941801756e+01
-2.592920214466482243e+00 6.748987780103534817e+01
-2.577108963306593559e+00 6.874770855545641268e+01
-2.561297712146701322e+00 6.928359190262399636e+01
-2.545486460986809085e+00 6.916699424936135188e+01
-2.529675209826920401e+00 6.852258273408943978e+01
-2.513863958667028164e+00 6.750258651469857796e+01
-2.498052707507139480e+00 6.626546076091312898e+01
-2.482241456347247244e+00 6.496332639281058619e+01
-2.466430205187355007e+00 6.373504667384147382e+01
-2.450618954027466323e+00 6.269931456449160123e+01
-2.434807702867574086e+00 6.194411120499049872e+01
-2.418996451707685402e+00 6.151386941809048636e+01
-2.403185200547793166e+00 6.140017150435257776e+01
-2.387373949387904482e+00 6.154255448941258066e+01
-2.371562698228012245e+00 6.184206036870944700e+01
-2.355751447068120008e+00 6.218370996382687821e+01
-2.339940195908231324e+00 6.245910576099167599e+01
-2.324128944748339087e+00 6.258023585590858318e+01
-2.308317693588450403e+00 6.248073110836774191e+01
-2.292506442428558167e+00 6.210842079861082965e+01
-2.276695191268665930e+00 6.141841045093998019e+01
-2.260883940108777246e+00 6.037554388023551155e+01
-2.245072688948885009e+00 5.896885949632428492e+01
-2.229261437788996325e+00 5.723199876830967980e+01
-2.213450186629104088e+00 5.525763557443977447e+01
-2.197638935469211852e+00 5.319465275317342901e+01
-2.181827684309323168e+00 5.122409478222072465e+01
-2.166016433149430931e+00 4.952012536107082497e+01
-2.150205181989542247e+00 4.820983258519424908e+01
-2.134393930829650010e+00 4.734667974463424400e+01
-2.118582679669757773e+00 4.690634235593706336e+01
-2.102771428509869089e+00 4.680405289434792593e+01
-2.086960177349976853e+00 4.692449232021014183e+01
-2.071148926190088169e+00 4.715244558077547055e+01
-2.055337675030195932e+00 4.739524888886933951e+01
-2.039526423870303695e+00 4.759376621036925314e+01
-2.023715172710415011e+00 4.772353316635585685e+01
-2.007903921550522774e+00 4.778955920352756692e+01
-1.992092670390634090e+00 4.781741033849241518e+01
-1.976281419230741854e+00 4.784167819207576855e+01
-1.960470168070849617e+00 4.789268987499975339e+01
-1.944658916910960933e+00 4.798360195672260176e+01
-1.928847665751068696e+00 4.810146594616605142e+01
-1.913036414591180012e+00 4.820569967788432564e+01
-1.897225163431287775e+00 4.823502523960138433e+01
-1.881413912271399091e+00 4.812040270116621343e+01
-1.865602661111506855e+00 4.779882024594991208e+01
-1.849791409951614618e+00 4.722258164676684800e+01
-1.833980158791725934e+00 4.636109609504514140e+01
-1.818168907631833697e+00 4.519581603853108476e+01
-1.802357656471945013e+00 4.371203298630139500e+01
-1.786546405312052777e+00 4.189240046633170778e+01
-1.770735154152160540e+00 3.971606000124481994e+01
-1.754923902992271856e+00 3.716478389737581267e+01
-1.739112651832379619e+00 3.423468583352791939e+01
-1.723301400672490935e+00 3.094974894367395279e+01
-1.707490149512598698e+00 2.737232997823915781e+01
-1.691678898352706462e+00 2.360623612741193256e+01
-1.675867647192817778e+00 1.978990313404779755e+01
-1.660056396032925541e+00 1.608015351865019227e+01
-1.644245144873036857e+00 1.263006192937272409e+01
-1.628433893713144620e+00 9.566486057163110956e+00
-1.612622642553252383e+00 6.973003954241933755e+00
-1.596811391393363699e+00 4.882226390230862023e+00
-1.581000140233471463e+00 3.278450887382051704e+00
-1.565188889073582779e+00 2.108606015076766482e+00
-1.549377637913690542e+00 1.297509153619367028e+00
-1.533566386753798305e+00 7.631380638231459734e-01
-1.517755135593909621e+00 4.286759955196203231e-01
-1.501943884434017384e+00 2.298267032760647477e-01
-1.486132633274128700e+00 1.175375006685796531e-01
-1.470321382114236464e+00 5.731341382367748094e-02
-1.454510130954347780e+00 2.663621611764494315e-02
-1.438698879794455543e+00 1.179466486934386757e-02
-1.422887628634563306e+00 4.974839747390233033e-03
-1.407076377474674622e+00 1.998277984221238490e-03
-1.391265126314782385e+00 7.642492226244203572e-04
-1.375453875154893701e+00 2.782587011429153516e-04
-1.359642623995001465e+00 9.643632101571296368e-05
-1.343831372835109228e+00 3.180998072285733509e-05
-1.328020121675220544e+00 9.985677945573731727e-06
-1.312208870515328307e+00 2.982977724056238060e-06
-1.296397619355439623e+00 8.479164770285352864e-07
-1.280586368195547387e+00 2.293314100870792575e-07
-1.264775117035655150e+00 5.901493778823878150e-08
-1.248963865875766466e+00 1.444880704187331915e-08
-1.233152614715874229e+00 3.365580313266989750e-09
-1.217341363555985545e+00 7.458205706871094364e-10
-1.201530112396094196e+00 1.572336626525653866e-10
