# E-EF(eV) DOS(states/eV)
-3.223293226051125515e+01 3.148959581501603446e-10
-3.221788806782716108e+01 1.400166057824884284e-09
-3.220284387514307411e+01 5.950846567548389903e-09
-3.218779968245898004e+01 2.417490020122213722e-08
-3.217275548977489308e+01 9.387227186086946747e-08
-3.215771129709079901e+01 3.484148295949722758e-07
-3.214266710440671204e+01 1.236068537381230065e-06
-3.212762291172261797e+01 4.191553695460953721e-06
-3.211257871903853101e+01 1.358607512922115450e-05
-3.209753452635444404e+01 4.209198538897960829e-05
-3.208249033367034997e+01 1.246496741439912870e-04
-3.206744614098626300e+01 3.528329440864295019e-04
-3.205240194830216893e+01 9.546259855325849725e-04
-3.203735775561808197e+01 2.468785778096238299e-03
-3.202231356293398790e+01 6.102664199600877325e-03
-3.200726937024990093e+01 1.441920522558194293e-02
-3.199222517756581041e+01 3.256483023836992396e-02
-3.197718098488171989e+01 7.029781297082882130e-02
-3.196213679219762938e+01 1.450508089054284577e-01
-3.194709259951353886e+01 2.860774851917025630e-01
-3.193204840682944834e+01 5.393022300870858876e-01
-3.191700421414535782e+01 9.717746965853809593e-01
-3.190196002146126730e+01 1.673723076078609484e+00
-3.188691582877718034e+01 2.755409007167841207e+00
-3.187187163609308982e+01 4.335835471164966037e+00
-3.185682744340899930e+01 6.521440783276071684e+00
-3.184178325072490878e+01 9.375579921304861841e+00
-3.182673905804081826e+01 1.288357308795177580e+01
-3.181169486535672775e+01 1.692224116182922700e+01
-3.179665067267263723e+01 2.124528521672673520e+01
-3.178160647998854671e+01 2.549471367341181605e+01
-3.176656228730445619e+01 2.924289388040631721e+01
-3.175151809462036567e+01 3.206069533856130960e+01
-3.173647390193627515e+01 3.359755264772162064e+01
-3.172142970925218464e+01 3.365303207015302434e+01
-3.170638551656809412e+01 3.221976282265141123e+01
-3.169134132388400360e+01 2.948504610429928618e+01
-3.167629713119991308e+01 2.579065872880289234e+01
-3.166125293851582612e+01 2.156275748757227007e+01
-3.164620874583173560e+01 1.723171409927447684e+01
-3.163116455314764508e+01 1.316253848262331871e+01
-3.161612036046355456e+01 9.610711112709276804e+00
-3.160107616777946404e+01 6.708740118750462500e+00
-3.158603197509537353e+01 4.479519877980774112e+00
-3.157098778241128301e+01 2.866666219948343475e+00
-3.155594358972719249e+01 1.770572828091384832e+00
-3.154089939704310197e+01 1.081178625297320561e+00
-3.152585520435901145e+01 7.024565716248039049e-01
-3.151081101167492093e+01 5.674733206768662885e-01
-3.149576681899083042e+01 6.452640103507865099e-01
-3.148072262630673990e+01 9.413953578457936455e-01
-3.146567843362264938e+01 1.493407206879708182e+00
-3.145063424093856241e+01 2.361203201058708512e+00
-3.143559004825447190e+01 3.611834943033661816e+00
-3.142054585557038138e+01 5.298660229999551774e+00
-3.140550166288629086e+01 7.436709116673297260e+00
-3.139045747020220034e+01 9.978743748022910864e+00
-3.137541327751810982e+01 1.279880383067626681e+01
-3.136036908483401930e+01 1.569056948214664615e+01
-3.134532489214992879e+01 1.838559121715343281e+01
-3.133028069946583827e+01 2.059132747922277318e+01
-3.131523650678174775e+01 2.204237942600967415e+01
-3.130019231409765723e+01 2.255276826164496384e+01
-3.128514812141356671e+01 2.205507105858493233e+01
-3.127010392872947619e+01 2.061504438937251393e+01
-3.125505973604538568e+01 1.841735627198295333e+01
-3.124001554336129516e+01 1.572669630955296682e+01
-3.122497135067720819e+01 1.283556254019952014e+01
-3.120992715799311767e+01 1.001289224840748915e+01
-3.119488296530902716e+01 7.465718347002935573e+00
-3.117983877262493664e+01 5.320494707124416855e+00
-3.116479457994084612e+01 3.624140611713459581e+00
-3.114975038725675560e+01 2.359662475592168907e+00
-3.113470619457266508e+01 1.468835034071749313e+00
-3.111966200188857457e+01 8.749089521987793994e-01
-3.110461780920448405e+01 5.006745818041284934e-01
-3.108957361652039353e+01 2.801237598514763061e-01
-3.107452942383630301e+01 1.643495283575378829e-01
-3.105948523115221249e+01 1.236977266661585806e-01
-3.104444103846812197e+01 1.485280943456137592e-01
-3.102939684578403146e+01 2.505117595604783309e-01
-3.101435265309994449e+01 4.654618526689630054e-01
-3.099930846041585397e+01 8.574416840591254640e-01
-3.098426426773176345e+01 1.522442271620907395e+00
-3.096922007504767294e+01 2.588483860027091410e+00
-3.095417588236358242e+01 4.208029298844367716e+00
-3.093913168967949190e+01 6.538800560883482049e+00
-3.092408749699540138e+01 9.711173793977854629e+00
-3.090904330431131086e+01 1.378455016676904776e+01
-3.089399911162722034e+01 1.870075479408512820e+01
-3.087895491894312983e+01 2.424772453864725463e+01
-3.086391072625903931e+01 3.004886569683821662e+01
-3.084886653357494879e+01 3.559019746682958640e+01
-3.083382234089085827e+01 4.028820618624496319e+01
-3.081877814820676775e+01 4.358837536911416066e+01
-3.080373395552267723e+01 4.507218903695020629e+01
-3.078868976283859027e+01 4.454426914340756127e+01
-3.077364557015449975e+01 4.207462383616198309e+01
-3.075860137747040923e+01 3.798340233076654471e+01
-3.074355718478631871e+01 3.277273625491545062e+01
-3.072851299210222820e+01 2.702568804039296424e+01
-3.071346879941813768e+01 2.130031532721904597e+01
-3.069842460673404716e+01 1.604502960181807936e+01
-3.068338041404995664e+01 1.155154910942713897e+01
-3.066833622136586612e+01 7.948499487535077179e+00
-3.065329202868177561e+01 5.227274267482395764e+00
-3.063824783599768509e+01 3.285569353557507899e+00
-3.062320364331359457e+01 1.973745733495978261e+00
-3.060815945062950405e+01 1.133227180701759762e+00
-3.059311525794541353e+01 6.218533428775427918e-01
-3.057807106526132301e+01 3.261400814863731901e-01
-3.056302687257723605e+01 1.634803609475180552e-01
-3.054798267989314553e+01 7.831991544308919417e-02
-3.053293848720905501e+01 3.586113578359351184e-02
-3.051789429452496449e+01 1.569354575429167051e-02
-3.050285010184087398e+01 6.563920638704220586e-03
-3.048780590915678346e+01 2.623921088465098941e-03
-3.047276171647269294e+01 1.002497785182101175e-03
-3.045771752378860242e+01 3.660675862786999350e-04
-3.044267333110451190e+01 1.277568896736899719e-04
-3.042762913842042138e+01 4.261402766658817963e-05
-3.041258494573633087e+01 1.358519993466383914e-05
-3.039754075305224035e+01 4.139278817088502279e-06
-3.038249656036814983e+01 1.205392601771075567e-06
-3.036745236768405931e+01 3.354884356073011124e-07
-3.035240817499996879e+01 8.924251024310991374e-08
-3.033736398231588183e+01 2.268878237750271459e-08
-3.032231978963179131e+01 5.513098973369616261e-09
-3.030727559694770079e+01 1.280340884353751559e-09
-3.029223140426361027e+01 2.841854309705345685e-10
-3.027718721157951975e+01 6.029177350011801428e-11
-3.026214301889542924e+01 1.225408966589304454e-11
-3.024709882621133872e+01 2.544026899197243675e-12
-3.023205463352724820e+01 1.391530950663715074e-12
-3.021701044084315768e+01 5.024832562236862832e-12
-3.020196624815906716e+01 2.456229100489648404e-11
-3.018692205547497664e+01 1.164307882294587078e-10
-3.017187786279088613e+01 5.277508637033701835e-10
-3.015683367010679561e+01 2.286355717828161524e-09
-3.014178947742270509e+01 9.466870307142416417e-09
-3.012674528473861457e+01 3.746433828506604563e-08
-3.011170109205452761e+01 1.417034875304511818e-07
-3.009665689937043709e+01 5.122666911968861725e-07
-3.008161270668634657e+01 1.769977002395066968e-06
-3.006656851400225605e+01 5.845188968876752965e-06
-3.005152432131816553e+01 1.844986778879695614e-05
-3.003648012863407502e+01 5.566178357485796765e-05
-3.002143593594998450e+01 1.605080498843951600e-04
-3.000639174326589398e+01 4.424056283459707850e-04
-2.999134755058180346e+01 1.165571349178387605e-03
-2.997630335789771294e+01 2.935379124608559261e-03
-2.996125916521362242e+01 7.066630944396568720e-03
-2.994621497252953191e+01 1.626308700268300211e-02
-2.993117077984544139e+01 3.578162212107807022e-02
-2.991612658716135442e+01 7.526850556854947083e-02
-2.990108239447726035e+01 1.513908058796268608e-01
-2.988603820179317339e+01 2.911815488448052380e-01
-2.987099400910908287e+01 5.356263060930976927e-01
-2.985594981642499235e+01 9.424574204281354062e-01
-2.984090562374090183e+01 1.586523799922047617e+00
-2.982586143105681131e+01 2.555746473303347255e+00
-2.981081723837272079e+01 3.940923741528238544e+00
-2.979577304568863028e+01 5.818824398299020650e+00
-2.978072885300453976e+01 8.230122358260477000e+00
-2.976568466032044924e+01 1.115631630297400712e+01
-2.975064046763635872e+01 1.450189295392762645e+01
-2.973559627495226820e+01 1.808849372016030799e+01
-2.972055208226817768e+01 2.166595100678686592e+01
-2.970550788958408717e+01 2.494089232602023998e+01
-2.969046369690000020e+01 2.761838119501489786e+01
-2.967541950421590613e+01 2.944770162403510483e+01
-2.966037531153181916e+01 3.026168781939587760e+01
-2.964533111884772865e+01 3.000071048009311170e+01
-2.963028692616363813e+01 2.871687024521216358e+01
-2.961524273347954761e+01 2.655933021931009108e+01
-2.960019854079545709e+01 2.374605955835417603e+01
-2.958515434811136657e+01 2.052930931853943974e+01
-2.957011015542727606e+01 1.716181255252258353e+01
-2.955506596274318554e+01 1.386882405034315546e+01
-2.954002177005909502e+01 1.082879119899090270e+01
-2.952497757737500450e+01 8.163453764586080297e+00
-2.950993338469091398e+01 5.936753620510062390e+00
-2.949488919200682346e+01 4.160985342984704793e+00
-2.947984499932273295e+01 2.807978153680203981e+00
-2.946480080663864598e+01 1.822750828332230011e+00
-2.944975661395455191e+01 1.137116443709600411e+00
-2.943471242127046494e+01 6.811880785071022792e-01
-2.941966822858637443e+01 3.915549803476904844e-01
-2.940462403590228391e+01 2.158278632298186450e-01
-2.938957984321819339e+01 1.140291128717726699e-01
-2.937453565053410287e+01 5.775553086954628851e-02
-2.935949145785001235e+01 2.813947985266461102e-02
-2.934444726516592183e+01 1.347150126155240504e-02
-2.932940307248183132e+01 7.068045458488509541e-03
-2.931435887979774080e+01 5.700377786635866216e-03
-2.929931468711365028e+01 8.720294657013223302e-03
-2.928427049442955976e+01 1.794238320864458003e-02
-2.926922630174546924e+01 3.834423382692104393e-02
-2.925418210906137872e+01 7.967008994253303722e-02
-2.923913791637729176e+01 1.589982250028512401e-01
-2.922409372369320124e+01 3.041809270797499742e-01
-2.920904953100911072e+01 5.577267372281868862e-01
-2.919400533832502020e+01 9.801585670162681341e-01
-2.917896114564092969e+01 1.651241261593134446e+00
-2.916391695295683917e+01 2.666959752798438554e+00
-2.914887276027274865e+01 4.130101029448865368e+00
-2.913382856758865813e+01 6.133130272066111388e+00
-2.911878437490456761e+01 8.733964388585297556e+00
-2.910374018222047710e+01 1.192804741382806988e+01
-2.908869598953638658e+01 1.562309343579634202e+01
-2.907365179685229606e+01 1.962479725364651983e+01
-2.905860760416820554e+01 2.364145742579401954e+01
-2.904356341148411502e+01 2.731207155191916769e+01
-2.902851921880002450e+01 3.025640170822350683e+01
-2.901347502611593754e+01 3.213840817022742868e+01
-2.899843083343184702e+01 3.272882727703589012e+01
-2.898338664074775650e+01 3.195094975995516506e+01
-2.896834244806366598e+01 2.989704326271437651e+01
-2.895329825537957547e+01 2.681061722375294210e+01
-2.893825406269548495e+01 2.303929366413790092e+01
-2.892320987001139443e+01 1.897105669028666597e+01
-2.890816567732730391e+01 1.497035666862548098e+01
-2.889312148464321339e+01 1.132895227744920241e+01
-2.887807729195912287e+01 8.240551573036858812e+00
-2.886303309927503236e+01 5.800735169951933834e+00
-2.884798890659094184e+01 4.026997062442847941e+00
-2.883294471390685132e+01 2.889825942160616723e+00
-2.881790052122276080e+01 2.345004853172272252e+00
-2.880285632853867028e+01 2.359020999195239998e+00
-2.878781213585458332e+01 2.922472286572562972e+00
-2.877276794317049280e+01 4.049644251191415911e+00
-2.875772375048640228e+01 5.765505088838000169e+00
-2.874267955780231176e+01 8.084060437165955904e+00
-2.872763536511822124e+01 1.098412200172616693e+01
-2.871259117243413073e+01 1.438958462722321130e+01
-2.869754697975004021e+01 1.816061443056146629e+01
-2.868250278706594969e+01 2.209937672145979093e+01
-2.866745859438185917e+01 2.596957027079498204e+01
-2.865241440169776865e+01 2.952455980445430583e+01
-2.863737020901367814e+01 3.253624611718809945e+01
-2.862232601632958762e+01 3.481735364525390253e+01
-2.860728182364549710e+01 3.623342208800411868e+01
-2.859223763096140658e+01 3.670566971440020865e+01
-2.857719343827731606e+01 3.620946119356937487e+01
-2.856214924559322910e+01 3.477345680438541109e+01
-2.854710505290913858e+01 3.248160582909825678e+01
-2.853206086022504806e+01 2.947588145906691892e+01
-2.851701666754095754e+01 2.595474248431582254e+01
-2.850197247485686702e+01 2.216259683064647845e+01
-2.848692828217277651e+01 1.836892655596905755e+01
-2.847188408948868599e+01 1.484029313868010647e+01
-2.845683989680459547e+01 1.181167718054438964e+01
-2.844179570412050495e+01 9.463924008299068547e+00
-2.842675151143641443e+01 7.911578626984582030e+00
-2.841170731875232391e+01 7.201633628780449214e+00
-2.839666312606823340e+01 7.320578340869791312e+00
-2.838161893338414288e+01 8.205797262747365650e+00
-2.836657474070005591e+01 9.757797009034009150e+00
-2.835153054801596184e+01 1.185105240821351380e+01
-2.833648635533187488e+01 1.434248035507705410e+01
-2.832144216264778436e+01 1.707728382660739186e+01
-2.830639796996369384e+01 1.989246133218942347e+01
-2.829135377727960332e+01 2.261917161814140087e+01
-2.827630958459551280e+01 2.508644562963191049e+01
-2.826126539191142228e+01 2.712972254533864458e+01
-2.824622119922733177e+01 2.860717645542922227e+01
-2.823117700654324125e+01 2.942403150190228445e+01
-2.821613281385915073e+01 2.956051050920726908e+01
-2.820108862117506021e+01 2.909458325603200990e+01
-2.818604442849096969e+01 2.820874355405097589e+01
-2.817100023580687918e+01 2.717240531311813712e+01
-2.815595604312278866e+01 2.629811500350236031e+01
-2.814091185043870169e+01 2.587857372280785739e+01
-2.812586765775460762e+01 2.611921229346396345e+01
-2.811082346507052065e+01 2.708474223066860986e+01
-2.809577927238643014e+01 2.867611168770323360e+01
-2.808073507970233962e+01 3.064697172147485205e+01
-2.806569088701824910e+01 3.265815430122412266e+01
-2.805064669433415858e+01 3.435781400892311410e+01
-2.803560250165006806e+01 3.546694403797441453e+01
-2.802055830896597755e+01 3.584740738619815659e+01
-2.800551411628188703e+01 3.553352331640538608e+01
-2.799046992359779651e+01 3.471790256935975094e+01
-2.797542573091370599e+01 3.369508144128015914e+01
-2.796038153822961547e+01 3.277875639749202463e+01
-2.794533734554552495e+01 3.221615914001363734e+01
-2.793029315286143444e+01 3.212371827957164783e+01
-2.791524896017734747e+01 3.246135297364818939e+01
-2.790020476749325340e+01 3.305081170958826675e+01
-2.788516057480916643e+01 3.363042604144916226e+01
-2.787011638212507592e+01 3.392874432646063809e+01
-2.785507218944098540e+01 3.373564895720159740e+01
-2.784002799675689488e+01 3.295234631502621880e+01
-2.782498380407280436e+01 3.160938931749017300e+01
-2.780993961138871384e+01 2.985162738913147606e+01
-2.779489541870462332e+01 2.789757118072818898e+01
-2.777985122602053281e+01 2.598595241643061371e+01
-2.776480703333644229e+01 2.432348268297811700e+01
-2.774976284065235177e+01 2.304543850972083519e+01
-2.773471864796826125e+01 2.219597783339743557e+01
-2.771967445528417073e+01 2.172958244683504958e+01
-2.770463026260008021e+01 2.153019477016755445e+01
-2.768958606991599325e+01 2.144154560062942494e+01
-2.767454187723189918e+01 2.130126724893894874e+01
-2.765949768454781221e+01 2.097232129158511782e+01
-2.764445349186372169e+01 2.036715920463787199e+01
-2.762940929917963118e+01 1.946191522062531831e+01
-2.761436510649554066e+01 1.829927636805879132e+01
-2.759932091381145014e+01 1.697962461949918023e+01
-2.758427672112735962e+01 1.564118493640859242e+01
-2.756923252844326910e+01 1.443172437842671663e+01
-2.755418833575917859e+01 1.347671083062098596e+01
-2.753914414307508807e+01 1.285091866887002787e+01
-2.752409995039099755e+01 1.256108525800333098e+01
-2.750905575770690703e+01 1.254550989545280437e+01
-2.749401156502282006e+01 1.269244743359762673e+01
-2.747896737233872599e+01 1.287380817103718655e+01
-2.746392317965463903e+01 1.298575098908613512e+01
-2.744887898697054496e+01 1.298499251659788634e+01
-2.743383479428645799e+01 1.291013125110151805e+01
-2.741879060160236747e+01 1.288100120229265855e+01
-2.740374640891827696e+01 1.307496344274555611e+01
-2.738870221623418644e+01 1.368540227617979887e+01
-2.737365802355009592e+01 1.487272757885945929e+01
-2.735861383086600540e+01 1.672053156674827790e+01
-2.734356963818191488e+01 1.920854671136957847e+01
-2.732852544549782436e+01 2.220983722320939791e+01
-2.731348125281373385e+01 2.551315763660597824e+01
-2.729843706012964333e+01 2.886427394546524638e+01
-2.728339286744555281e+01 3.201437250183488459e+01
-2.726834867476146584e+01 3.476149304371426751e+01
-2.725330448207737177e+01 3.697334368041466490e+01
-2.723826028939328481e+01 3.858643705964976078e+01
-2.722321609670919074e+01 3.958505347016521370e+01
-2.720817190402510377e+01 3.997085723563129989e+01
-2.719312771134101325e+01 3.973709034044092192e+01
-2.717808351865692273e+01 3.885878455767965534e+01
-2.716303932597283222e+01 3.730335282625696181e+01
-2.714799513328874170e+01 3.505721793746575798e+01
-2.713295094060465118e+01 3.215748004575825547e+01
-2.711790674792056066e+01 2.871572360274865332e+01
-2.710286255523647014e+01 2.492446113724127699e+01
-2.708781836255237963e+01 2.104359874238464201e+01
-2.707277416986828911e+01 1.737145441246703115e+01
-2.705772997718419859e+01 1.420917530092065384e+01
-2.704268578450011162e+01 1.182737017992167594e+01
-2.702764159181601755e+01 1.044007907713779915e+01
-2.701259739913193059e+01 1.018625217916387626e+01
-2.699755320644783652e+01 1.111556444327421467e+01
-2.698250901376374955e+01 1.317550766426600717e+01
-2.696746482107965903e+01 1.620018691001014588e+01
-2.695242062839556851e+01 1.990606158867275965e+01
-2.693737643571147800e+01 2.390297603070283827e+01
-2.692233224302738748e+01 2.772770154571758283e+01
-2.690728805034329696e+01 3.090125595328873231e+01
-2.689224385765920644e+01 3.300236564861452138e+01
-2.687719966497511592e+01 3.374133969430275926e+01
-2.686215547229102540e+01 3.301527189120219674e+01
-2.684711127960693489e+01 3.092903164883403022e+01
-2.683206708692284437e+01 2.777608606526009183e+01
-2.681702289423875740e+01 2.398515449432146696e+01
-2.680197870155466333e+01 2.004822826643668421e+01
-2.678693450887057637e+01 1.644890170801672724e+01
-2.677189031618648585e+01 1.360637312444807279e+01
-2.675684612350239533e+01 1.184208595388949625e+01
-2.674180193081830481e+01 1.136686582612963115e+01
-2.672675773813421429e+01 1.228052132978307043e+01
-2.671171354545012377e+01 1.457527125345024821e+01
-2.669666935276603326e+01 1.813844001824729446e+01
-2.668162516008194274e+01 2.275586895339248272e+01
-2.666658096739785222e+01 2.812194096280672539e+01
-2.665153677471376170e+01 3.386249019595158671e+01
-2.663649258202967118e+01 3.957280482301158742e+01
-2.662144838934558067e+01 4.486638193710202671e+01
-2.660640419666149015e+01 4.942434111448109491e+01
-2.659136000397740318e+01 5.303338734754326111e+01
-2.657631581129330911e+01 5.560302482656238254e+01
-2.656127161860922214e+01 5.715908270706372463e+01
-2.654622742592513163e+01 5.781764574292215997e+01
-2.653118323324104111e+01 5.774829550606357742e+01
-2.651613904055695059e+01 5.713669311266036033e+01
-2.650109484787286007e+01 5.615438805505409903e+01
-2.648605065518876955e+01 5.493997480398880384e+01
-2.647100646250467904e+01 5.359207519592562363e+01
-2.645596226982058852e+01 5.217207845267923005e+01
-2.644091807713649800e+01 5.071325788272938695e+01
-2.642587388445240748e+01 4.923255281746676815e+01
-2.641082969176831696e+01 4.774174719183967142e+01
-2.639578549908422644e+01 4.625585647924137334e+01
-2.638074130640013593e+01 4.479794457568328170e+01
-2.636569711371604896e+01 4.340075383685287846e+01
-2.635065292103195489e+01 4.210589583556077997e+01
-2.633560872834786792e+01 4.096088108755439094e+01
-2.632056453566377741e+01 4.001361166526071855e+01
-2.630552034297968689e+01 3.930402578150739856e+01
-2.629047615029559637e+01 3.885375152504927598e+01
-2.627543195761150585e+01 3.865628472801410709e+01
-2.626038776492741533e+01 3.867106463872116251e+01
-2.624534357224332481e+01 3.882389699207028855e+01
-2.623029937955923430e+01 3.901368939300135708e+01
-2.621525518687514378e+01 3.912288971178489305e+01
-2.620021099419105326e+01 3.902810243758333542e+01
-2.618516680150696274e+01 3.860880114778907313e+01
-2.617012260882287222e+01 3.775485144743451116e+01
-2.615507841613878171e+01 3.637558454783034989e+01
-2.614003422345469474e+01 3.441266728855507750e+01
-2.612499003077060067e+01 3.185595708812411431e+01
-2.610994583808651370e+01 2.875775724441247050e+01
-2.609490164540242318e+01 2.523898906544727794e+01
-2.607985745271833267e+01 2.148239963458171076e+01
-2.606481326003424215e+01 1.771258599465226879e+01
-2.604976906735015163e+01 1.416803776486822386e+01
-2.603472487466606111e+01 1.107375843724017628e+01
-2.601968068198197059e+01 8.622550242782510921e+00
-2.600463648929788008e+01 6.968895927744409136e+00
-2.598959229661378956e+01 6.233423749572327921e+00
-2.597454810392969904e+01 6.510812437182880608e+00
-2.595950391124560852e+01 7.871886143351094489e+00
-2.594445971856151800e+01 1.035258913610990561e+01
-2.592941552587742748e+01 1.392810019543541245e+01
-2.591437133319334052e+01 1.847783358341930793e+01
-2.589932714050924645e+01 2.375387439464951811e+01
-2.588428294782515948e+01 2.936868836103528579e+01
-2.586923875514106896e+01 3.481562999914795853e+01
-2.585419456245697845e+01 3.952750111847323211e+01
-2.583915036977288793e+01 4.296622746517909519e+01
-2.582410617708879741e+01 4.472475226253731506e+01
-2.580906198440470689e+01 4.461525612636370397e+01
-2.579401779172061637e+01 4.271909522784123681e+01
-2.577897359903652585e+01 3.938349864604165873e+01
-2.576392940635243534e+01 3.516468266937467746e+01
-2.574888521366834482e+01 3.073119906738953944e+01
-2.573384102098425430e+01 2.675012273282274933e+01
-2.571879682830016733e+01 2.377992557860461176e+01
-2.570375263561607326e+01 2.218881313583170112e+01
-2.568870844293198630e+01 2.210937629492820378e+01
-2.567366425024789223e+01 2.343308283992292473e+01
-2.565862005756380526e+01 2.584298064623815705e+01
-2.564357586487971474e+01 2.887932904096187769e+01
-2.562853167219562422e+01 3.202898982317028498e+01
-2.561348747951153371e+01 3.482440470063318116e+01
-2.559844328682744319e+01 3.693304476848913964e+01
-2.558339909414335267e+01 3.821629302203812273e+01
-2.556835490145926215e+01 3.874079774920066654e+01
-2.555331070877517163e+01 3.873629277865774867e+01
-2.553826651609108112e+01 3.850928212995454913e+01
-2.552322232340699060e+01 3.833661053258502704e+01
-2.550817813072290008e+01 3.837091101154911144e+01
-2.549313393803881311e+01 3.858739858920224464e+01
-2.547808974535471904e+01 3.878859616980422942e+01
-2.546304555267063208e+01 3.866464775794792530e+01
-2.544800135998653801e+01 3.788875216236426269e+01
-2.543295716730245104e+01 3.621656021422230509e+01
-2.541791297461836052e+01 3.355880765984388603e+01
-2.540286878193427000e+01 3.000731298716479500e+01
-2.538782458925017949e+01 2.581112518651139354e+01
-2.537278039656608897e+01 2.131558875783837692e+01
-2.535773620388199845e+01 1.688684263207654013e+01
-2.534269201119790793e+01 1.284527116360679599e+01
-2.532764781851381741e+01 9.424794650866353152e+00
-2.531260362582972689e+01 6.764309839083971099e+00
-2.529755943314563638e+01 4.927337941795769005e+00
-2.528251524046154586e+01 3.939037552418442445e+00
-2.526747104777745889e+01 3.827144899794725941e+00
-2.525242685509336482e+01 4.654328652768867869e+00
-2.523738266240927786e+01 6.532424167264037074e+00
-2.522233846972518734e+01 9.612934837754332662e+00
-2.520729427704109682e+01 1.405274524380254419e+01
-2.519225008435700630e+01 1.995934715885210764e+01
-2.517720589167291578e+01 2.732589178020189991e+01
-2.516216169898882526e+01 3.597191459287476789e+01
-2.514711750630473475e+01 4.550846277310001398e+01
-2.513207331362064423e+01 5.534419932416305699e+01
-2.511702912093655371e+01 6.474065375569382752e+01
-2.510198492825246319e+01 7.291136933645911711e+01
-2.508694073556837267e+01 7.914521895061238865e+01
-2.507189654288428216e+01 8.292412860981771416e+01
-2.505685235020019164e+01 8.400456139663812394e+01
-2.504180815751610467e+01 8.244182812402652871e+01
-2.502676396483201060e+01 7.855362298898890572e+01
-2.501171977214792363e+01 7.283765475892872132e+01
-2.499667557946383312e+01 6.587068938308905786e+01
-2.498163138677974260e+01 5.821819743030165739e+01
-2.496658719409565208e+01 5.037525925147816963e+01
-2.495154300141156156e+01 4.274495836860357656e+01
-2.493649880872747104e+01 3.564665348608271245e+01
-2.492145461604338053e+01 2.933846758337120519e+01
-2.490641042335929001e+01 2.403785544991933421e+01
-2.489136623067519949e+01 1.992945962306374952e+01
-2.487632203799110897e+01 1.715702010360649865e+01
-2.486127784530701845e+01 1.580258141722447363e+01
-2.484623365262292793e+01 1.586009138416321029e+01
-2.483118945993883742e+01 1.721188082005896192e+01
-2.481614526725475045e+01 1.961631179027831706e+01
-2.480110107457065638e+01 2.271354494825835246e+01
-2.478605688188656941e+01 2.605364367865065489e+01
-2.477101268920247890e+01 2.914669930790019592e+01
-2.475596849651838838e+01 3.152869577923503996e+01
-2.474092430383429786e+01 3.283103571980390711e+01
-2.472588011115020734e+01 3.283839709375197913e+01
-2.471083591846611682e+01 3.152083374704036700e+01
-2.469579172578202630e+01 2.903209307968363717e+01
-2.468074753309793579e+01 2.567522399263891941e+01
-2.466570334041384527e+01 2.184544584950503321e+01
-2.465065914772975475e+01 1.796565155719884643e+01
-2.463561495504566423e+01 1.442994338889678652e+01
-2.462057076236157371e+01 1.156555454037945374e+01
-2.460552656967748320e+01 9.615654599511861633e+00
-2.459048237699339623e+01 8.738058277337316326e+00
-2.457543818430930216e+01 9.010563710018852035e+00
-2.456039399162521519e+01 1.043395140421007561e+01
-2.454534979894112467e+01 1.292815828014769863e+01
-2.453030560625703416e+01 1.632375861769288505e+01
-2.451526141357294364e+01 2.035669564540625487e+01
-2.450021722088885312e+01 2.467644345974494868e+01
-2.448517302820476260e+01 2.887495930481110307e+01
-2.447012883552067208e+01 3.253651560404250631e+01
-2.445508464283658157e+01 3.529950773109669626e+01
-2.444004045015249105e+01 3.691452533962532812e+01
-2.442499625746840053e+01 3.728174162045495876e+01
-2.440995206478431001e+01 3.645617073852803003e+01
-2.439490787210021949e+01 3.461968755184503266e+01
-2.437986367941612897e+01 3.202966844245576539e+01
-2.436481948673204201e+01 2.896108628245207939e+01
-2.434977529404794794e+01 2.565912104331726340e+01
-2.433473110136386097e+01 2.231323140406645678e+01
-2.431968690867977045e+01 1.905437933793407268e+01
-2.430464271599567994e+01 1.596896352414642095e+01
-2.428959852331158942e+01 1.311916007477462642e+01
-2.427455433062749890e+01 1.056050662300592435e+01
-2.425951013794340838e+01 8.352019231911151920e+00
-2.424446594525931786e+01 6.559051231903508139e+00
-2.422942175257522734e+01 5.252046719887228043e+00
-2.421437755989113683e+01 4.504351104261697714e+00
-2.419933336720704631e+01 4.390003615195009701e+00
-2.418428917452295579e+01 4.979665726610513765e+00
-2.416924498183886882e+01 6.331342896497502259e+00
-2.415420078915477475e+01 8.473444082562952673e+00
-2.413915659647068779e+01 1.138098899698924704e+01
-2.412411240378659372e+01 1.495029043222668186e+01
-2.410906821110250675e+01 1.898130598266469349e+01
-2.409402401841841268e+01 2.317802713748523402e+01
-2.407897982573432571e+01 2.717438430731233368e+01
-2.406393563305023520e+01 3.058625137798679106e+01
-2.404889144036614468e+01 3.308105253553332403e+01
-2.403384724768205416e+01 3.444839559553619068e+01
-2.401880305499796364e+01 3.465149895563160953e+01
-2.400375886231387312e+01 3.384211688523439676e+01
-2.398871466962978261e+01 3.233099973940356620e+01
-2.397367047694569564e+01 3.051890382456580397e+01
-2.395862628426160157e+01 2.880543459325724598e+01
-2.394358209157751460e+01 2.750026055906901590e+01
-2.392853789889342053e+01 2.676085809030198703e+01
-2.391349370620933357e+01 2.657296616439585790e+01
-2.389844951352523950e+01 2.677697002730662845e+01
-2.388340532084115253e+01 2.712977801413081025e+01
-2.386836112815705846e+01 2.738189005169695278e+01
-2.385331693547297149e+01 2.734643965449617653e+01
-2.383827274278888098e+01 2.694173707162756770e+01
-2.382322855010479046e+01 2.619919947669688298e+01
-2.380818435742069994e+01 2.524042907313821971e+01
-2.379314016473660942e+01 2.423606693360203579e+01
-2.377809597205251890e+01 2.336186996058482279e+01
-2.376305177936842838e+01 2.276400339547668494e+01
-2.374800758668434142e+01 2.253840901854851353e+01
-2.373296339400024735e+01 2.272231887474038459e+01
-2.371791920131616038e+01 2.329284411441254576e+01
-2.370287500863206631e+01 2.416895778295444686e+01
-2.368783081594797935e+01 2.521722441711150609e+01
-2.367278662326388528e+01 2.626490738607636999e+01
-2.365774243057979831e+01 2.712380767399668358e+01
-2.364269823789570779e+01 2.762390787896037025e+01
-2.362765404521161727e+01 2.764986337213052536e+01
-2.361260985252752675e+01 2.716926774586930904e+01
-2.359756565984343624e+01 2.624233976771857257e+01
-2.358252146715934572e+01 2.500860975504676631e+01
-2.356747727447525520e+01 2.365479657408864611e+01
-2.355243308179116468e+01 2.237521868455420559e+01
-2.353738888910707416e+01 2.133822395196546751e+01
-2.352234469642298720e+01 2.066819246653796327e+01
-2.350730050373889313e+01 2.044464720698916338e+01
-2.349225631105480616e+01 2.071188350352908003e+01
-2.347721211837071209e+01 2.148825278190856736e+01
-2.346216792568662513e+01 2.276578947193239699e+01
-2.344712373300253105e+01 2.449736945933429055e+01
-2.343207954031844409e+01 2.657680858132186685e+01
-2.341703534763435357e+01 2.882326612775149144e+01
-2.340199115495026305e+01 3.098210701305930570e+01
-2.338694696226617253e+01 3.274942853476302673e+01
-2.337190276958208202e+01 3.381871617844512201e+01
-2.335685857689799150e+01 3.393911860946919035e+01
-2.334181438421390098e+01 3.296928343146905860e+01
-2.332677019152981046e+01 3.091083281887076240e+01
-2.331172599884571994e+01 2.791136910985845532e+01
-2.329668180616163298e+01 2.423617293576226928e+01
-2.328163761347753891e+01 2.021704155189870988e+01
-2.326659342079345194e+01 1.619275230562706369e+01
-2.325154922810935787e+01 1.245662195253186866e+01
-2.323650503542527090e+01 9.222791101923746737e+00
-2.322146084274117683e+01 6.616119436548419941e+00
-2.320641665005708987e+01 4.683563486929488207e+00
-2.319137245737299935e+01 3.419832748861786342e+00
-2.317632826468890883e+01 2.798030113121165563e+00
-2.316128407200481831e+01 2.796685125441676245e+00
-2.314623987932072779e+01 3.417107909616925010e+00
-2.313119568663663728e+01 4.688213263041618895e+00
-2.311615149395254676e+01 6.659090636537092323e+00
-2.310110730126845624e+01 9.382234048084688638e+00
-2.308606310858436572e+01 1.289230467729331053e+01
-2.307101891590027876e+01 1.718632570920622982e+01
-2.305597472321618469e+01 2.221091409293033081e+01
-2.304093053053209772e+01 2.786021485669916942e+01
-2.302588633784800365e+01 3.398474855266695727e+01
-2.301084214516391668e+01 4.040729068925988798e+01
-2.299579795247982261e+01 4.693874373746331230e+01
-2.298075375979573565e+01 5.338645006105141277e+01
-2.296570956711164513e+01 5.955049982453014223e+01
-2.295066537442755461e+01 6.520974846769210842e+01
-2.293562118174346409e+01 7.010618492395846602e+01
-2.292057698905937357e+01 7.394069065004750030e+01
-2.290553279637528306e+01 7.639227559997502226e+01
-2.289048860369119254e+01 7.716578316878435828e+01
-2.287544441100710202e+01 7.606186533388165572e+01
-2.286040021832301150e+01 7.305204250713919123e+01
-2.284535602563892454e+01 6.833561014756763541e+01
-2.283031183295483046e+01 6.235697441362675164e+01
-2.281526764027073995e+01 5.577140429982694059e+01
-2.280022344758664943e+01 4.936082286528504426e+01
-2.278517925490255891e+01 4.391436730862201188e+01
-2.277013506221846839e+01 4.009706900347045888e+01
-2.275509086953438143e+01 3.833247320775574707e+01
-2.274004667685029091e+01 3.872199611613566361e+01
-2.272500248416620039e+01 4.101711919454353250e+01
-2.270995829148210987e+01 4.465173335496832863e+01
-2.269491409879801935e+01 4.883187158305540265e+01
-2.267986990611392883e+01 5.266930005413584581e+01
-2.266482571342983832e+01 5.533540296016222726e+01
-2.264978152074574780e+01 5.620519092243029746e+01
-2.263473732806165728e+01 5.496119276835295153e+01
-2.261969313537756676e+01 5.163515572116534713e+01
-2.260464894269347624e+01 4.658057509546354424e+01
-2.258960475000938573e+01 4.038662784976251885e+01
-2.257456055732529521e+01 3.375810378420734992e+01
-2.255951636464120469e+01 2.739159375233436933e+01
-2.254447217195711417e+01 2.187410901895354343e+01
-2.252942797927302720e+01 1.761906468984119556e+01
-2.251438378658893669e+01 1.484136113268202273e+01
-2.249933959390484617e+01 1.356340138327281686e+01
-2.248429540122075565e+01 1.364026960430989455e+01
-2.246925120853666513e+01 1.479463625088171419e+01
-2.245420701585257461e+01 1.665724547674784972e+01
-2.243916282316848410e+01 1.881321213115671753e+01
-2.242411863048439358e+01 2.085508988263327268e+01
-2.240907443780030306e+01 2.244044291057578988e+01
-2.239403024511621254e+01 2.334648761468691092e+01
-2.237898605243212202e+01 2.351043520723419178e+01
-2.236394185974803150e+01 2.304406455395473330e+01
-2.234889766706394099e+01 2.221551977225830043e+01
-2.233385347437985047e+01 2.139895346481982230e+01
-2.231880928169575995e+01 2.100070610084998890e+01
-2.230376508901167298e+01 2.137655957998592982e+01
-2.228872089632758247e+01 2.275671891199538166e+01
-2.227367670364349195e+01 2.519350389624583642e+01
-2.225863251095940143e+01 2.854219102580735523e+01
-2.224358831827531091e+01 3.247918685766772029e+01
-2.222854412559122039e+01 3.655469871344028832e+01
-2.221349993290712987e+01 4.027016890324247100e+01
-2.219845574022303936e+01 4.316509303269295117e+01
-2.218341154753894884e+01 4.489495899804652623e+01
-2.216836735485485832e+01 4.528334280721185934e+01
-2.215332316217076780e+01 4.433716601396088919e+01
-2.213827896948667728e+01 4.222361105181749252e+01
-2.212323477680258677e+01 3.921745036631795500e+01
-2.210819058411849625e+01 3.563513027437811331e+01
-2.209314639143440573e+01 3.177417878527884909e+01
-2.207810219875031876e+01 2.787270154025778268e+01
-2.206305800606622824e+01 2.409558290260081037e+01
-2.204801381338213773e+01 2.054482915204013338e+01
-2.203296962069804721e+01 1.728470295139829460e+01
-2.201792542801395669e+01 1.436995175204745756e+01
-2.200288123532986617e+01 1.186745969924246857e+01
-2.198783704264577565e+01 9.866201844145590982e+00
-2.197279284996168514e+01 8.474969633747402753e+00
-2.195774865727759462e+01 7.810162999452996857e+00
-2.194270446459350410e+01 7.976649851737769303e+00
-2.192766027190941358e+01 9.044257208508961199e+00
-2.191261607922532306e+01 1.102234957001511795e+01
-2.189757188654123254e+01 1.383607832100775958e+01
-2.188252769385714203e+01 1.730993747855703901e+01
-2.186748350117305506e+01 2.116579542459843211e+01
-2.185243930848896454e+01 2.504182951838872384e+01
-2.183739511580487402e+01 2.853478800340504051e+01
-2.182235092312078351e+01 3.126132341228018063e+01
-2.180730673043669299e+01 3.292694094968640428e+01
-2.179226253775260247e+01 3.338627207509378536e+01
-2.177721834506851195e+01 3.267822382276949611e+01
-2.176217415238442143e+01 3.102468020867241449e+01
-2.174712995970033091e+01 2.879043184149255552e+01
-2.173208576701624040e+01 2.641205795494359876e+01
-2.171704157433214988e+01 2.431152829572931040e+01
-2.170199738164805936e+01 2.281416996942369835e+01
-2.168695318896396884e+01 2.208962555900788871e+01
-2.167190899627987832e+01 2.212907593012482010e+01
-2.165686480359578781e+01 2.276367665687751796e+01
-2.164182061091170084e+01 2.371959567379250799e+01
-2.162677641822761032e+01 2.469617051111988815e+01
-2.161173222554351980e+01 2.544756188296524968e+01
-2.159668803285942928e+01 2.584670983041441872e+01
-2.158164384017533877e+01 2.591442862164230121e+01
-2.156659964749124825e+01 2.580563282281431725e+01
-2.155155545480715773e+01 2.575671220062729105e+01
-2.153651126212306721e+01 2.600941180485457593e+01
-2.152146706943897669e+01 2.673355403419513010e+01
-2.150642287675488618e+01 2.797116572569036919e+01
-2.149137868407079566e+01 2.961788970252603193e+01
-2.147633449138670514e+01 3.144615562353896010e+01
-2.146129029870261462e+01 3.316220627738705673e+01
-2.144624610601852410e+01 3.447968971530930560e+01
-2.143120191333443358e+01 3.518895075795980176e+01
-2.141615772065034662e+01 3.520413198666904719e+01
-2.140111352796625610e+01 3.457822948922410689e+01
-2.138606933528216558e+01 3.348623600482565621e+01
-2.137102514259807506e+01 3.218492551088806408e+01
-2.135598094991398455e+01 3.096209547663612227e+01
-2.134093675722989403e+01 3.008747624433576817e+01
-2.132589256454580351e+01 2.977338467050211435e+01
-2.131084837186171299e+01 3.014819788067443440e+01
-2.129580417917762247e+01 3.124245073851768950e+01
-2.128075998649353195e+01 3.298698000270730546e+01
-2.126571579380944144e+01 3.522412800766217345e+01
-2.125067160112535092e+01 3.773411181027656625e+01
-2.123562740844126040e+01 4.027681511156607286e+01
-2.122058321575716988e+01 4.264382939053682264e+01
-2.120553902307307936e+01 4.470861330752169494e+01
-2.119049483038899240e+01 4.645817762745993917e+01
-2.117545063770490188e+01 4.799156573758132538e+01
-2.116040644502081136e+01 4.947977466610848296e+01
-2.114536225233672084e+01 5.109593417697919193e+01
-2.113031805965263032e+01 5.293775184020633873e+01
-2.111527386696853981e+01 5.497024170967035417e+01
-2.110022967428444929e+01 5.701206177626301752e+01
-2.108518548160035877e+01 5.877442734696087712e+01
-2.107014128891626825e+01 5.994281946540205297e+01
-2.105509709623217773e+01 6.027577957716636092e+01
-2.104005290354808722e+01 5.968804470989636002e+01
-2.102500871086399670e+01 5.828968481019263237e+01
-2.100996451817990618e+01 5.636704364397363776e+01
-2.099492032549581566e+01 5.431011639869151963e+01
-2.097987613281172870e+01 5.250813526971553102e+01
-2.096483194012763818e+01 5.124502551665063521e+01
-2.094978774744354766e+01 5.062601622198700113e+01
-2.093474355475945714e+01 5.055639610087434477e+01
-2.091969936207536662e+01 5.077676455900013508e+01
-2.090465516939127610e+01 5.094177046749725690e+01
-2.088961097670718559e+01 5.071703871379413897e+01
-2.087456678402309507e+01 4.986561534852336308e+01
-2.085952259133900455e+01 4.830130680762122353e+01
-2.084447839865491403e+01 4.609876222450179029e+01
-2.082943420597082351e+01 4.346396208367601588e+01
-2.081439001328673299e+01 4.067899647403159236e+01
-2.079934582060264248e+01 3.803890276611380017e+01
-2.078430162791855196e+01 3.579616323655726973e+01
-2.076925743523446144e+01 3.412279729529794992e+01
-2.075421324255037447e+01 3.309390841618310475e+01
-2.073916904986628396e+01 3.269199484896136454e+01
-2.072412485718219344e+01 3.282844255441372638e+01
-2.070908066449810292e+01 3.337640305380515571e+01
-2.069403647181401240e+01 3.420699712526513281e+01
-2.067899227912992188e+01 3.521904929655400451e+01
-2.066394808644583136e+01 3.635305373978062704e+01
-2.064890389376174085e+01 3.758430370689585942e+01
-2.063385970107765033e+01 3.889777771329853095e+01
-2.061881550839355981e+01 4.025570152937435608e+01
-2.060377131570946929e+01 4.157349891514361673e+01
-2.058872712302537877e+01 4.271779546351957890e+01
-2.057368293034128826e+01 4.353108632490096142e+01
-2.055863873765719774e+01 4.387530249880092725e+01
-2.054359454497310722e+01 4.367679694168930382e+01
-2.052855035228902025e+01 4.295340644930173823e+01
-2.051350615960492973e+01 4.181166602010085853e+01
-2.049846196692083922e+01 4.041560394690870339e+01
-2.048341777423674870e+01 3.894125177190621656e+01
-2.046837358155265818e+01 3.753667135669792998e+01
-2.045332938886856766e+01 3.630310994940020919e+01
-2.043828519618447714e+01 3.530109979435246004e+01
-2.042324100350038663e+01 3.457207443838594685e+01
-2.040819681081629611e+01 3.415822116794257113e+01
-2.039315261813220559e+01 3.410485099579129553e+01
-2.037810842544811507e+01 3.443975707234346828e+01
-2.036306423276402455e+01 3.513772681729951586e+01
-2.034802004007993403e+01 3.608871219266932684e+01
-2.033297584739584352e+01 3.708989712394252081e+01
-2.031793165471175655e+01 3.787384683186864720e+01
-2.030288746202766603e+01 3.817041241782569472e+01
-2.028784326934357551e+01 3.778530090645401174e+01
-2.027279907665948500e+01 3.666943949159074378e+01
-2.025775488397539448e+01 3.495405387822650312e+01
-2.024271069129130396e+01 3.293638216103358474e+01
-2.022766649860721344e+01 3.101633254843068244e+01
-2.021262230592312292e+01 2.959971943185596999e+01
-2.019757811323903240e+01 2.899408734590410575e+01
-2.018253392055494189e+01 2.932574765608887546e+01
-2.016748972787085137e+01 3.050121873703877640e+01
-2.015244553518676085e+01 3.222457074697317836e+01
-2.013740134250267033e+01 3.406734399087603293e+01
-2.012235714981857981e+01 3.557346937790539698e+01
-2.010731295713448930e+01 3.637169841227779443e+01
-2.009226876445040233e+01 3.626540388161088657e+01
-2.007722457176631181e+01 3.527548318802902827e+01
-2.006218037908222129e+01 3.362525373096495684e+01
-2.004713618639813077e+01 3.167295092759858832e+01
-2.003209199371404026e+01 2.981253546537855215e+01
-2.001704780102994974e+01 2.837213236243140102e+01
-2.000200360834585922e+01 2.753884637781663614e+01
-1.998695941566176870e+01 2.732935101417312396e+01
-1.997191522297767818e+01 2.761087643960985005e+01
-1.995687103029358767e+01 2.816201443126672288e+01
-1.994182683760949715e+01 2.875197266197913493e+01
-1.992678264492540663e+01 2.921363920398825087e+01
-1.991173845224131611e+01 2.949042939379382133e+01
-1.989669425955722559e+01 2.964703975833372951e+01
-1.988165006687313507e+01 2.984588283417863863e+01
-1.986660587418904811e+01 3.030002859070928878e+01
-1.985156168150495759e+01 3.121741645987384572e+01
-1.983651748882086707e+01 3.274983383577702512e+01
-1.982147329613677655e+01 3.495566271896137778e+01
-1.980642910345268604e+01 3.778040902878080942e+01
-1.979138491076859552e+01 4.105552925811200993e+01
-1.977634071808450500e+01 4.451445896098780963e+01
-1.976129652540041448e+01 4.782409397817192342e+01
-1.974625233271632396e+01 5.062900230352848041e+01
-1.973120814003223344e+01 5.260372762160971405e+01
-1.971616394734814293e+01 5.350608353398357053e+01
-1.970111975466405241e+01 5.322240193747705206e+01
-1.968607556197996189e+01 5.179535620144955743e+01
-1.967103136929587137e+01 4.942678555219521286e+01
-1.965598717661178085e+01 4.645183548355772984e+01
-1.964094298392769389e+01 4.328615426063947780e+01
-1.962589879124360337e+01 4.035395063857820475e+01
-1.961085459855951285e+01 3.801019132251713728e+01
-1.959581040587542233e+01 3.647358650398823698e+01
-1.958076621319133181e+01 3.578679247156080123e+01
-1.956572202050724130e+01 3.581558261197289994e+01
-1.955067782782315078e+01 3.628997497658504301e+01
-1.953563363513906026e+01 3.687934883193265989e+01
-1.952058944245496974e+01 3.728350959448637525e+01
-1.950554524977087922e+01 3.731580223143716069e+01
-1.949050105708678871e+01 3.695511746047849755e+01
-1.947545686440269819e+01 3.635143055946871016e+01
-1.946041267171860767e+01 3.578247289768497552e+01
-1.944536847903451715e+01 3.557346235487008101e+01
-1.943032428635043019e+01 3.600295332308212437e+01
-1.941528009366633967e+01 3.722203411780003535e+01
-1.940023590098224915e+01 3.920971001481208873e+01
-1.938519170829815863e+01 4.177569526461507365e+01
-1.937014751561406811e+01 4.460694722173857940e+01
-1.935510332292997759e+01 4.734132121095753121e+01
-1.934005913024588708e+01 4.964519200794361353e+01
-1.932501493756179656e+01 5.127371526870346941e+01
-1.930997074487770604e+01 5.210117576279900220e+01
-1.929492655219361552e+01 5.212050532429095284e+01
-1.927988235950952500e+01 5.142071563548947211e+01
-1.926483816682543448e+01 5.015529821171150360e+01
-1.924979397414134397e+01 4.851302964141254392e+01
-1.923474978145725345e+01 4.669717723970229883e+01
-1.921970558877316293e+01 4.491312985049464146e+01
-1.920466139608907596e+01 4.336067746557260705e+01
-1.918961720340498545e+01 4.222648071710909790e+01
-1.917457301072089493e+01 4.167392103134994841e+01
-1.915952881803680441e+01 4.182988885031659976e+01
-1.914448462535271389e+01 4.276979542704854254e+01
-1.912944043266862337e+01 4.450272533825854993e+01
-1.911439623998453285e+01 4.695858986933858858e+01
-1.909935204730044234e+01 4.997916042145145354e+01
-1.908430785461635182e+01 5.331545512412826326e+01
-1.906926366193226130e+01 5.663493500539527759e+01
-1.905421946924817078e+01 5.954243950509398076e+01
-1.903917527656408026e+01 6.161756231290744523e+01
-1.902413108387998975e+01 6.246750349071102448e+01
-1.900908689119589923e+01 6.178880365819873077e+01
-1.899404269851180871e+01 5.942569796717747721e+01
-1.897899850582772174e+01 5.540989993205316466e+01
-1.896395431314363123e+01 4.996871433845668520e+01
-1.894891012045954071e+01 4.349583308052705632e+01
-1.893386592777545019e+01 3.648981138472769459e+01
-1.891882173509135967e+01 2.947510394892582042e+01
-1.890377754240726915e+01 2.292574317423600050e+01
-1.888873334972317863e+01 1.721025268420646626e+01
-1.887368915703908812e+01 1.256898279435796439e+01
-1.885864496435499760e+01 9.124739859439129575e+00
-1.884360077167090708e+01 6.918052415229363206e+00
-1.882855657898681656e+01 5.952460002312143672e+00
-1.881351238630272604e+01 6.233897842627396990e+00
-1.879846819361863552e+01 7.791128219854012826e+00
-1.878342400093454501e+01 1.067001060841031368e+01
-1.876837980825045449e+01 1.490186223512395181e+01
-1.875333561556636752e+01 2.045392773768143257e+01
-1.873829142288227700e+01 2.717653252744709391e+01
-1.872324723019818649e+01 3.476496856878489439e+01
-1.870820303751409597e+01 4.275273919682013002e+01
-1.869315884483000545e+01 5.054569152768133478e+01
-1.867811465214591493e+01 5.749504546779607494e+01
-1.866307045946182441e+01 6.299488597930388067e+01
-1.864802626677773389e+01 6.658098269787822687e+01
-1.863298207409364338e+01 6.800658024664669199e+01
-1.861793788140955286e+01 6.727786117364287577e+01
-1.860289368872546234e+01 6.464426780794728700e+01
-1.858784949604137182e+01 6.055149898676308595e+01
-1.857280530335728130e+01 5.557268581097665106e+01
-1.855776111067319079e+01 5.033367647492924846e+01
-1.854271691798910382e+01 4.544301077709680925e+01
-1.852767272530501330e+01 4.143026178938229265e+01
-1.851262853262092278e+01 3.869239912388828628e+01
-1.849758433993683227e+01 3.744883106939718687e+01
-1.848254014725274175e+01 3.771056255383935962e+01
-1.846749595456865123e+01 3.927361799058291325e+01
-1.845245176188456071e+01 4.174726267230028753e+01
-1.843740756920047019e+01 4.462132766127937344e+01
-1.842236337651637967e+01 4.736521079300293735e+01
-1.840731918383228916e+01 4.953818848624888460e+01
-1.839227499114819864e+01 5.088226332655080597e+01
-1.837723079846410812e+01 5.136951306936833817e+01
-1.836218660578001760e+01 5.118707435310959397e+01
-1.834714241309592708e+01 5.066151531239887618e+01
-1.833209822041183656e+01 5.014410443697525466e+01
-1.831705402772774960e+01 4.989210227370748640e+01
-1.830200983504365908e+01 4.998338526218785915e+01
-1.828696564235956856e+01 5.029129447452866941e+01
-1.827192144967547804e+01 5.052708623136672372e+01
-1.825687725699138753e+01 5.033557477755084619e+01
-1.824183306430729701e+01 4.941303855208384022e+01
-1.822678887162320649e+01 4.761063311838122303e+01
-1.821174467893911597e+01 4.499279928022184549e+01
-1.819670048625502545e+01 4.183552695074885719e+01
-1.818165629357093493e+01 3.856794497826071222e+01
-1.816661210088684442e+01 3.567616581648207585e+01
-1.815156790820275390e+01 3.359617396215335106e+01
-1.813652371551866338e+01 3.262171523888933677e+01
-1.812147952283457286e+01 3.284573804911511985e+01
-1.810643533015048234e+01 3.414380094766796248e+01
-1.809139113746639538e+01 3.619858141270422891e+01
-1.807634694478230486e+01 3.855808872569395618e+01
-1.806130275209821434e+01 4.071635400393258664e+01
-1.804625855941412382e+01 4.220317218113778779e+01
-1.803121436673003330e+01 4.266814223960261643e+01
-1.801617017404594279e+01 4.194415745593711620e+01
-1.800112598136185227e+01 4.007787082496866304e+01
-1.798608178867776175e+01 3.732046524828193412e+01
-1.797103759599367123e+01 3.408077895944519042e+01
-1.795599340330958071e+01 3.085211372128211238e+01
-1.794094921062549020e+01 2.813052828834338825e+01
-1.792590501794139968e+01 2.634338308499772907e+01
-1.791086082525730916e+01 2.580178903497573373e+01
-1.789581663257321864e+01 2.668146235112232745e+01
-1.788077243988912812e+01 2.902707366022635327e+01
-1.786572824720504116e+01 3.276927543719074976e+01
-1.785068405452095064e+01 3.774324093044059225e+01
-1.783563986183686012e+01 4.370220996542366976e+01
-1.782059566915276960e+01 5.032646915014965572e+01
-1.780555147646867908e+01 5.723383748324868492e+01
-1.779050728378458857e+01 6.399939788645340855e+01
-1.777546309110049805e+01 7.018927445093251549e+01
-1.776041889841640753e+01 7.540724748051545134e+01
-1.774537470573231701e+01 7.934673961504243778e+01
-1.773033051304822649e+01 8.183686920489078886e+01
-1.771528632036413597e+01 8.287120989703674923e+01
-1.770024212768004546e+01 8.261129384705095902e+01
-1.768519793499595494e+01 8.136224879356416295e+01
-1.767015374231186442e+01 7.952354630961916371e+01
-1.765510954962777745e+01 7.752250821109038270e+01
-1.764006535694368694e+01 7.574156763235913559e+01
-1.762502116425959642e+01 7.445224113245211583e+01
-1.760997697157550590e+01 7.376901947291327133e+01
-1.759493277889141538e+01 7.363416173897276451e+01
-1.757988858620732486e+01 7.383893936401192093e+01
-1.756484439352323434e+01 7.407842268857669410e+01
-1.754980020083914383e+01 7.402728192903552440e+01
-1.753475600815505331e+01 7.341661226640376015e+01
-1.751971181547096279e+01 7.209002065179204521e+01
-1.750466762278687227e+01 7.002300476320209555e+01
-1.748962343010278175e+01 6.730180728882891117e+01
-1.747457923741869124e+01 6.407214377972175612e+01
-1.745953504473460072e+01 6.047875720349340156e+01
-1.744449085205051020e+01 5.661913954408305472e+01
-1.742944665936642323e+01 5.252793579912488298e+01
-1.741440246668233272e+01 4.819553008376549030e+01
-1.739935827399824220e+01 4.361076707266968100e+01
-1.738431408131415168e+01 3.880926367278321010e+01
-1.736926988863006116e+01 3.390825096687251516e+01
-1.735422569594597064e+01 2.911555510395536572e+01
-1.733918150326188012e+01 2.471046519931606156e+01
-1.732413731057778961e+01 2.100333938101166353e+01
-1.730909311789369909e+01 1.828573766506951515e+01
-1.729404892520960857e+01 1.678300493716761821e+01
-1.727900473252551805e+01 1.661808170658651562e+01
-1.726396053984142753e+01 1.779124759391963906e+01
-1.724891634715733701e+01 2.017726657337371066e+01
-1.723387215447324650e+01 2.353945951875040876e+01
-1.721882796178915598e+01 2.755895472278058378e+01
-1.720378376910506901e+01 3.187588562765111178e+01
-1.718873957642097849e+01 3.613728244623849406e+01
-1.717369538373688798e+01 4.004431324659570635e+01
-1.715865119105279746e+01 4.339032966805933000e+01
-1.714360699836870694e+01 4.608172456120389882e+01
-1.712856280568461642e+01 4.813624104551400507e+01
-1.711351861300052590e+01 4.965778005733947964e+01
-1.709847442031643538e+01 5.079213576622581883e+01
-1.708343022763234487e+01 5.167330582239465286e+01
-1.706838603494825435e+01 5.237370657358155057e+01
-1.705334184226416383e+01 5.287237208254068577e+01
-1.703829764958007331e+01 5.305204942177231686e+01
-1.702325345689598279e+01 5.272907995593379837e+01
-1.700820926421189228e+01 5.171059255267260113e+01
-1.699316507152780531e+01 4.986460030081823902e+01
-1.697812087884371479e+01 4.718318846508663000e+01
-1.696307668615962427e+01 4.381926700330480173e+01
-1.694803249347553376e+01 4.008358929498806589e+01
-1.693298830079144324e+01 3.639912374610931067e+01
-1.691794410810735272e+01 3.322132207703772622e+01
-1.690289991542326220e+01 3.094214854441132090e+01
-1.688785572273917168e+01 2.980058176074590293e+01
-1.687281153005508116e+01 2.982165064849699831e+01
-1.685776733737099065e+01 3.080013420777227395e+01
-1.684272314468690013e+01 3.233504786441265821e+01
-1.682767895200280961e+01 3.390899917451849888e+01
-1.681263475931871909e+01 3.499518823754493724e+01
-1.679759056663462857e+01 3.516736159609074974e+01
-1.678254637395053805e+01 3.418697583440841470e+01
-1.676750218126645109e+01 3.204805759097391871e+01
-1.675245798858236057e+01 2.897211440648058911e+01
-1.673741379589827005e+01 2.535902844978740234e+01
-1.672236960321417953e+01 2.171039567989807750e+01
-1.670732541053008902e+01 1.854574567738418978e+01
-1.669228121784599850e+01 1.632884697310334232e+01
-1.667723702516190798e+01 1.541333613203741493e+01
-1.666219283247781746e+01 1.600848475792055581e+01
-1.664714863979372694e+01 1.816095756756687507e+01
-1.663210444710963642e+01 2.174856938877866597e+01
-1.661706025442554591e+01 2.648600897125606579e+01
-1.660201606174145539e+01 3.194681637659650519e+01
-1.658697186905736487e+01 3.760689964218140346e+01
-1.657192767637327435e+01 4.291067594193413015e+01
-1.655688348368918383e+01 4.735259464077201130e+01
-1.654183929100509687e+01 5.055803435014827585e+01
-1.652679509832100635e+01 5.234294982957531772e+01
-1.651175090563691583e+01 5.273435728871437789e+01
-1.649670671295282531e+01 5.194383301322279323e+01
-1.648166252026873480e+01 5.030032934021711100e+01
-1.646661832758464428e+01 4.816148044413635887e+01
-1.645157413490055376e+01 4.582923860278643957e+01
-1.643652994221646324e+01 4.349367139529935145e+01
-1.642148574953237272e+01 4.121893680236851765e+01
-1.640644155684828220e+01 3.897148573478028055e+01
-1.639139736416419169e+01 3.667725650775080481e+01
-1.637635317148010117e+01 3.428626087635659303e+01
-1.636130897879601065e+01 3.182185501215262491e+01
-1.634626478611192013e+01 2.939807406949467961e+01
-1.633122059342782961e+01 2.719946569011656123e+01
-1.631617640074374265e+01 2.543031391348922909e+01
-1.630113220805965213e+01 2.425016285197552079e+01
-1.628608801537556161e+01 2.371712372179442951e+01
-1.627104382269147109e+01 2.375824819167073798e+01
-1.625599963000738057e+01 2.417798971823577858e+01
-1.624095543732329006e+01 2.470400782220923475e+01
-1.622591124463919954e+01 2.505795057093209977e+01
-1.621086705195510902e+01 2.503101972276384757e+01
-1.619582285927101850e+01 2.454254107625331471e+01
-1.618077866658692798e+01 2.366485756159181619e+01
-1.616573447390283746e+01 2.260785751547741285e+01
-1.615069028121875050e+01 2.166801273888235002e+01
-1.613564608853465998e+01 2.115629939744789922e+01
-1.612060189585056946e+01 2.132420507787516684e+01
-1.610555770316647894e+01 2.230639599250525507e+01
-1.609051351048238843e+01 2.409348007419431070e+01
-1.607546931779829791e+01 2.654058055154169793e+01
-1.606042512511420739e+01 2.940910153056751497e+01
-1.604538093243011687e+01 3.243158927253345070e+01
-1.603033673974602635e+01 3.538397073190414233e+01
-1.601529254706193584e+01 3.814659363918661228e+01
-1.600024835437784532e+01 4.073643375637938391e+01
-1.598520416169375480e+01 4.329841971484837870e+01
-1.597015996900966428e+01 4.605392335658555680e+01
-1.595511577632557376e+01 4.921721149459598621e+01
-1.594007158364148680e+01 5.290239303619616607e+01
-1.592502739095739628e+01 5.704966098035013289e+01
-1.590998319827330576e+01 6.139698580258161797e+01
-1.589493900558921524e+01 6.551130447117731137e+01
-1.587989481290512472e+01 6.887484932056752029e+01
-1.586485062022103421e+01 7.100374263591599799e+01
-1.584980642753694369e+01 7.156425381873403069e+01
-1.583476223485285317e+01 7.045197663421241430e+01
-1.581971804216876265e+01 6.781115409052368648e+01
-1.580467384948467213e+01 6.399123437206441167e+01
-1.578962965680058161e+01 5.945806819923841857e+01
-1.577458546411649110e+01 5.469032779471123717e+01
-1.575954127143240058e+01 5.009305263030768174e+01
-1.574449707874831006e+01 4.594991189682416177e+01
-1.572945288606421954e+01 4.241876435040938276e+01
-1.571440869338013258e+01 3.955884166832591120e+01
-1.569936450069604206e+01 3.736898769092528738e+01
-1.568432030801195154e+01 3.581770925240765280e+01
-1.566927611532786102e+01 3.485535619074844504e+01
-1.565423192264377050e+01 3.441098292414006465e+01
-1.563918772995967998e+01 3.438511656598886645e+01
-1.562414353727558947e+01 3.465093221989002359e+01
-1.560909934459149895e+01 3.507043734413669966e+01
-1.559405515190740843e+01 3.552295596189970439e+01
-1.557901095922331791e+01 3.593552765432264096e+01
-1.556396676653922739e+01 3.630247573420139418e+01
-1.554892257385513687e+01 3.668504249376644566e+01
-1.553387838117104636e+01 3.718944945121202039e+01
-1.551883418848695584e+01 3.792947503463571479e+01
-1.550378999580286532e+01 3.898463646414332118e+01
-1.548874580311877835e+01 4.036602140403595484e+01
-1.547370161043468784e+01 4.199921654125212456e+01
-1.545865741775059732e+01 4.372908551574800384e+01
-1.544361322506650680e+01 4.534585831346054619e+01
-1.542856903238241628e+01 4.662713489650896292e+01
-1.541352483969832576e+01 4.738658394265571872e+01
-1.539848064701423525e+01 4.751786066660026364e+01
-1.538343645433014473e+01 4.702223107863731855e+01
-1.536839226164605421e+01 4.601117698715951576e+01
-1.535334806896196369e+01 4.468092513945624944e+01
-1.533830387627787317e+01 4.326344040936847080e+01
-1.532325968359378265e+01 4.196591892616076080e+01
-1.530821549090969214e+01 4.091564617084130617e+01
-1.529317129822560162e+01 4.012712171283435936e+01
-1.527812710554151110e+01 3.950289963802445214e+01
-1.526308291285742413e+01 3.886988562048467344e+01
-1.524803872017333362e+01 3.804176132331970450e+01
-1.523299452748924310e+01 3.688936138317099989e+01
-1.521795033480515258e+01 3.539722407785200176e+01
-1.520290614212106206e+01 3.368756532290139205e+01
-1.518786194943697154e+01 3.200189145911765820e+01
-1.517281775675288102e+01 3.064283157504271315e+01
-1.515777356406879051e+01 2.989095158485085335e+01
-1.514272937138469999e+01 2.991972480313373950e+01
-1.512768517870060947e+01 3.073387268732577127e+01
-1.511264098601651895e+01 3.215103996052097557e+01
-1.509759679333242843e+01 3.383532883987869866e+01
-1.508255260064833791e+01 3.537656267932805321e+01
-1.506750840796424740e+01 3.639547274226156759e+01
-1.505246421528016043e+01 3.664655424567948216e+01
-1.503742002259606991e+01 3.609001311244065135e+01
-1.502237582991197939e+01 3.491239327100782930e+01
-1.500733163722788888e+01 3.348965096739724601e+01
-1.499228744454379836e+01 3.230209861596476628e+01
-1.497724325185970784e+01 3.182290636884704682e+01
-1.496219905917561732e+01 3.240734660982337800e+01
-1.494715486649152680e+01 3.420790528631696503e+01
-1.493211067380743629e+01 3.713246212838083693e+01
-1.491706648112334577e+01 4.085204200707872957e+01
-1.490202228843925525e+01 4.485421564560063246e+01
-1.488697809575516473e+01 4.853011392214727238e+01
-1.487193390307107421e+01 5.127802533250862638e+01
-1.485688971038698369e+01 5.260468544957738146e+01
-1.484184551770289318e+01 5.220644827104579377e+01
-1.482680132501880621e+01 5.001643079690673943e+01
-1.481175713233471569e+01 4.621019473419618606e+01
-1.479671293965062517e+01 4.117074167786461203e+01
-1.478166874696653466e+01 3.542187732277055545e+01
-1.476662455428244414e+01 2.954512937800215155e+01
-1.475158036159835362e+01 2.409747530028068851e+01
-1.473653616891426310e+01 1.954452996968043976e+01
-1.472149197623017258e+01 1.621771506834121013e+01
-1.470644778354608206e+01 1.429680515927154261e+01
-1.469140359086199155e+01 1.381383143276937631e+01
-1.467635939817790103e+01 1.467218153117542379e+01
-1.466131520549381051e+01 1.667554163627526975e+01
-1.464627101280971999e+01 1.956322260720395079e+01
-1.463122682012562947e+01 2.304923706392906624e+01
-1.461618262744153895e+01 2.686123375987815010e+01
-1.460113843475745199e+01 3.077293263364608933e+01
-1.458609424207336147e+01 3.462236526857687835e+01
-1.457105004938927095e+01 3.831029071627716576e+01
-1.455600585670518043e+01 4.177917312660355265e+01
-1.454096166402108992e+01 4.498107181830733481e+01
-1.452591747133699940e+01 4.784884395039986060e+01
-1.451087327865290888e+01 5.028545406575551624e+01
-1.449582908596881836e+01 5.217953084769398231e+01
-1.448078489328472784e+01 5.344374037309884784e+01
-1.446574070060063733e+01 5.406104692558151470e+01
-1.445069650791654681e+01 5.411806459990410900e+01
-1.443565231523245629e+01 5.380780426032112018e+01
-1.442060812254836577e+01 5.339547485408642302e+01
-1.440556392986427525e+01 5.315593721638905578e+01
-1.439051973718018473e+01 5.330337187058929516e+01
-1.437547554449609777e+01 5.393731604427804172e+01
-1.436043135181200725e+01 5.502280671981629467e+01
-1.434538715912791673e+01 5.640887807019751676e+01
-1.433034296644382621e+01 5.787525447741263918e+01
-1.431529877375973570e+01 5.918815619473162570e+01
-1.430025458107564518e+01 6.014624996964620607e+01
-1.428521038839155466e+01 6.060597981598466788e+01
-1.427016619570746414e+01 6.048698411202443026e+01
-1.425512200302337362e+01 5.976697177296892249e+01
-1.424007781033928310e+01 5.847716480547940421e+01
-1.422503361765519259e+01 5.670410503744981412e+01
-1.420998942497110207e+01 5.459502898265942861e+01
-1.419494523228701155e+01 5.235754561666986007e+01
-1.417990103960292103e+01 5.024402744841700752e+01
-1.416485684691883407e+01 4.851739270833431306e+01
-1.414981265423474355e+01 4.740451137711024643e+01
-1.413476846155065303e+01 4.705111400061861104e+01
-1.411972426886656251e+01 4.749356850943689068e+01
-1.410468007618247199e+01 4.865717910556913495e+01
-1.408963588349838147e+01 5.038043950370499857e+01
-1.407459169081429096e+01 5.245488578168022542e+01
-1.405954749813020044e+01 5.466544287678072322e+01
-1.404450330544610992e+01 5.681837564271937424e+01
-1.402945911276201940e+01 5.875156953559939410e+01
-1.401441492007792888e+01 6.033081662164012471e+01
-1.399937072739383837e+01 6.144172364826111732e+01
-1.398432653470974785e+01 6.198730695183179051e+01
-1.396928234202565733e+01 6.189666261868077868e+01
-1.395423814934156681e+01 6.114299801737980289e+01
-1.393919395665747984e+01 5.976327254738536254e+01
-1.392414976397338933e+01 5.786937557412478839e+01
-1.390910557128929881e+01 5.564302639604049716e+01
-1.389406137860520829e+01 5.331240400624082554e+01
-1.387901718592111777e+01 5.111559434806915903e+01
-1.386397299323702725e+01 4.926151786264625798e+01
-1.384892880055293674e+01 4.790074418383255050e+01
-1.383388460786884622e+01 4.711544509789446522e+01
-1.381884041518475570e+01 4.693045140341456545e+01
-1.380379622250066518e+01 4.733859993672071198e+01
-1.378875202981657466e+01 4.832699272580164518e+01
-1.377370783713248414e+01 4.988970936789021238e+01
-1.375866364444839363e+01 5.201810625251745535e+01
-1.374361945176430311e+01 5.467031068390205206e+01
-1.372857525908021259e+01 5.773255827088875947e+01
-1.371353106639612562e+01 6.099156815492454342e+01
-1.369848687371203511e+01 6.413573897793069989e+01
-1.368344268102794459e+01 6.679347452230781812e+01
-1.366839848834385407e+01 6.860292771018899316e+01
-1.365335429565976355e+01 6.929456944356300596e+01
-1.363831010297567303e+01 6.876158305903656753e+01
-1.362326591029158251e+01 6.709578324794033222e+01
-1.360822171760749200e+01 6.457740684077327842e+01
-1.359317752492340148e+01 6.162148293938893318e+01
-1.357813333223931096e+01 5.869624300913819326e+01
-1.356308913955522044e+01 5.623601341852107538e+01
-1.354804494687112992e+01 5.457063071874880222e+01
-1.353300075418703940e+01 5.388667201396251016e+01
-1.351795656150294889e+01 5.422547904687851172e+01
-1.350291236881885837e+01 5.551237819103769766e+01
-1.348786817613477140e+01 5.760354463097332456e+01
-1.347282398345068088e+01 6.033358785059467522e+01
-1.345777979076659037e+01 6.354891661025242655e+01
-1.344273559808249985e+01 6.711863302060073977e+01
-1.342769140539840933e+01 7.092396076868872967e+01
-1.341264721271431881e+01 7.483574271307489312e+01
-1.339760302003022829e+01 7.869396543910976050e+01
-1.338255882734613778e+01 8.230161326329111660e+01
-1.336751463466204726e+01 8.543807031543816777e+01
-1.335247044197795674e+01 8.788807347955798832e+01
-1.333742624929386622e+01 8.947533607062761973e+01
-1.332238205660977570e+01 9.008869083477878803e+01
-1.330733786392568518e+01 8.969317599407236230e+01
-1.329229367124159467e+01 8.832598311511881661e+01
-1.327724947855750770e+01 8.608332215651940089e+01
-1.326220528587341718e+01 8.310601678703190487e+01
-1.324716109318932666e+01 7.956894703563017401e+01
-1.323211690050523615e+01 7.567484784543357534e+01
-1.321707270782114563e+01 7.164960624455173388e+01
-1.320202851513705511e+01 6.773568651466911206e+01
-1.318698432245296459e+01 6.418193898114519413e+01
-1.317194012976887407e+01 6.122979848468541064e+01
-1.315689593708478355e+01 5.909630220963826019e+01
-1.314185174440069304e+01 5.795376133292651133e+01
-1.312680755171660252e+01 5.790599141677473938e+01
-1.311176335903251200e+01 5.896319585182759226e+01
-1.309671916634842148e+01 6.102157524453798487e+01
-1.308167497366433096e+01 6.385712968991497007e+01
-1.306663078098024044e+01 6.714285195087481384e+01
-1.305158658829615348e+01 7.049292101209383077e+01
-1.303654239561206296e+01 7.352788358191904194e+01
-1.302149820292797244e+01 7.594521681914737599e+01
-1.300645401024388192e+01 7.757498823189483517e+01
-1.299140981755979141e+01 7.840357523195525857e+01
-1.297636562487570089e+01 7.855879948604649599e+01
-1.296132143219161037e+01 7.826293168638112263e+01
-1.294627723950751985e+01 7.776996088312606048e+01
-1.293123304682342933e+01 7.730612433894734181e+01
-1.291618885413933882e+01 7.702767339211118269e+01
-1.290114466145524830e+01 7.700074985582671161e+01
-1.288610046877115778e+01 7.720017315609702280e+01
-1.287105627608706726e+01 7.752053163334610986e+01
-1.285601208340297674e+01 7.779449045618487446e+01
-1.284096789071888622e+01 7.781685981199295554e+01
-1.282592369803479926e+01 7.737501390420815994e+01
-1.281087950535070874e+01 7.628469000062339944e+01
-1.279583531266661822e+01 7.442595997354437998e+01
-1.278079111998252770e+01 7.177042629183009126e+01
-1.276574692729843719e+01 6.839070125560704128e+01
-1.275070273461434667e+01 6.444811241603392205e+01
-1.273565854193025615e+01 6.016245879692272780e+01
-1.272061434924616563e+01 5.577457631432037033e+01
-1.270557015656207511e+01 5.151466617438025963e+01
-1.269052596387798459e+01 4.758537747521698691e+01
-1.267548177119389408e+01 4.416039951164061961e+01
-1.266043757850980356e+01 4.139108616960050568e+01
-1.264539338582571304e+01 3.940978557812631067e+01
-1.263034919314162252e+01 3.832117473318169942e+01
-1.261530500045753556e+01 3.818064269518801979e+01
-1.260026080777344504e+01 3.896754254763281011e+01
-1.258521661508935452e+01 4.056632078971393440e+01
-1.257017242240526400e+01 4.276739731703499814e+01
-1.255512822972117348e+01 4.529269002793054710e+01
-1.254008403703708296e+01 4.784114282430991238e+01
-1.252503984435299245e+01 5.014181501190992662e+01
-1.250999565166890193e+01 5.199919380944392344e+01
-1.249495145898481141e+01 5.331814135864090787e+01
-1.247990726630072089e+01 5.410265788332640824e+01
-1.246486307361663037e+01 5.443059709968656534e+01
-1.244981888093253986e+01 5.441298091220289024e+01
-1.243477468824844934e+01 5.415008976235972682e+01
-1.241973049556435882e+01 5.369666975933408537e+01
-1.240468630288026830e+01 5.304574570954394375e+01
-1.238964211019618133e+01 5.213538175541774677e+01
-1.237459791751209082e+01 5.087637414172767336e+01
-1.235955372482800030e+01 4.919286587779993170e+01
-1.234450953214390978e+01 4.706409581217688753e+01
-1.232946533945981926e+01 4.455534969753492192e+01
-1.231442114677572874e+01 4.182976658570344597e+01
-1.229937695409163823e+01 3.913842751740267545e+01
-1.228433276140754771e+01 3.679160832937074588e+01
-1.226928856872345719e+01 3.511715307389959406e+01
-1.225424437603936667e+01 3.441223826010636344e+01
-1.223920018335527615e+01 3.489380237415581121e+01
-1.222415599067118563e+01 3.665275046304304851e+01
-1.220911179798709512e+01 3.961881685497974814e+01
-1.219406760530300460e+01 4.354564498295037112e+01
-1.217902341261891408e+01 4.802640710039253236e+01
-1.216397921993482711e+01 5.254629207693255921e+01
-1.214893502725073660e+01 5.656867466833836744e+01
-1.213389083456664608e+01 5.963922434255711380e+01
-1.211884664188255556e+01 6.148170594164920999e+01
-1.210380244919846504e+01 6.205622375772036037e+01
-1.208875825651437452e+01 6.155822040338882317e+01
-1.207371406383028400e+01 6.035345058654657180e+01
-1.205866987114619349e+01 5.886496206540501674e+01
-1.204362567846210297e+01 5.744516596827454435e+01
-1.202858148577801245e+01 5.627261207215486394e+01
-1.201353729309392193e+01 5.530612773004490634e+01
-1.199849310040983141e+01 5.431068328253623179e+01
-1.198344890772574090e+01 5.294621537376774967e+01
-1.196840471504165038e+01 5.089095155385743396e+01
-1.195336052235755986e+01 4.796129274769678119e+01
-1.193831632967347289e+01 4.419364462745162569e+01
-1.192327213698938237e+01 3.986741137004373314e+01
-1.190822794430529186e+01 3.546670768552083786e+01
-1.189318375162120134e+01 3.159441031210415218e+01
-1.187813955893711082e+01 2.886126572869053675e+01
-1.186309536625302030e+01 2.777395303033641838e+01
-1.184805117356892978e+01 2.864169735169897280e+01
-1.183300698088483927e+01 3.151500034288166319e+01
-1.181796278820074875e+01 3.616496467521059088e+01
-1.180291859551665823e+01 4.210774333723360741e+01
-1.178787440283256771e+01 4.867405937292697615e+01
-1.177283021014847719e+01 5.511668038130029146e+01
-1.175778601746438667e+01 6.073936457710054526e+01
-1.174274182478029616e+01 6.502204343765910721e+01
-1.172769763209620919e+01 6.771332985090333523e+01
-1.171265343941211867e+01 6.886628967081257713e+01
-1.169760924672802815e+01 6.880688508397352621e+01
-1.168256505404393764e+01 6.804269122153496596e+01
-1.166752086135984712e+01 6.713605272096535259e+01
-1.165247666867575660e+01 6.657487516669557692e+01
-1.163743247599166608e+01 6.667289327785287867e+01
-1.162238828330757556e+01 6.752073210864529074e+01
-1.160734409062348504e+01 6.899367498083641692e+01
-1.159229989793939453e+01 7.080702509924414301e+01
-1.157725570525530401e+01 7.259946648311023409e+01
-1.156221151257121349e+01 7.402091946753365903e+01
-1.154716731988712297e+01 7.480394804982813639e+01
-1.153212312720303245e+01 7.480519708589916661e+01
-1.151707893451894194e+01 7.401314153528858242e+01
-1.150203474183485497e+01 7.252779751880771641e+01
-1.148699054915076445e+01 7.052435435763541705e+01
-1.147194635646667393e+01 6.821423727121420200e+01
-1.145690216378258341e+01 6.581384047449242303e+01
-1.144185797109849290e+01 6.352488922428684504e+01
-1.142681377841440238e+01 6.152413077707172562e+01
-1.141176958573031186e+01 5.995667645670720702e+01
-1.139672539304622134e+01 5.892805105983833158e+01
-1.138168120036213082e+01 5.849382838855487421e+01
-1.136663700767804031e+01 5.865000469712805398e+01
-1.135159281499394979e+01 5.932929501079674139e+01
-1.133654862230985927e+01 6.040713570132380994e+01
-1.132150442962576875e+01 6.171724894856902210e+01
-1.130646023694167823e+01 6.307253649713941002e+01
-1.129141604425758771e+01 6.428520303077883113e+01
-1.127637185157350075e+01 6.518141063042345706e+01
-1.126132765888941023e+01 6.560962393912690516e+01
-1.124628346620531971e+01 6.544594328148818363e+01
-1.123123927352122919e+01 6.460174694487157865e+01
-1.121619508083713868e+01 6.303747026563849687e+01
-1.120115088815304816e+01 6.078165888712320708e+01
-1.118610669546895764e+01 5.794858426215193248e+01
-1.117106250278486712e+01 5.474369647179063492e+01
-1.115601831010077660e+01 5.144668622501018973e+01
-1.114097411741668608e+01 4.836793868644991079e+01
-1.112592992473259557e+01 4.578419782010079331e+01
-1.111088573204850505e+01 4.386955175140897722e+01
-1.109584153936441453e+01 4.264372219526784136e+01
-1.108079734668032401e+01 4.195759876287775114e+01
-1.106575315399623349e+01 4.152555054247437027e+01
-1.105070896131214653e+01 4.099852214540438666e+01
-1.103566476862805601e+01 4.005717286078373718e+01
-1.102062057594396549e+01 3.849643793482644583e+01
-1.100557638325987497e+01 3.627541973969805156e+01
-1.099053219057578445e+01 3.351871698933091892e+01
-1.097548799789169394e+01 3.047236018335301821e+01
-1.096044380520760342e+01 2.743263795381688652e+01
-1.094539961252351290e+01 2.467346045228027052e+01
-1.093035541983942238e+01 2.239515461966441023e+01
-1.091531122715533186e+01 2.070664169785558073e+01
-1.090026703447124135e+01 1.963891624176377704e+01
-1.088522284178715083e+01 1.917654624262419105e+01
-1.087017864910306031e+01 1.928975174942090121e+01
-1.085513445641896979e+01 1.995338799107607741e+01
-1.084009026373488283e+01 2.114832917853116001e+01
-1.082504607105079231e+01 2.285066971480750553e+01
-1.081000187836670179e+01 2.502016348864260564e+01
-1.079495768568261127e+01 2.759876705320185764e+01
-1.077991349299852075e+01 3.052356273018403598e+01
-1.076486930031443023e+01 3.374914312212855094e+01
-1.074982510763033972e+01 3.726747080092015807e+01
-1.073478091494624920e+01 4.111204242434313727e+01
-1.071973672226215868e+01 4.533878538824556159e+01
-1.070469252957806816e+01 4.998603462433576539e+01
-1.068964833689397764e+01 5.502555952222895996e+01
-1.067460414420988712e+01 6.032150855551500968e+01
-1.065955995152579661e+01 6.561229871146350945e+01
-1.064451575884170609e+01 7.052316179753647418e+01
-1.062947156615761557e+01 7.460785481190698931e+01
-1.061442737347352860e+01 7.741072485073078724e+01
-1.059938318078943809e+01 7.853691372614257205e+01
-1.058433898810534757e+01 7.771865910399176869e+01
-1.056929479542125705e+01 7.486764678767319481e+01
-1.055425060273716653e+01 7.010564669153284001e+01
-1.053920641005307601e+01 6.376792640814394275e+01
-1.052416221736898549e+01 5.637690313025439082e+01
-1.050911802468489498e+01 4.858775565407764674e+01
-1.049407383200080446e+01 4.111272690954028519e+01
-1.047902963931671394e+01 3.463496990329714720e+01
-1.046398544663262342e+01 2.972439583385769168e+01
-1.044894125394853290e+01 2.676668802848083573e+01
-1.043389706126444239e+01 2.591365400256315965e+01
-1.041885286858035187e+01 2.706028812521669735e+01
-1.040380867589626135e+01 2.985237435543924889e+01
-1.038876448321217438e+01 3.372748188541397951e+01
-1.037372029052808386e+01 3.798979560049890836e+01
-1.035867609784399335e+01 4.191369917344158580e+01
-1.034363190515990283e+01 4.486274698180388043e+01
-1.032858771247581231e+01 4.640253058852096046e+01
-1.031354351979172179e+01 4.638220470530077932e+01
-1.029849932710763127e+01 4.496329663839804169e+01
-1.028345513442354076e+01 4.258598943434819262e+01
-1.026841094173945024e+01 3.987887660138540724e+01
-1.025336674905535972e+01 3.753269163593608937e+01
-1.023832255637126920e+01 3.616671356095022105e+01
-1.022327836368717868e+01 3.621621413660404443e+01
-1.020823417100308816e+01 3.786166199062577675e+01
-1.019318997831899765e+01 4.100900431828587500e+01
-1.017814578563490713e+01 4.531912422298540122e+01
-1.016310159295082016e+01 5.027610338191797013e+01
-1.014805740026672964e+01 5.527893379391966988e+01
-1.013301320758263913e+01 5.973932026273026707e+01
-1.011796901489854861e+01 6.316854165106187935e+01
-1.010292482221445809e+01 6.523885915054579243e+01
-1.008788062953036757e+01 6.580992713134276073e+01
-1.007283643684627705e+01 6.491798396610921884e+01
-1.005779224416218653e+01 6.273413203065039312e+01
-1.004274805147809602e+01 5.950549234181011826e+01
-1.002770385879400550e+01 5.549681924382060316e+01
-1.001265966610991498e+01 5.094856432791120682e+01
-9.997615473425824462e+00 4.606061371967959417e+01
-9.982571280741733943e+00 4.100134327360368758e+01
-9.967527088057643425e+00 3.593282199741246075e+01
-9.952482895373556460e+00 3.103816758250741970e+01
-9.937438702689465941e+00 2.653764619169378847e+01
-9.922394510005375423e+00 2.268523489113163549e+01
-9.907350317321284905e+00 1.974452557040230971e+01
-9.892306124637194387e+00 1.794932298009903704e+01
-9.877261931953103868e+00 1.745840213560372689e+01
-9.862217739269013350e+00 1.831540090619276739e+01
-9.847173546584922832e+00 2.042433965642872451e+01
-9.832129353900832314e+00 2.354926414697303727e+01
-9.817085161216741795e+00 2.734282711728027593e+01
-9.802040968532651277e+00 3.140279776010364543e+01
-9.786996775848560759e+00 3.534777268995810573e+01
-9.771952583164470241e+00 3.889553993453927916e+01
-9.756908390480379722e+00 4.192274782705251823e+01
-9.741864197796289204e+00 4.448588881903750547e+01
-9.726820005112202239e+00 4.679242459452646585e+01
-9.711775812428111720e+00 4.912538157834949004e+01
-9.696731619744021202e+00 5.174031131048734267e+01
-9.681687427059930684e+00 5.476438444919829607e+01
-9.666643234375840166e+00 5.812910062219341967e+01
-9.651599041691749647e+00 6.155939324420625525e+01
-9.636554849007659129e+00 6.462531642733742387e+01
-9.621510656323568611e+00 6.684338089990008314e+01
-9.606466463639478093e+00 6.779919878313606318e+01
-9.591422270955387575e+00 6.725639194999017434e+01
-9.576378078271297056e+00 6.522085899496634909e+01
-9.561333885587206538e+00 6.194314342666618245e+01
-9.546289692903116020e+00 5.786041097996695015e+01
-9.531245500219025502e+00 5.349735456948176449e+01
-9.516201307534934983e+00 4.935640950392821225e+01
-9.501157114850848018e+00 4.582846349500631078e+01
-9.486112922166757500e+00 4.314587513246301143e+01
-9.471068729482666981e+00 4.138382611334961325e+01
-9.456024536798576463e+00 4.049985718570354010e+01
-9.440980344114485945e+00 4.039078737426628152e+01
-9.425936151430395427e+00 4.094447887174607814e+01
-9.410891958746304908e+00 4.207064498563953236e+01
-9.395847766062214390e+00 4.370627335774547362e+01
-9.380803573378123872e+00 4.580198871506622993e+01
-9.365759380694033354e+00 4.830158572289892049e+01
-9.350715188009942835e+00 5.112656302288201005e+01
-9.335670995325852317e+00 5.417228242567602337e+01
-9.320626802641761799e+00 5.731559753390249057e+01
-9.305582609957671281e+00 6.042862888096670559e+01
-9.290538417273584315e+00 6.339158805556364484e+01
-9.275494224589493797e+00 6.609916544269410110e+01
-9.260450031905403279e+00 6.845868234448612100e+01
-9.245405839221312760e+00 7.038217848461113135e+01
-9.230361646537222242e+00 7.177730976789328565e+01
-9.215317453853131724e+00 7.254248591756704911e+01
-9.200273261169041206e+00 7.257004817322255974e+01
-9.185229068484950687e+00 7.175825470494135061e+01
-9.170184875800860169e+00 7.002970981505475834e+01
-9.155140683116769651e+00 6.735190781019601047e+01
-9.140096490432679133e+00 6.375536546910500135e+01
-9.125052297748588614e+00 5.934601623154129868e+01
-9.110008105064498096e+00 5.431006709581868108e+01
-9.094963912380407578e+00 4.891036721533250642e+01
-9.079919719696317060e+00 4.347328853506364510e+01
-9.064875527012230094e+00 3.836491928890732339e+01
-9.049831334328139576e+00 3.395617709408288221e+01
-9.034787141644049058e+00 3.057891777776892894e+01
-9.019742948959958539e+00 2.847877781495962424e+01
-9.004698756275868021e+00 2.777383268887102474e+01
-8.989654563591777503e+00 2.842939655565162838e+01
-8.974610370907686985e+00 3.025733401297998526e+01
-8.959566178223596467e+00 3.294329256561075425e+01
-8.944521985539505948e+00 3.609870563231066853e+01
-8.929477792855415430e+00 3.932825962709735990e+01
-8.914433600171324912e+00 4.229953016793871257e+01
-8.899389407487234394e+00 4.480061182426537414e+01
-8.884345214803143875e+00 4.677377522586215264e+01
-8.869301022119053357e+00 4.831777967243575489e+01
-8.854256829434962839e+00 4.965745994851597089e+01
-8.839212636750875873e+00 5.108557896365878292e+01
-8.824168444066785355e+00 5.288768106041828077e+01
-8.809124251382694837e+00 5.526473516720617596e+01
-8.794080058698604319e+00 5.826972418342050020e+01
-8.779035866014513800e+00 6.177241235892302029e+01
-8.763991673330423282e+00 6.546145413468623531e+01
-8.748947480646332764e+00 6.888578112879059745e+01
-8.733903287962242246e+00 7.152933095231166760e+01
-8.718859095278151727e+00 7.290619755744306474e+01
-8.703814902594061209e+00 7.265839701273847595e+01
-8.688770709909970691e+00 7.063651397214694327e+01
-8.673726517225880173e+00 6.694515726759092900e+01
-8.658682324541789654e+00 6.194075343866292371e+01
-8.643638131857699136e+00 5.617840865717086274e+01
-8.628593939173608618e+00 5.031590048477616506e+01
-8.613549746489521652e+00 4.499367778270003981e+01
-8.598505553805431134e+00 4.071689556943497479e+01
-8.583461361121340616e+00 3.776647705078743655e+01
-8.568417168437250098e+00 3.616016418695650003e+01
-8.553372975753159579e+00 3.567280021765920850e+01
-8.538328783069069061e+00 3.591071763168872621e+01
-8.523284590384978543e+00 3.642187133687539813e+01
-8.508240397700888025e+00 3.681468394278856238e+01
-8.493196205016797506e+00 3.685662165612661312e+01
-8.478152012332706988e+00 3.652870657720339409e+01
-8.463107819648616470e+00 3.602312144642496605e+01
-8.448063626964525952e+00 3.568502227916232528e+01
-8.433019434280435433e+00 3.591323859506250216e+01
-8.417975241596344915e+00 3.704450824260408126e+01
-8.402931048912257950e+00 3.924998974651052919e+01
-8.387886856228167431e+00 4.247009711100086804e+01
-8.372842663544076913e+00 4.640474865556362261e+01
-8.357798470859986395e+00 5.056280269394726190e+01
-8.342754278175895877e+00 5.435974755596205910e+01
-8.327710085491805359e+00 5.724022116596908205e+01
-8.312665892807714840e+00 5.879510358255962643e+01
-8.297621700123624322e+00 5.884402016520550660e+01
-8.282577507439533804e+00 5.746323592704943906e+01
-8.267533314755443286e+00 5.495370826029138556e+01
-8.252489122071352767e+00 5.176013490242685577e+01
-8.237444929387262249e+00 4.836432848791198325e+01
-8.222400736703171731e+00 4.518157051598161900e+01
-8.207356544019081213e+00 4.248564998166644813e+01
-8.192312351334990694e+00 4.037863970878640174e+01
-8.177268158650903729e+00 3.880843864327811588e+01
-8.162223965966813211e+00 3.762444675076458367e+01
-8.147179773282722692e+00 3.665246498336767900e+01
-8.132135580598632174e+00 3.576585953681937724e+01
-8.117091387914541656e+00 3.493186936992647418e+01
-8.102047195230451138e+00 3.421930243381922310e+01
-8.087003002546360619e+00 3.376529523154610501e+01
-8.071958809862270101e+00 3.371162526697752782e+01
-8.056914617178179583e+00 3.413162223101391390e+01
-8.041870424494089065e+00 3.497332598340599219e+01
-8.026826231809998546e+00 3.604087599350241788e+01
-8.011782039125908028e+00 3.702456649160736646e+01
-7.996737846441816622e+00 3.757401105793385909e+01
-7.981693653757726103e+00 3.739394989360821597e+01
-7.966649461073635585e+00 3.633388600071773311e+01
-7.951605268389548620e+00 3.444409394782731226e+01
-7.936561075705458101e+00 3.198103469054642645e+01
-7.921516883021367583e+00 2.936082735440950131e+01
-7.906472690337277065e+00 2.707453543621635816e+01
-7.891428497653186547e+00 2.558873138982909978e+01
-7.876384304969096029e+00 2.525674273618938415e+01
-7.861340112285005510e+00 2.626071598066052459e+01
-7.846295919600914992e+00 2.859477750984618893e+01
-7.831251726916824474e+00 3.208839423966989557e+01
-7.816207534232733956e+00 3.645937807268376929e+01
-7.801163341548643437e+00 4.137981830633803071e+01
-7.786119148864552919e+00 4.653670048590235098e+01
-7.771074956180462401e+00 5.167235071024168036e+01
-7.756030763496371883e+00 5.659730520493508266e+01
-7.740986570812281364e+00 6.117764467977080756e+01
-7.725942378128194399e+00 6.530721180600332332e+01
-7.710898185444103881e+00 6.887948116315882885e+01
-7.695853992760013362e+00 7.177256884014555283e+01
-7.680809800075922844e+00 7.385453915249779300e+01
-7.665765607391832326e+00 7.500738627198384734e+01
-7.650721414707741808e+00 7.516031095525036676e+01
-7.635677222023651289e+00 7.431904377232416437e+01
-7.620633029339560771e+00 7.257917741638617315e+01
-7.605588836655470253e+00 7.011703037256114612e+01
-7.590544643971379735e+00 6.715931274037865251e+01
-7.575500451287289216e+00 6.394007550263307138e+01
-7.560456258603198698e+00 6.065768002781435086e+01
-7.545412065919108180e+00 5.744442780878263477e+01
-7.530367873235017662e+00 5.435710910934556495e+01
-7.515323680550930696e+00 5.138964274764658313e+01
-7.500279487866840178e+00 4.850179186821220867e+01
-7.485235295182749660e+00 4.565330790734866895e+01
-7.470191102498659141e+00 4.283237811114838678e+01
-7.455146909814568623e+00 4.007077750010295603e+01
-7.440102717130478105e+00 3.744385167768594869e+01
-7.425058524446387587e+00 3.505881670923194804e+01
-7.410014331762297068e+00 3.303773377178226411e+01
-7.394970139078206550e+00 3.150113072100284839e+01
-7.379925946394116032e+00 3.055538837596450463e+01
-7.364881753710025514e+00 3.028350751312934008e+01
-7.349837561025934995e+00 3.073664284190214957e+01
-7.334793368341844477e+00 3.192394784002219410e+01
-7.319749175657753959e+00 3.380063687699279740e+01
-7.304704982973663441e+00 3.625737297220433675e+01
-7.289660790289576475e+00 3.911626693731493276e+01
-7.274616597605485957e+00 4.213852610864963566e+01
-7.259572404921395439e+00 4.504594178599236187e+01
-7.244528212237304921e+00 4.755411713985098032e+01
-7.229484019553214402e+00 4.941147234272443001e+01
-7.214439826869123884e+00 5.043614160805117308e+01
-7.199395634185033366e+00 5.054330747784172928e+01
-7.184351441500942848e+00 4.975760317715827341e+01
-7.169307248816852329e+00 4.820787878617566946e+01
-7.154263056132761811e+00 4.610427353591715161e+01
-7.139218863448671293e+00 4.370031747562584457e+01
-7.124174670764580775e+00 4.124606046082927691e+01
-7.109130478080490256e+00 3.894166595802366260e+01
-7.094086285396399738e+00 3.690307975882182490e+01
-7.079042092712309220e+00 3.515034962581414391e+01
-7.063997900028222254e+00 3.362383863697592545e+01
-7.048953707344131736e+00 3.222489251230394558e+01
-7.033909514660041218e+00 3.086856788977461363e+01
-7.018865321975950700e+00 2.953071749112588762e+01
-7.003821129291860181e+00 2.827279254445961598e+01
-6.988776936607769663e+00 2.723516771836522921e+01
-6.973732743923679145e+00 2.660075862962569815e+01
-6.958688551239588627e+00 2.654082742381894633e+01
-6.943644358555498108e+00 2.716037500556110373e+01
-6.928600165871407590e+00 2.845982045693287077e+01
-6.913555973187317072e+00 3.032377737553320429e+01
-6.898511780503226554e+00 3.253937423832818610e+01
-6.883467587819136035e+00 3.483870458483953314e+01
-6.868423395135045517e+00 3.695466585807383808e+01
-6.853379202450954999e+00 3.867733267012672371e+01
-6.838335009766868033e+00 3.989875493668240125e+01
-6.823290817082777515e+00 4.063689829640251361e+01
-6.808246624398686997e+00 4.103362138492566658e+01
-6.793202431714596479e+00 4.132653582906421263e+01
-6.778158239030505960e+00 4.179975336931109098e+01
-6.763114046346415442e+00 4.272314690172147778e+01
-6.748069853662324924e+00 4.429287511833675239e+01
-6.733025660978234406e+00 4.658653103369598369e+01
-6.717981468294143887e+00 4.954367123777487336e+01
-6.702937275610053369e+00 5.297671935550241784e+01
-6.687893082925962851e+00 5.660945576244115074e+01
-6.672848890241872333e+00 6.013269613075031117e+01
-6.657804697557781815e+00 6.326196938438187800e+01
-6.642760504873691296e+00 6.578207185454967032e+01
-6.627716312189604331e+00 6.756864350866273128e+01
-6.612672119505513812e+00 6.858553818409897929e+01
-6.597627926821423294e+00 6.886525834985445726e+01
-6.582583734137332776e+00 6.848448681072906652e+01
-6.567539541453242258e+00 6.754582000813159937e+01
-6.552495348769151740e+00 6.617096189854734689e+01
-6.537451156085061221e+00 6.450303823226232680e+01
-6.522406963400970703e+00 6.271024700367826910e+01
-6.507362770716880185e+00 6.098235045106540753e+01
-6.492318578032789667e+00 5.951548464705001606e+01
-6.477274385348699148e+00 5.848695566060613515e+01
-6.462230192664608630e+00 5.802679637275558377e+01
-6.447185999980518112e+00 5.819457971574878741e+01
-6.432141807296427594e+00 5.896807420693719592e+01
-6.417097614612337075e+00 6.024628746599572082e+01
-6.402053421928250110e+00 6.186531896359799276e+01
-6.387009229244159592e+00 6.362265277707778210e+01
-6.371965036560069073e+00 6.530443284304948293e+01
-6.356920843875978555e+00 6.671054901266205661e+01
-6.341876651191888037e+00 6.767358871201881243e+01
-6.326832458507797519e+00 6.806960775925386997e+01
-6.311788265823707000e+00 6.782097364244263815e+01
-6.296744073139616482e+00 6.689368758802491755e+01
-6.281699880455525964e+00 6.529279788726309164e+01
-6.266655687771435446e+00 6.305913291212826977e+01
-6.251611495087344927e+00 6.026862107588004847e+01
-6.236567302403254409e+00 5.703277433402437424e+01
-6.221523109719163891e+00 5.349684171415675138e+01
-6.206478917035073373e+00 4.983186727950990047e+01
-6.191434724350982854e+00 4.621878877683336384e+01
-6.176390531666895889e+00 4.282612528027951981e+01
-6.161346338982805371e+00 3.978628299240850197e+01
-6.146302146298714852e+00 3.717745438251550638e+01
-6.131257953614624334e+00 3.501741559629411427e+01
-6.116213760930533816e+00 3.327215977618649845e+01
-6.101169568246443298e+00 3.187726437529157764e+01
-6.086125375562352779e+00 3.076500679202534627e+01
-6.071081182878262261e+00 2.988752140337529895e+01
-6.056036990194171743e+00 2.922714971610934853e+01
-6.040992797510081225e+00 2.878973871046116528e+01
-6.025948604825990707e+00 2.858361633791279388e+01
-6.010904412141900188e+00 2.859370275336089051e+01
-5.995860219457809670e+00 2.876375052820892364e+01
-5.980816026773719152e+00 2.899801127802249212e+01
-5.965771834089632186e+00 2.918666067037424128e+01
-5.950727641405541668e+00 2.924937471931213651e+01
-5.935683448721451150e+00 2.918245030905369930e+01
-5.920639256037360632e+00 2.909074528112875413e+01
-5.905595063353270113e+00 2.918868337080825270e+01
-5.890550870669179595e+00 2.976400173772088564e+01
-5.875506677985089077e+00 3.111050971142455168e+01
-5.860462485300998559e+00 3.344723975549792527e+01
-5.845418292616908040e+00 3.684693977166160295e+01
-5.830374099932817522e+00 4.119497187068757427e+01
-5.815329907248727004e+00 4.619120124796680926e+01
-5.800285714564636486e+00 5.139545320005192508e+01
-5.785241521880545967e+00 5.630553414417838098e+01
-5.770197329196455449e+00 6.044897811652373321e+01
-5.755153136512364931e+00 6.346728197104759772e+01
-5.740108943828277965e+00 6.517429640688769155e+01
-5.725064751144187447e+00 6.557723059911560881e+01
-5.710020558460096929e+00 6.485751534871552337e+01
-5.694976365776006411e+00 6.331774115359571198e+01
-5.679932173091915892e+00 6.130839696772754621e+01
-5.664887980407825374e+00 5.915257474063402299e+01
-5.649843787723734856e+00 5.708674707905753820e+01
-5.634799595039644338e+00 5.523057517317649001e+01
-5.619755402355553819e+00 5.358951950597941050e+01
-5.604711209671463301e+00 5.208375775160022414e+01
-5.589667016987372783e+00 5.058949983532629346e+01
-5.574622824303282265e+00 4.897730824049463649e+01
-5.559578631619191746e+00 4.713693851385426825e+01
-5.544534438935101228e+00 4.498685581118879639e+01
-5.529490246251010710e+00 4.247447972787509229e+01
-5.514446053566923744e+00 3.957647490776451349e+01
-5.499401860882833226e+00 3.630585043024021275e+01
-5.484357668198742708e+00 3.272627592743491931e+01
-5.469313475514652190e+00 2.896773334040422299e+01
-5.454269282830561671e+00 2.523479425249285413e+01
-5.439225090146471153e+00 2.180054908036620631e+01
-5.424180897462380635e+00 1.898406070561758696e+01
-5.409136704778290117e+00 1.711440957873847779e+01
-5.394092512094199598e+00 1.648767940488276196e+01
-5.379048319410109080e+00 1.732399977305404448e+01
-5.364004126726018562e+00 1.973094314238464975e+01
-5.348959934041928044e+00 2.367850667326731795e+01
-5.333915741357837526e+00 2.899014974705019654e+01
-5.318871548673747007e+00 3.535329472955879737e+01
-5.303827355989656489e+00 4.235022346328103993e+01
-5.288783163305569524e+00 4.950600069286107185e+01
-5.273738970621479005e+00 5.634500191822196768e+01
-5.258694777937388487e+00 6.244411040572393290e+01
-5.243650585253297969e+00 6.747091733062578101e+01
-5.228606392569207451e+00 7.120000273837217719e+01
-5.213562199885116932e+00 7.350801447003703970e+01
-5.198518007201026414e+00 7.435554508151298592e+01
-5.183473814516935896e+00 7.376743608224225568e+01
-5.168429621832845378e+00 7.182148666150953886e+01
-5.153385429148754859e+00 6.864946626289449227e+01
-5.138341236464664341e+00 6.444667963173671410e+01
-5.123297043780573823e+00 5.948054306884714748e+01
-5.108252851096483305e+00 5.408719023281715721e+01
-5.093208658412392786e+00 4.864865649617710375e+01
-5.078164465728305821e+00 4.355037986996355670e+01
-5.063120273044215303e+00 3.912695889916120251e+01
-5.048076080360124784e+00 3.561027126874141402e+01
-5.033031887676034266e+00 3.309569417495094967e+01
-5.017987694991943748e+00 3.153819950531244487e+01
-5.002943502307853230e+00 3.078137380547656932e+01
-4.987899309623762711e+00 3.061167488694363925e+01
-4.972855116939672193e+00 3.082134506080697633e+01
-4.957810924255581675e+00 3.125995290722465825e+01
-4.942766731571491157e+00 3.185833982075184068e+01
-4.927722538887400638e+00 3.261884345551532505e+01
-4.912678346203310120e+00 3.357844048690769512e+01
-4.897634153519219602e+00 3.476191589786051850e+01
-4.882589960835129084e+00 3.614598006812933306e+01
-4.867545768151038565e+00 3.765056862995066922e+01
-4.852501575466951600e+00 3.916192917981926769e+01
-4.837457382782861082e+00 4.057802468853479638e+01
-4.822413190098770563e+00 4.185602729268025257e+01
-4.807368997414680045e+00 4.303898067272545092e+01
-4.792324804730589527e+00 4.424579222820494095e+01
-4.777280612046499009e+00 4.562333874415870127e+01
-4.762236419362408490e+00 4.727603745551466830e+01
-4.747192226678317972e+00 4.919985713921212067e+01
-4.732148033994227454e+00 5.124906118498178387e+01
-4.717103841310136936e+00 5.315362199014076339e+01
-4.702059648626046418e+00 5.458678153188643734e+01
-4.687015455941955899e+00 5.526289655023795433e+01
-4.671971263257865381e+00 5.503337464347844588e+01
-4.656927070573774863e+00 5.394818924416173900e+01
-4.641882877889684345e+00 5.226206734570650525e+01
-4.626838685205597379e+00 5.038298549211094013e+01
-4.611794492521506861e+00 4.877870677840621028e+01
-4.596750299837416343e+00 4.786839674649713317e+01
-4.581706107153325824e+00 4.792806546043234306e+01
-4.566661914469235306e+00 4.903188172330453654e+01
-4.551617721785144788e+00 5.104000712122454786e+01
-4.536573529101054270e+00 5.363159304844622000e+01
-4.521529336416963751e+00 5.637191977728387116e+01
-4.506485143732873233e+00 5.879679634346285155e+01
-4.491440951048782715e+00 6.049570313127054533e+01
-4.476396758364692197e+00 6.117755102958561508e+01
-4.461352565680601678e+00 6.070854925790365542e+01
-4.446308372996511160e+00 5.911894676064761001e+01
-4.431264180312420642e+00 5.658222079518923664e+01
-4.416219987628330124e+00 5.337476598534883010e+01
-4.401175794944243158e+00 4.982560266415798367e+01
-4.386131602260152640e+00 4.626486797448014698e+01
-4.371087409576062122e+00 4.297845014108458628e+01
-4.356043216891971603e+00 4.017515994414526403e+01
-4.340999024207881085e+00 3.797201986295750942e+01
-4.325954831523790567e+00 3.640119717434396307e+01
-4.310910638839700049e+00 3.543761200579221793e+01
-4.295866446155609530e+00 3.503972229455999354e+01
-4.280822253471519012e+00 3.518985568185551926e+01
-4.265778060787428494e+00 3.591812265111516922e+01
-4.250733868103337976e+00 3.729778775596022911e+01
-4.235689675419247457e+00 3.940966629182454994e+01
-4.220645482735156939e+00 4.228530770460361055e+01
-4.205601290051066421e+00 4.584843866774779286e+01
-4.190557097366979455e+00 4.987708241309685064e+01
-4.175512904682888937e+00 5.400341614231619047e+01
-4.160468711998798419e+00 5.775670358676000404e+01
-4.145424519314707901e+00 6.064098379689919227e+01
-4.130380326630617382e+00 6.222852931436018054e+01
-4.115336133946526864e+00 6.224576184511720101e+01
-4.100291941262436346e+00 6.063102029373611401e+01
-4.085247748578345828e+00 5.755154767560764384e+01
-4.070203555894255310e+00 5.337726194859095585e+01
-4.055159363210164791e+00 4.861838492633573594e+01
-4.040115170526074273e+00 4.384091351281067261e+01
-4.025070977841983755e+00 3.957742633740492977e+01
-4.010026785157893237e+00 3.625070011875739340e+01
-3.994982592473802718e+00 3.412418430134767533e+01
-3.979938399789712200e+00 3.328690525017874080e+01
-3.964894207105625235e+00 3.367182931873643525e+01
-3.949850014421534716e+00 3.509809439945758669e+01
-3.934805821737444198e+00 3.732160076432403883e+01
-3.919761629053353680e+00 4.007779269616312945e+01
-3.904717436369263162e+00 4.310596056985118452e+01
-3.889673243685172643e+00 4.615427389833728711e+01
-3.874629051001082125e+00 4.897482394636926983e+01
-3.859584858316991607e+00 5.132331611875049759e+01
-3.844540665632901089e+00 5.297559403223102237e+01
-3.829496472948810570e+00 5.376346277534793927e+01
-3.814452280264720052e+00 5.361967607847311257e+01
-3.799408087580629534e+00 5.261272190813669170e+01
-3.784363894896539016e+00 5.095128598467886860e+01
-3.769319702212448497e+00 4.894732493195989065e+01
-3.754275509528357979e+00 4.694228944743465348e+01
-3.739231316844271014e+00 4.521675270504110955e+01
-3.724187124160180495e+00 4.391272969111977176e+01
-3.709142931476089977e+00 4.299615274958703282e+01
-3.694098738791999459e+00 4.227451900645983329e+01
-3.679054546107908941e+00 4.146614428780752348e+01
-3.664010353423818422e+00 4.029967094063920285e+01
-3.648966160739727904e+00 3.861206411894740143e+01
-3.633921968055637386e+00 3.641396818026737492e+01
-3.618877775371546868e+00 3.390243086668907324e+01
-3.603833582687456349e+00 3.141828113067125017e+01
-3.588789390003365831e+00 2.936261398145931167e+01
-3.573745197319275313e+00 2.809823512434618209e+01
-3.558701004635184795e+00 2.786445215099235995e+01
-3.543656811951094276e+00 2.872743104827226190e+01
-3.528612619267003758e+00 3.057629427760078400e+01
-3.513568426582916793e+00 3.316137280500329609e+01
-3.498524233898826274e+00 3.615963533830193199e+01
-3.483480041214735756e+00 3.924633295483062767e+01
-3.468435848530645238e+00 4.215268428430678682e+01
-3.453391655846554720e+00 4.469640703651247549e+01
-3.438347463162464202e+00 4.678259679528235893e+01
-3.423303270478373683e+00 4.838304702745822539e+01
-3.408259077794283165e+00 4.950863321009448725e+01
-3.393214885110192647e+00 5.018930797230419927e+01
-3.378170692426102129e+00 5.046972924782910042e+01
-3.363126499742011610e+00 5.041864466660931754e+01
-3.348082307057921092e+00 5.014168038369287927e+01
-3.333038114373830574e+00 4.978441814669479726e+01
-3.317993921689740056e+00 4.951715112748441783e+01
-3.302949729005653090e+00 4.950233693405112234e+01
-3.287905536321562572e+00 4.985558077697335477e+01
-3.272861343637472054e+00 5.061576806978471410e+01
-3.257817150953381535e+00 5.173703660894903322e+01
-3.242772958269291017e+00 5.310601522868543611e+01
-3.227728765585200499e+00 5.457692147583556874e+01
-3.212684572901109981e+00 5.601022904496448973e+01
-3.197640380217019462e+00 5.730089234360131201e+01
-3.182596187532928944e+00 5.838873070307480617e+01
-3.167551994848838426e+00 5.925238292397519757e+01
-3.152507802164747908e+00 5.989441833231735046e+01
-3.137463609480657389e+00 6.032610551478318683e+01
-3.122419416796566871e+00 6.055683568783672399e+01
-3.107375224112476353e+00 6.058853302370212646e+01
-3.092331031428385835e+00 6.041275048886321031e+01
-3.077286838744298869e+00 6.000857740017512043e+01
-3.062242646060208351e+00 5.934155861157429257e+01
-3.047198453376117833e+00 5.836520285118932350e+01
-3.032154260692027314e+00 5.702605864843145156e+01
-3.017110068007936796e+00 5.527142988161189407e+01
-3.002065875323846278e+00 5.305741513958076894e+01
-2.987021682639755760e+00 5.035538306481206661e+01
-2.971977489955665241e+00 4.715687504538040997e+01
-2.956933297271574723e+00 4.347855419358969442e+01
-2.941889104587484205e+00 3.936860921024725002e+01
-2.926844911903393687e+00 3.491386623681471946e+01
-2.911800719219303168e+00 3.024430493737913750e+01
-2.896756526535212650e+00 2.553077731270487050e+01
-2.881712333851122132e+00 2.097352149506162533e+01
-2.866668141167031614e+00 1.678275620088316700e+01
-2.851623948482944648e+00 1.315611528551671938e+01
-2.836579755798854130e+00 1.025887228730842970e+01
-2.821535563114763612e+00 8.211102868967644852e+00
-2.806491370430673093e+00 7.082185184176737813e+00
-2.791447177746582575e+00 6.889492016693554710e+00
-2.776402985062492057e+00 7.596803921303838081e+00
-2.761358792378401539e+00 9.109678290073755846e+00
-2.746314599694311021e+00 1.126893071505566368e+01
-2.731270407010220502e+00 1.384747180956235724e+01
-2.716226214326129984e+00 1.655767096760440893e+01
-2.701182021642039466e+00 1.907470563774746353e+01
-2.686137828957948948e+00 2.107615602093280671e+01
-2.671093636273858429e+00 2.229131798321028413e+01
-2.656049443589767911e+00 2.254825164825782124e+01
-2.641005250905680946e+00 2.180510250633515668e+01
-2.625961058221590427e+00 2.015579402611821891e+01
-2.610916865537499909e+00 1.780766893852269916e+01
-2.595872672853409391e+00 1.503716892807336158e+01
-2.580828480169318873e+00 1.213587348827153001e+01
-2.565784287485228354e+00 9.360938620608672878e+00
-2.550740094801137836e+00 6.900968354922884629e+00
-2.535695902117047318e+00 4.862308057146050189e+00
-2.520651709432956800e+00 3.274285091882288334e+00
-2.505607516748866281e+00 2.107327353690410021e+00
-2.490563324064775763e+00 1.296250604204042922e+00
-2.475519131380685245e+00 7.620568574100239356e-01
-2.460474938696594727e+00 4.281808182569833976e-01
-2.445430746012504208e+00 2.299367906926937655e-01
-2.430386553328413690e+00 1.180133522906253590e-01
-2.415342360644326725e+00 5.788889398601479441e-02
-2.400298167960236206e+00 2.713943362770190881e-02
-2.385253975276145688e+00 1.216039637127243681e-02
-2.370209782592055170e+00 5.207581853418984975e-03
-2.355165589907964652e+00 2.131404614496778920e-03
-2.340121397223874133e+00 8.337524464638294440e-04
-2.325077204539783615e+00 3.117093027533440622e-04
-2.310033011855693097e+00 1.113791319865572684e-04
-2.294988819171602579e+00 3.803639222234567299e-05
-2.279944626487512060e+00 1.241469996359850658e-05
-2.264900433803421542e+00 3.872706298720184653e-06
-2.249856241119331024e+00 1.154607351951901145e-06
-2.234812048435240506e+00 3.289996970525473902e-07
-2.219767855751149987e+00 8.959795562746009189e-08
-2.204723663067059469e+00 2.332072918088071661e-08
-2.189679470382972504e+00 5.801330043889346616e-09
-2.174635277698881985e+00 1.379286369930687084e-09
-2.159591085014792355e+00 3.134171364077630673e-10
