# E-EF(eV)  DOS(states/eV)
-3.566444186363601432e+01 4.296623256049125392e-10
-3.564706010429122784e+01 2.377998038126929960e-09
-3.562967834494644137e+01 1.238955565642083589e-08
-3.561229658560165490e+01 6.076590756638084539e-08
-3.559491482625686842e+01 2.805590369217187698e-07
-3.557753306691208195e+01 1.219406618999262978e-06
-3.556015130756729548e+01 4.989222170709383503e-06
-3.554276954822251611e+01 1.921662633558671800e-05
-3.552538778887772963e+01 6.967571764391457614e-05
-3.550800602953294316e+01 2.378185658112427943e-04
-3.549062427018815669e+01 7.641349392845384666e-04
-3.547324251084337021e+01 2.311289538548503761e-03
-3.545586075149858374e+01 6.581102270859182438e-03
-3.543847899215379726e+01 1.764017597689122169e-02
-3.542109723280901079e+01 4.451098148489049389e-02
-3.540371547346422432e+01 1.057283388638313448e-01
-3.538633371411943784e+01 2.364153246369942729e-01
-3.536895195477465847e+01 4.976451938211747805e-01
-3.535157019542987200e+01 9.861068473017129410e-01
-3.533418843608508553e+01 1.839450486677995933e+00
-3.531680667674029905e+01 3.230071932488310260e+00
-3.529942491739551258e+01 5.339446587223652507e+00
-3.528204315805072611e+01 8.308837322759565325e+00
-3.526466139870593963e+01 1.217150325365900088e+01
-3.524727963936115316e+01 1.678448936780900880e+01
-3.522989788001636668e+01 2.178873384927420886e+01
-3.521251612067158732e+01 2.662660514706007930e+01
-3.519513436132680084e+01 3.063088480617064135e+01
-3.517775260198201437e+01 3.317135578503683746e+01
-3.516037084263722790e+01 3.381635824429211112e+01
-3.514298908329244142e+01 3.245266586267558750e+01
-3.512560732394765495e+01 2.931796665344442232e+01
-3.510822556460286847e+01 2.493315500630791348e+01
-3.509084380525808200e+01 1.996091962947842546e+01
-3.507346204591329553e+01 1.504332263583839691e+01
-3.505608028656851616e+01 1.067251822824628249e+01
-3.503869852722372968e+01 7.127708795299447786e+00
-3.502131676787894321e+01 4.481185221821937681e+00
-3.500393500853415674e+01 2.652135704584168252e+00
-3.498655324918937026e+01 1.477605456282189644e+00
-3.496917148984458379e+01 7.749632764289644538e-01
-3.495178973049979732e+01 3.826164595620565878e-01
-3.493440797115501084e+01 1.778304224065879180e-01
-3.491702621181022437e+01 7.780515156566310264e-02
-3.489964445246544500e+01 3.204575617188284986e-02
-3.488226269312065853e+01 1.242489046800854952e-02
-3.486488093377587205e+01 4.534970686024077102e-03
-3.484749917443108558e+01 1.558175121184504240e-03
-3.483011741508629910e+01 5.039853474084122391e-04
-3.481273565574151263e+01 1.534544239707395904e-04
-3.479535389639672616e+01 4.398461261426434802e-05
-3.477797213705193968e+01 1.186812140932864791e-05
-3.476059037770715321e+01 3.014553783712359436e-06
-3.474320861836236674e+01 7.208151999993317146e-07
-3.472582685901758737e+01 1.622499885865818798e-07
-3.470844509967280089e+01 3.437995066096599207e-08
-3.469106334032801442e+01 6.857813255342028474e-09
-3.467368158098322795e+01 1.287733185382518590e-09
-3.465629982163844147e+01 2.276281372049741899e-10
-3.463891806229365500e+01 3.787789365935666638e-11
-3.462153630294886852e+01 5.933425750198193023e-12
-3.460415454360408205e+01 8.749535854167498417e-13
-3.458677278425929558e+01 1.214574966668981786e-13
-3.456939102491451621e+01 1.587169976980964271e-14
-3.455200926556972973e+01 1.952460934543647129e-15
-3.453462750622494326e+01 2.261002600473160431e-16
-3.451724574688015679e+01 2.464787948243072066e-17
-3.449986398753537031e+01 2.529401949276611633e-18
-3.448248222819058384e+01 2.443520118353298114e-19
-3.446510046884579737e+01 2.222152030117464987e-20
-3.444771870950101089e+01 1.902354246208418110e-21
-3.443033695015622442e+01 1.533094009802769381e-22
-3.441295519081144505e+01 1.163070252124707130e-23
-3.439557343146665858e+01 8.306209322718319612e-25
-3.437819167212187210e+01 5.584181856373805786e-26
-3.436080991277708563e+01 3.534076848739810306e-27
-3.434342815343229915e+01 2.105485111262764040e-28
-3.432604639408751268e+01 1.180831978757028669e-29
-3.430866463474272621e+01 6.234243752719751479e-31
-3.429128287539793973e+01 3.098412162240139573e-32
-3.427390111605315326e+01 1.449620532285206627e-33
-3.425651935670837389e+01 6.384533989709356469e-35
-3.423913759736358742e+01 2.647060086388579947e-36
-3.422175583801880094e+01 1.033137477458455931e-37
-3.420437407867401447e+01 3.795877149878651045e-39
-3.418699231932922800e+01 1.312882599967981528e-40
-3.416961055998444152e+01 4.274638018287296041e-42
-3.415222880063965505e+01 1.310184624771519942e-43
-3.413484704129486857e+01 3.780292041581376066e-45
-3.411746528195008210e+01 1.026781180041049063e-46
-3.410008352260529563e+01 2.625367700391136037e-48
-3.408270176326051626e+01 6.319199430701176242e-50
-3.406532000391572979e+01 1.431837284182543087e-51
-3.404793824457094331e+01 3.054111929836364361e-53
-3.403055648522615684e+01 6.132476669195952514e-55
-3.401317472588137036e+01 1.159168386287834074e-56
-3.399579296653658389e+01 2.062608560304964838e-58
-3.397841120719179742e+01 3.454989748597930292e-60
-3.396102944784701094e+01 5.447990801329414226e-62
-3.394364768850222447e+01 8.086966033112943448e-64
-3.392626592915744510e+01 1.130041827505379121e-65
-3.390888416981265863e+01 1.486493658003712126e-67
-3.389150241046787215e+01 1.840734872866593278e-69
-3.387412065112308568e+01 2.145749662064658992e-71
-3.385673889177829921e+01 2.354650717722724253e-73
-3.383935713243351273e+01 2.432391964044675140e-75
-3.382197537308872626e+01 2.365376324477486563e-77
-3.380459361374393978e+01 2.165342233430293506e-79
-3.378721185439915331e+01 1.866003519539819232e-81
-3.376983009505437394e+01 1.513763317826250481e-83
-3.375244833570958747e+01 1.156014010174773747e-85
-3.373506657636480099e+01 8.310512661943433354e-88
-3.371768481702001452e+01 5.624091537917445479e-90
-3.370030305767522805e+01 3.640004524394300443e-92
-3.368292129833044157e+01 9.348789512877878590e-92
-3.366553953898565510e+01 1.434588754811717967e-89
-3.364815777964086863e+01 2.077312836485331520e-87
-3.363077602029608215e+01 2.831920604836039317e-85
-3.361339426095130278e+01 3.634681743516141707e-83
-3.359601250160651631e+01 4.391970235712181806e-81
-3.357863074226172984e+01 4.996451096355736920e-79
-3.356124898291694336e+01 5.351490470520866624e-77
-3.354386722357215689e+01 5.396353354118811541e-75
-3.352648546422737041e+01 5.123186814792919540e-73
-3.350910370488258394e+01 4.579266443091614929e-71
-3.349172194553779747e+01 3.853623637781837769e-69
-3.347434018619301099e+01 3.053248370805425571e-67
-3.345695842684822452e+01 2.277593683695434538e-65
-3.343957666750344515e+01 1.599607769862084295e-63
-3.342219490815865868e+01 1.057732368110381173e-61
-3.340481314881387220e+01 6.585140518929599083e-60
-3.338743138946908573e+01 3.859963714172728751e-58
-3.337004963012429926e+01 2.130258529386904391e-56
-3.335266787077951278e+01 1.106915175679944345e-54
-3.333528611143472631e+01 5.415410216888142471e-53
-3.331790435208993983e+01 2.494511137398633762e-51
-3.330052259274515336e+01 1.081879045240173050e-49
-3.328314083340037399e+01 4.417873490580317087e-48
-3.326575907405558752e+01 1.698600699963602758e-46
-3.324837731471080104e+01 6.149148094280104330e-45
-3.323099555536601457e+01 2.095976595943443183e-43
-3.321361379602122810e+01 6.726791024011087389e-42
-3.319623203667644162e+01 2.032739357655900919e-40
-3.317885027733165515e+01 5.783755726028456407e-39
-3.316146851798686868e+01 1.549511905836509165e-37
-3.314408675864208220e+01 3.908758773992356890e-36
-3.312670499929730283e+01 9.284190602427723614e-35
-3.310932323995251636e+01 2.076408050227043308e-33
-3.309194148060772989e+01 4.372673836884777069e-32
-3.307455972126294341e+01 8.670605507930607932e-31
-3.305717796191815694e+01 1.618907229793040888e-29
-3.303979620257337046e+01 2.846209763353362504e-28
-3.302241444322858399e+01 4.711795661849115047e-27
-3.300503268388379752e+01 7.344847251582352745e-26
-3.298765092453901104e+01 1.078097436004093925e-24
-3.297026916519423168e+01 1.490096176746902649e-23
-3.295288740584944520e+01 1.939338922082136554e-22
-3.293550564650465873e+01 2.376721519410025331e-21
-3.291812388715987225e+01 2.742774209055952502e-20
-3.290074212781508578e+01 2.980512485213055508e-19
-3.288336036847029931e+01 3.049880815522492123e-18
-3.286597860912551283e+01 2.938784053288225512e-17
-3.284859684978072636e+01 2.666534177604356536e-16
-3.283121509043593989e+01 2.278363603418758243e-15
-3.281383333109115341e+01 1.833145648971113859e-14
-3.279645157174637404e+01 1.388898651329656431e-13
-3.277906981240158757e+01 9.909352966409836451e-13
-3.276168805305680110e+01 6.657675628368187628e-12
-3.274430629371201462e+01 4.212150794285650574e-11
-3.272692453436722815e+01 2.509518508431060285e-10
-3.270954277502244167e+01 1.407937233145867199e-09
-3.269216101567765520e+01 7.438471145558183846e-09
-3.267477925633286873e+01 3.700774174013731957e-08
-3.265739749698808225e+01 1.733847661211168030e-07
-3.264001573764330288e+01 7.649615497510254118e-07
-3.262263397829851641e+01 3.178186688061792651e-06
-3.260525221895372994e+01 1.243457979617515488e-05
-3.258787045960894346e+01 4.581371697810488744e-05
-3.257048870026415699e+01 1.589547535605926383e-04
-3.255310694091937052e+01 5.193571788022599122e-04
-3.253572518157458404e+01 1.597992649257780904e-03
-3.251834342222979757e+01 4.630217791682818100e-03
-3.250096166288501109e+01 1.263423749018510213e-02
-3.248357990354023173e+01 3.246550752617476804e-02
-3.246619814419544525e+01 7.856480198118634406e-02
-3.244881638485065878e+01 1.790513748605141731e-01
-3.243143462550587230e+01 3.843161213002331267e-01
-3.241405286616108583e+01 7.769413509531007955e-01
-3.239667110681629936e+01 1.479515008690244660e+00
-3.237928934747151288e+01 2.654292500181260728e+00
-3.236190758812672641e+01 4.487249846873312187e+00
-3.234452582878193994e+01 7.151128875952646347e+00
-3.232714406943716057e+01 1.074929114860875856e+01
-3.230976231009237409e+01 1.525372257727305403e+01
-3.229238055074758762e+01 2.046158419048297716e+01
-3.227499879140280115e+01 2.599757888747760859e+01
-3.225761703205801467e+01 3.137768595538145178e+01
-3.224023527271322820e+01 3.612409363938620999e+01
-3.222285351336844172e+01 3.989205183840846303e+01
-3.220547175402365525e+01 4.255394006116647887e+01
-3.218808999467886878e+01 4.419760087743473775e+01
-3.217070823533408230e+01 4.503418829350933805e+01
-3.215332647598930293e+01 4.525737086426985201e+01
-3.213594471664451646e+01 4.492414722001115024e+01
-3.211856295729972999e+01 4.391913928521533705e+01
-3.210118119795494351e+01 4.202144563314088543e+01
-3.208379943861015704e+01 3.903941327219308732e+01
-3.206641767926537057e+01 3.494437419238121834e+01
-3.204903591992058409e+01 2.993784942338066912e+01
-3.203165416057579762e+01 2.442353530738873602e+01
-3.201427240123101114e+01 1.890266443671410457e+01
-3.199689064188623178e+01 1.384316564243272651e+01
-3.197950888254144530e+01 9.575902012563648924e+00
-3.196212712319665883e+01 6.249499042731152088e+00
-3.194474536385187236e+01 3.844992079990761980e+00
-3.192736360450708588e+01 2.229001298765388217e+00
-3.190998184516229941e+01 1.217156810893883279e+00
-3.189260008581751293e+01 6.259088336560427734e-01
-3.187521832647272646e+01 3.030705285896120871e-01
-3.185783656712793999e+01 1.381673451409538567e-01
-3.184045480778316062e+01 5.930222348826302836e-02
-3.182307304843837414e+01 2.396205667709858447e-02
-3.180569128909358767e+01 9.114948325021368647e-03
-3.178830952974880120e+01 3.264032843900475586e-03
-3.177092777040401472e+01 1.100324065344975054e-03
-3.175354601105922825e+01 3.491802207942391618e-04
-3.173616425171444178e+01 1.043133151825121447e-04
-3.171878249236965530e+01 2.933524754246412305e-05
-3.170140073302486883e+01 7.766026925739807048e-06
-3.168401897368008235e+01 1.935381799885269997e-06
-3.166663721433530299e+01 4.540385377595438089e-07
-3.164925545499051651e+01 1.002713527073825638e-07
-3.163187369564573004e+01 2.084582029990482871e-08
-3.161449193630094356e+01 4.079613085274887968e-09
-3.159711017695615709e+01 7.515827025803660736e-10
-3.157972841761137062e+01 1.303443929356936175e-10
-3.156234665826658414e+01 2.127970897755441191e-11
-3.154496489892179767e+01 3.270368962430282301e-12
-3.152758313957701120e+01 4.731355145905455941e-13
-3.151020138023223183e+01 6.443651820501908966e-14
-3.149281962088744535e+01 8.261069951588138679e-15
-3.147543786154265888e+01 9.970070929601320489e-16
-3.145805610219787241e+01 1.132707846272899905e-16
-3.144067434285308593e+01 1.211421511043213297e-17
-3.142329258350829946e+01 1.219636362182785038e-18
-3.140591082416351298e+01 1.155907700242339192e-19
-3.138852906481872651e+01 1.031273028633204367e-20
-3.137114730547394004e+01 8.661275878050190768e-22
-3.135376554612916067e+01 6.847748378040570961e-23
-3.133638378678437419e+01 5.096492916069397187e-24
-3.131900202743958772e+01 3.570695082105183552e-25
-3.130162026809480125e+01 2.355004900518921390e-26
-3.128423850875001477e+01 1.462138714590999622e-27
-3.126685674940522830e+01 8.545627447193356445e-29
-3.124947499006044183e+01 4.705618278602735537e-30
-3.123209323071565535e+01 3.238292377364094819e-31
-3.121471147137086888e+01 1.562893787512405336e-30
-3.119732971202608951e+01 2.819726991206251443e-29
-3.117994795268130304e+01 4.825445197582702192e-28
-3.116256619333651656e+01 7.773807320025281154e-27
-3.114518443399173009e+01 1.178929635651943373e-25
-3.112780267464694361e+01 1.683060414331521819e-24
-3.111042091530215714e+01 2.261878296541034621e-23
-3.109303915595737067e+01 2.861517912239719206e-22
-3.107565739661258419e+01 3.407857384481855309e-21
-3.105827563726779772e+01 3.820533939010616661e-20
-3.104089387792301835e+01 4.032036174274488228e-19
-3.102351211857823188e+01 4.005737490449843020e-18
-3.100613035923344540e+01 3.746262955495944617e-17
-3.098874859988865893e+01 3.298160135241029556e-16
-3.097136684054387246e+01 2.733398336473186013e-15
-3.095398508119908598e+01 2.132513656017914151e-14
-3.093660332185429951e+01 1.566168279123132850e-13
-3.091922156250951303e+01 1.082786253978717875e-12
-3.090183980316472656e+01 7.047007786948416151e-12
-3.088445804381994009e+01 4.317421765155579227e-11
-3.086707628447516072e+01 2.490014690576900650e-10
-3.084969452513037425e+01 1.351876597000549876e-09
-3.083231276578558777e+01 6.909233947453948985e-09
-3.081493100644080130e+01 3.324148790911381116e-08
-3.079754924709601482e+01 1.505527595952188772e-07
-3.078016748775122835e+01 6.418812597817471835e-07
-3.076278572840644188e+01 2.576192935135550148e-06
-3.074540396906165540e+01 9.733292859396074388e-06
-3.072802220971686893e+01 3.461775680560497792e-05
-3.071064045037208956e+01 1.159032986918343461e-04
-3.069325869102730309e+01 3.653006479826271797e-04
-3.067587693168251661e+01 1.083834366382714631e-03
-3.065849517233773014e+01 3.027145721198680386e-03
-3.064111341299294367e+01 7.959061702842820316e-03
-3.062373165364815719e+01 1.969921510284926292e-02
-3.060634989430337072e+01 4.589814979134573814e-02
-3.058896813495858424e+01 1.006704363231264027e-01
-3.057158637561379777e+01 2.078603685535313494e-01
-3.055420461626901840e+01 4.040257130716189971e-01
-3.053682285692423193e+01 7.393030686426667053e-01
-3.051944109757944545e+01 1.273586231401270696e+00
-3.050205933823465898e+01 2.065650299534873557e+00
-3.048467757888987251e+01 3.154746655453848359e+00
-3.046729581954508603e+01 4.537925596348352464e+00
-3.044991406020029956e+01 6.150823593062883177e+00
-3.043253230085551309e+01 7.862494102790082096e+00
-3.041515054151072661e+01 9.493348511265169876e+00
-3.039776878216594724e+01 1.085813842852708966e+01
-3.038038702282116077e+01 1.182486088825976367e+01
-3.036300526347637430e+01 1.237016718860865794e+01
-3.034562350413158782e+01 1.260787420458812846e+01
-3.032824174478680135e+01 1.277292627150804272e+01
-3.031085998544201487e+01 1.315772871359198248e+01
-3.029347822609722840e+01 1.401605880338071763e+01
-3.027609646675244193e+01 1.546462967148082512e+01
-3.025871470740765545e+01 1.741756510404159641e+01
-3.024133294806286898e+01 1.958139638475633504e+01
-3.022395118871808961e+01 2.151899604558725088e+01
-3.020656942937330314e+01 2.276608837247737682e+01
-3.018918767002851666e+01 2.296302971215385824e+01
-3.017180591068373019e+01 2.195688642888814712e+01
-3.015442415133894372e+01 1.983915761375336828e+01
-3.013704239199415724e+01 1.690923934316811739e+01
-3.011966063264937077e+01 1.358189327605311014e+01
-3.010227887330458429e+01 1.027566280590193770e+01
-3.008489711395979782e+01 7.320717551785598687e+00
-3.006751535461501845e+01 4.910526861339064020e+00
-3.005013359527023198e+01 3.100981528508139462e+00
-3.003275183592544550e+01 1.843524304592664809e+00
-3.001537007658065903e+01 1.031735156819767463e+00
-2.999798831723587256e+01 5.435727868811850438e-01
-2.998060655789108608e+01 2.696223363250442318e-01
-2.996322479854629961e+01 1.259985230508172682e-01
-2.994584303920151314e+01 5.575902891709071801e-02
-2.992846127985672666e+01 2.423474962463440310e-02
-2.991107952051194729e+01 1.278227225879232168e-02
-2.989369776116716082e+01 1.371593578722309602e-02
-2.987631600182237435e+01 2.768929103231741740e-02
-2.985893424247758787e+01 6.393342179518998747e-02
-2.984155248313280140e+01 1.433222006213082655e-01
-2.982417072378801493e+01 3.037567543029457973e-01
-2.980678896444322845e+01 6.064015669227857952e-01
-2.978940720509844198e+01 1.139736975808184782e+00
-2.977202544575365550e+01 2.016701527853676179e+00
-2.975464368640887614e+01 3.359607282601130507e+00
-2.973726192706408966e+01 5.269640036964590379e+00
-2.971988016771930319e+01 7.783598339745990913e+00
-2.970249840837451671e+01 1.082907721801564627e+01
-2.968511664902973024e+01 1.419682597321882689e+01
-2.966773488968494377e+01 1.755008395550175493e+01
-2.965035313034015729e+01 2.048132607798997284e+01
-2.963297137099537082e+01 2.260810748680009397e+01
-2.961558961165058435e+01 2.367914711112505799e+01
-2.959820785230579787e+01 2.365058792903067086e+01
-2.958082609296101850e+01 2.269887920131541748e+01
-2.956344433361623203e+01 2.116052480164966809e+01
-2.954606257427144556e+01 1.941968198221070807e+01
-2.952868081492665908e+01 1.778714288085017969e+01
-2.951129905558187261e+01 1.641716290974397197e+01
-2.949391729623708613e+01 1.529065528966858878e+01
-2.947653553689229966e+01 1.426380818699687758e+01
-2.945915377754751319e+01 1.315469016313876516e+01
-2.944177201820272671e+01 1.182869468926139334e+01
-2.942439025885794734e+01 1.025022311260515728e+01
-2.940700849951316087e+01 8.487269852615582977e+00
-2.938962674016837440e+01 6.676913457809057206e+00
-2.937224498082358792e+01 4.973357377909628063e+00
-2.935486322147880145e+01 3.501794913645349894e+00
-2.933748146213401498e+01 2.333169118284492694e+00
-2.932009970278922850e+01 1.483007362163293319e+00
-2.930271794344444203e+01 9.280331253179080475e-01
-2.928533618409965555e+01 6.302582182702987090e-01
-2.926795442475487619e+01 5.592050924119378319e-01
-2.925057266541008971e+01 7.062123628420050592e-01
-2.923319090606530324e+01 1.087973551551973284e+00
-2.921580914672051676e+01 1.738619212002789904e+00
-2.919842738737573029e+01 2.691409142283959888e+00
-2.918104562803094382e+01 3.953579106144718747e+00
-2.916366386868615734e+01 5.481330278782033716e+00
-2.914628210934137087e+01 7.164964734208704833e+00
-2.912890034999658440e+01 8.834205826088400215e+00
-2.911151859065179792e+01 1.028877158635804356e+01
-2.909413683130701855e+01 1.134973215787503520e+01
-2.907675507196223208e+01 1.191673676502904833e+01
-2.905937331261744561e+01 1.201030662429526252e+01
-2.904199155327265913e+01 1.178123183203448221e+01
-2.902460979392787266e+01 1.148068390003061445e+01
-2.900722803458308618e+01 1.140017439448581449e+01
-2.898984627523829971e+01 1.180265784859729017e+01
-2.897246451589351324e+01 1.286894483020790325e+01
-2.895508275654872676e+01 1.467571541749206432e+01
-2.893770099720394740e+01 1.720663319670596536e+01
-2.892031923785916092e+01 2.038356298470222683e+01
-2.890293747851437445e+01 2.409770982026567765e+01
-2.888555571916958797e+01 2.822387244983749710e+01
-2.886817395982480150e+01 3.261265072240994556e+01
-2.885079220048001503e+01 3.706878348362249653e+01
-2.883341044113522855e+01 4.133183072530042779e+01
-2.881602868179044208e+01 4.507487304072801493e+01
-2.879864692244565560e+01 4.792963398119216833e+01
-2.878126516310087624e+01 4.953712346418942047e+01
-2.876388340375608976e+01 4.961524197073119069e+01
-2.874650164441130329e+01 4.802958897940293781e+01
-2.872911988506651682e+01 4.485037879124686810e+01
-2.871173812572173034e+01 4.037748808755721086e+01
-2.869435636637694387e+01 3.511952538029827764e+01
-2.867697460703215739e+01 2.972289608384992121e+01
-2.865959284768737092e+01 2.486106686163673274e+01
-2.864221108834258445e+01 2.110723605841130635e+01
-2.862482932899780508e+01 1.882007393501406867e+01
-2.860744756965301860e+01 1.807016246066464404e+01
-2.859006581030823213e+01 1.862594347197419964e+01
-2.857268405096344566e+01 2.000526787686800745e+01
-2.855530229161865918e+01 2.158401347071709608e+01
-2.853792053227387271e+01 2.273835573718468694e+01
-2.852053877292908624e+01 2.298554830937098714e+01
-2.850315701358429976e+01 2.208498028977793481e+01
-2.848577525423951329e+01 2.007120162906890570e+01
-2.846839349489472681e+01 1.721235964898910353e+01
-2.845101173554994745e+01 1.391289109417066250e+01
-2.843362997620516097e+01 1.059698488402213101e+01
-2.841624821686037450e+01 7.611418917428978581e+00
-2.839886645751558802e+01 5.173251419831156106e+00
-2.838148469817080155e+01 3.367371185862960914e+00
-2.836410293882601508e+01 2.181145667736924754e+00
-2.834672117948122860e+01 1.554883911907571914e+00
-2.832933942013644213e+01 1.428109230792873552e+00
-2.831195766079165566e+01 1.768880171352102737e+00
-2.829457590144687629e+01 2.581872821333234036e+00
-2.827719414210208981e+01 3.897626756780186330e+00
-2.825981238275730334e+01 5.749406765535991504e+00
-2.824243062341251687e+01 8.145767980571946509e+00
-2.822504886406773039e+01 1.104639401244143748e+01
-2.820766710472294392e+01 1.434639326694687611e+01
-2.819028534537815744e+01 1.787097973734915257e+01
-2.817290358603337097e+01 2.138016570916172299e+01
-2.815552182668858450e+01 2.458325792109394925e+01
-2.813814006734380513e+01 2.716501287582983437e+01
-2.812075830799901865e+01 2.882624143783678150e+01
-2.810337654865423218e+01 2.933807518510731427e+01
-2.808599478930944571e+01 2.860070644920149618e+01
-2.806861302996465923e+01 2.668859627936079448e+01
-2.805123127061987276e+01 2.386169757610084119e+01
-2.803384951127508629e+01 2.053024619570759413e+01
-2.801646775193029981e+01 1.717676637165446252e+01
-2.799908599258551334e+01 1.425530530201025847e+01
-2.798170423324073397e+01 1.209643963119493826e+01
-2.796432247389594750e+01 1.084399474957646348e+01
-2.794694071455116102e+01 1.043839983184375875e+01
-2.792955895520637455e+01 1.064785443499448014e+01
-2.791217719586158807e+01 1.113666244630928226e+01
-2.789479543651680160e+01 1.155217484941933925e+01
-2.787741367717201513e+01 1.160822019419934570e+01
-2.786003191782722865e+01 1.114426099398745151e+01
-2.784265015848244218e+01 1.014643450700819649e+01
-2.782526839913765571e+01 8.728194661349998995e+00
-2.780788663979287634e+01 7.080897262187692220e+00
-2.779050488044808986e+01 5.413313626219069974e+00
-2.777312312110330339e+01 3.900088083547489592e+00
-2.775574136175851692e+01 2.652701122124736965e+00
-2.773835960241373044e+01 1.716330926051902406e+00
-2.772097784306894397e+01 1.087079618386719071e+00
-2.770359608372415749e+01 7.395961864890363557e-01
-2.768621432437937102e+01 6.553437170378666465e-01
-2.766883256503458455e+01 8.444234843449768269e-01
-2.765145080568980518e+01 1.356399757583460319e+00
-2.763406904634501871e+01 2.276800873053210328e+00
-2.761668728700023223e+01 3.706767247500687645e+00
-2.759930552765544576e+01 5.725758645211095121e+00
-2.758192376831065928e+01 8.342835088584951819e+00
-2.756454200896587281e+01 1.144991441498167717e+01
-2.754716024962108634e+01 1.479671492749646511e+01
-2.752977849027629986e+01 1.800650160509485431e+01
-2.751239673093151339e+01 2.064096575193323702e+01
-2.749501497158673402e+01 2.230366607998729833e+01
-2.747763321224194755e+01 2.275244111867205987e+01
-2.746025145289716107e+01 2.198223542734868019e+01
-2.744286969355237460e+01 2.024695650481444886e+01
-2.742548793420758813e+01 1.800987086740521192e+01
-2.740810617486280165e+01 1.583673001648890732e+01
-2.739072441551801518e+01 1.426302507665928943e+01
-2.737334265617322870e+01 1.367074179788111898e+01
-2.735596089682844223e+01 1.420286776003733209e+01
-2.733857913748366286e+01 1.573225388231015032e+01
-2.732119737813887639e+01 1.789032723563793681e+01
-2.730381561879408991e+01 2.015108252285794066e+01
-2.728643385944930344e+01 2.195472595255747450e+01
-2.726905210010451697e+01 2.284348384366685636e+01
-2.725167034075973049e+01 2.257415282400132028e+01
-2.723428858141494402e+01 2.117451249299464777e+01
-2.721690682207015755e+01 1.892637992784074541e+01
-2.719952506272537107e+01 1.628196645116200258e+01
-2.718214330338059170e+01 1.374192267216530539e+01
-2.716476154403580523e+01 1.173353486718468197e+01
-2.714737978469101876e+01 1.052304628775326911e+01
-2.712999802534623228e+01 1.018141345858558289e+01
-2.711261626600144581e+01 1.060551865388418946e+01
-2.709523450665665933e+01 1.158258455611400883e+01
-2.707785274731187286e+01 1.287610348739736921e+01
-2.706047098796708639e+01 1.430692210416526855e+01
-2.704308922862229991e+01 1.580401203441294200e+01
-2.702570746927752054e+01 1.740785439373233956e+01
-2.700832570993273407e+01 1.922554595714784753e+01
-2.699094395058794760e+01 2.135621292436191965e+01
-2.697356219124316112e+01 2.381916805879789933e+01
-2.695618043189837465e+01 2.651690282177741409e+01
-2.693879867255358818e+01 2.924864096731026208e+01
-2.692141691320880170e+01 3.176562860587339188e+01
-2.690403515386401523e+01 3.384035209373624298e+01
-2.688665339451922875e+01 3.531937218928705136e+01
-2.686927163517444228e+01 3.614375534674156398e+01
-2.685188987582966291e+01 3.634129870458754397e+01
-2.683450811648487644e+01 3.600661604829124940e+01
-2.681712635714008997e+01 3.528172018189033565e+01
-2.679974459779530349e+01 3.433660733162883361e+01
-2.678236283845051702e+01 3.333996297685130372e+01
-2.676498107910573054e+01 3.241450616221758452e+01
-2.674759931976094407e+01 3.158759185679360115e+01
-2.673021756041615760e+01 3.076237284389685911e+01
-2.671283580107137112e+01 2.973417333761858927e+01
-2.669545404172659175e+01 2.825740094069331576e+01
-2.667807228238180528e+01 2.614096333925870042e+01
-2.666069052303701881e+01 2.333217740388938566e+01
-2.664330876369223233e+01 1.995248581468920435e+01
-2.662592700434744586e+01 1.627124880722712064e+01
-2.660854524500265939e+01 1.263281501102127358e+01
-2.659116348565787291e+01 9.370881432989813575e+00
-2.657378172631308644e+01 6.744276953376808770e+00
-2.655639996696829996e+01 4.912632404934656805e+00
-2.653901820762352060e+01 3.949544202585458574e+00
-2.652163644827873412e+01 3.875719487815350917e+00
-2.650425468893394765e+01 4.690699143412028427e+00
-2.648687292958916117e+01 6.387941574015736812e+00
-2.646949117024437470e+01 8.949073643966652725e+00
-2.645210941089958823e+01 1.232326055708446333e+01
-2.643472765155480175e+01 1.640321487253915933e+01
-2.641734589221001528e+01 2.100939907683778429e+01
-2.639996413286522881e+01 2.588971891011171778e+01
-2.638258237352044233e+01 3.073584668455724511e+01
-2.636520061417566296e+01 3.521177391205716845e+01
-2.634781885483087649e+01 3.898718327230518099e+01
-2.633043709548609002e+01 4.176860253214913143e+01
-2.631305533614130354e+01 4.332454398302367338e+01
-2.629567357679651707e+01 4.350499509223622141e+01
-2.627829181745173059e+01 4.225793921690031141e+01
-2.626091005810694412e+01 3.964403690891230525e+01
-2.624352829876215765e+01 3.584577265069607677e+01
-2.622614653941737117e+01 3.116287415506032943e+01
-2.620876478007259180e+01 2.598614648643851055e+01
-2.619138302072780533e+01 2.074882238789510680e+01
-2.617400126138301886e+01 1.586501773135649884e+01
-2.615661950203823238e+01 1.167245157250840926e+01
-2.613923774269344591e+01 8.395923466625221820e+00
-2.612185598334865944e+01 6.138917856264886730e+00
-2.610447422400387296e+01 4.898347605294651075e+00
-2.608709246465908649e+01 4.589032696971277581e+00
-2.606971070531430001e+01 5.064551226242569371e+00
-2.605232894596952065e+01 6.128859818138997717e+00
-2.603494718662473417e+01 7.543338734876499529e+00
-2.601756542727994770e+01 9.040210098466067379e+00
-2.600018366793516122e+01 1.035157828898698540e+01
-2.598280190859037475e+01 1.125427088002340170e+01
-2.596542014924558828e+01 1.161917850355239068e+01
-2.594803838990080180e+01 1.144650414024287599e+01
-2.593065663055601533e+01 1.086977692416638419e+01
-2.591327487121122886e+01 1.012157553841885793e+01
-2.589589311186644949e+01 9.468082606678663637e+00
-2.587851135252166301e+01 9.131522088627940903e+00
-2.586112959317687654e+01 9.224448529381117368e+00
-2.584374783383209007e+01 9.716410481960393142e+00
-2.582636607448730359e+01 1.044347397390237830e+01
-2.580898431514251712e+01 1.115793597460598896e+01
-2.579160255579773064e+01 1.160325283712555233e+01
-2.577422079645294417e+01 1.159155737742539038e+01
-2.575683903710815770e+01 1.106093953298267252e+01
-2.573945727776337122e+01 1.009734269558852304e+01
-2.572207551841859186e+01 8.918510580915299357e+00
-2.570469375907380538e+01 7.829320383657460525e+00
-2.568731199972901891e+01 7.163726233495943951e+00
-2.566993024038423243e+01 7.226658042644170443e+00
-2.565254848103944596e+01 8.242645363319727636e+00
-2.563516672169465949e+01 1.031247790923344887e+01
-2.561778496234987301e+01 1.337924660301857038e+01
-2.560040320300508654e+01 1.721023075575007155e+01
-2.558302144366030006e+01 2.140618212351758842e+01
-2.556563968431552070e+01 2.544837139487027144e+01
-2.554825792497073422e+01 2.878373644168244994e+01
-2.553087616562594775e+01 3.093319668371771058e+01
-2.551349440628116128e+01 3.159567591611441983e+01
-2.549611264693637480e+01 3.071803399251676225e+01
-2.547873088759158833e+01 2.851100351060062010e+01
-2.546134912824680185e+01 2.540876142310015595e+01
-2.544396736890201538e+01 2.198663559756090180e+01
-2.542658560955722891e+01 1.886058382459631133e+01
-2.540920385021244954e+01 1.659122296262340157e+01
-2.539182209086766306e+01 1.560716196724134797e+01
-2.537444033152287659e+01 1.615267794080895314e+01
-2.535705857217809012e+01 1.825827604459398046e+01
-2.533967681283330364e+01 2.173155746034003499e+01
-2.532229505348851717e+01 2.616899500207646767e+01
-2.530491329414373070e+01 3.099319604712337295e+01
-2.528753153479894422e+01 3.552083237149468431e+01
-2.527014977545415775e+01 3.906085132985819541e+01
-2.525276801610937838e+01 4.103136354554197140e+01
-2.523538625676459191e+01 4.107123330039019038e+01
-2.521800449741980543e+01 3.911587414032921828e+01
-2.520062273807501896e+01 3.541188178071871562e+01
-2.518324097873023248e+01 3.046246986182044836e+01
-2.516585921938544601e+01 2.491887580716566930e+01
-2.514847746004065954e+01 1.945135936883450967e+01
-2.513109570069587306e+01 1.463801640589482744e+01
-2.511371394135108659e+01 1.089815304650002048e+01
-2.509633218200630012e+01 8.475495737896874715e+00
-2.507895042266152075e+01 7.456020612484985932e+00
-2.506156866331673427e+01 7.795544693345191511e+00
-2.504418690397194780e+01 9.337221420050408227e+00
-2.502680514462716133e+01 1.181485996345620215e+01
-2.500942338528237485e+01 1.485518288725570102e+01
-2.499204162593758838e+01 1.800053397447039671e+01
-2.497465986659280190e+01 2.076726296361244906e+01
-2.495727810724801543e+01 2.273603041866049068e+01
-2.493989634790322896e+01 2.364828931197993001e+01
-2.492251458855844959e+01 2.347102659115475376e+01
-2.490513282921366311e+01 2.239822230983705253e+01
-2.488775106986887664e+01 2.078135614684601862e+01
-2.487036931052409017e+01 1.901156376051603658e+01
-2.485298755117930369e+01 1.739744904231021394e+01
-2.483560579183451722e+01 1.608421680174584978e+01
-2.481822403248973075e+01 1.504116648930659395e+01
-2.480084227314494427e+01 1.411534704689729303e+01
-2.478346051380015780e+01 1.312348785433469445e+01
-2.476607875445537843e+01 1.194330644891374860e+01
-2.474869699511059196e+01 1.057181596508377730e+01
-2.473131523576580548e+01 9.136513918573927029e+00
-2.471393347642101901e+01 7.864906286664102630e+00
-2.469655171707623253e+01 7.029645209204984369e+00
-2.467916995773144606e+01 6.887527474172054021e+00
-2.466178819838665959e+01 7.624314346434744927e+00
-2.464440643904187311e+01 9.310779692912621641e+00
-2.462702467969708664e+01 1.187375504709968332e+01
-2.460964292035230727e+01 1.508893786080109933e+01
-2.459226116100752080e+01 1.860453805506466907e+01
-2.457487940166273432e+01 2.200046431767545485e+01
-2.455749764231794785e+01 2.487538371629115375e+01
-2.454011588297316138e+01 2.693923481836048950e+01
-2.452273412362837490e+01 2.808105648308520230e+01
-2.450535236428358843e+01 2.838784092533497727e+01
-2.448797060493880196e+01 2.810785835359758522e+01
-2.447058884559401548e+01 2.757223264926004802e+01
-2.445320708624922901e+01 2.710099582240369642e+01
-2.443582532690444964e+01 2.692004177854750679e+01
-2.441844356755966317e+01 2.710719451264585800e+01
-2.440106180821487669e+01 2.757646453070199044e+01
-2.438368004887009022e+01 2.810362191934941478e+01
-2.436629828952530374e+01 2.839145465075614183e+01
-2.434891653018051727e+01 2.816505702949273982e+01
-2.433153477083573080e+01 2.727563079845687355e+01
-2.431415301149094432e+01 2.578140480077312802e+01
-2.429677125214615785e+01 2.397462708241538820e+01
-2.427938949280137848e+01 2.233780820774509124e+01
-2.426200773345659201e+01 2.143581236309247018e+01
-2.424462597411180553e+01 2.177265612735283540e+01
-2.422724421476701906e+01 2.365355054116882272e+01
-2.420986245542223259e+01 2.709038277697829145e+01
-2.419248069607744611e+01 3.177538849705453927e+01
-2.417509893673265964e+01 3.712915216616114122e+01
-2.415771717738787316e+01 4.241079216649855255e+01
-2.414033541804308669e+01 4.686397035792482058e+01
-2.412295365869830732e+01 4.986457121115461177e+01
-2.410557189935352085e+01 5.103600230232895996e+01
-2.408819014000873437e+01 5.030639157615986790e+01
-2.407080838066394790e+01 4.789703006388774043e+01
-2.405342662131916143e+01 4.424977376239162652e+01
-2.403604486197437495e+01 3.991778263866790155e+01
-2.401866310262958848e+01 3.545346692604727679e+01
-2.400128134328480201e+01 3.132559691057391760e+01
-2.398389958394001553e+01 2.788347994366944604e+01
-2.396651782459522906e+01 2.536449181121798446e+01
-2.394913606525044969e+01 2.392150341150143333e+01
-2.393175430590566322e+01 2.363935115504336437e+01
-2.391437254656087674e+01 2.452001635067461294e+01
-2.389699078721609027e+01 2.644061733580545948e+01
-2.387960902787130379e+01 2.911358197215745847e+01
-2.386222726852651732e+01 3.208870908721081605e+01
-2.384484550918173085e+01 3.482322828318229568e+01
-2.382746374983694437e+01 3.681275299437719895e+01
-2.381008199049215790e+01 3.773995453024997460e+01
-2.379270023114737853e+01 3.757927042162848608e+01
-2.377531847180259206e+01 3.660719095320752814e+01
-2.375793671245780558e+01 3.530502817723883879e+01
-2.374055495311301911e+01 3.418678460450111345e+01
-2.372317319376823264e+01 3.361679084982849730e+01
-2.370579143442344616e+01 3.368578506240961445e+01
-2.368840967507865969e+01 3.418988782811782556e+01
-2.367102791573387321e+01 3.471675573049750341e+01
-2.365364615638908674e+01 3.480422058484005987e+01
-2.363626439704430737e+01 3.411296633908519027e+01
-2.361888263769952090e+01 3.255273013049733777e+01
-2.360150087835473443e+01 3.031970815168800115e+01
-2.358411911900994795e+01 2.783401241631174017e+01
-2.356673735966516148e+01 2.559975363402852722e+01
-2.354935560032037500e+01 2.403593162660908078e+01
-2.353197384097558853e+01 2.333567211889641868e+01
-2.351459208163080206e+01 2.340130919551572575e+01
-2.349721032228601558e+01 2.387645486457105193e+01
-2.347982856294123621e+01 2.426231840391495354e+01
-2.346244680359644974e+01 2.407619765434248293e+01
-2.344506504425166327e+01 2.299644983885591998e+01
-2.342768328490687679e+01 2.094594704581191635e+01
-2.341030152556209032e+01 1.809182593555155094e+01
-2.339291976621730385e+01 1.477194873990633006e+01
-2.337553800687251737e+01 1.138367311653089153e+01
-2.335815624752773090e+01 8.278319877502299917e+00
-2.334077448818294442e+01 5.694302706306173079e+00
-2.332339272883815795e+01 3.741010077788423427e+00
-2.330601096949337858e+01 2.425264372847432348e+00
-2.328862921014859211e+01 1.700615987610377688e+00
-2.327124745080380563e+01 1.518706765065157116e+00
-2.325386569145901916e+01 1.868037913492890389e+00
-2.323648393211423269e+01 2.793515054235617523e+00
-2.321910217276944621e+01 4.396348240347331959e+00
-2.320172041342465974e+01 6.817067613221388989e+00
-2.318433865407987327e+01 1.020528417149375322e+01
-2.316695689473508679e+01 1.467975445251035715e+01
-2.314957513539030742e+01 2.028258328422582224e+01
-2.313219337604552095e+01 2.693296602216154056e+01
-2.311481161670073448e+01 3.438898326868275035e+01
-2.309742985735594800e+01 4.222949022628520765e+01
-2.308004809801116153e+01 4.986930417006006167e+01
-2.306266633866637505e+01 5.661643358576866802e+01
-2.304528457932158858e+01 6.176888792246965210e+01
-2.302790281997680211e+01 6.473380875022421321e+01
-2.301052106063201563e+01 6.514004520412227350e+01
-2.299313930128723626e+01 6.291342342226681694e+01
-2.297575754194244979e+01 5.829375244195704653e+01
-2.295837578259766332e+01 5.178988222019870591e+01
-2.294099402325287684e+01 4.408634574036623377e+01
-2.292361226390809037e+01 3.592602903891350508e+01
-2.290623050456330390e+01 2.799582485684109301e+01
-2.288884874521851742e+01 2.083788342262993609e+01
-2.287146698587373095e+01 1.480070256987605148e+01
-2.285408522652894447e+01 1.003431865696624037e+01
-2.283670346718416511e+01 6.524194257162915456e+00
-2.281932170783937863e+01 4.150918753270790518e+00
-2.280193994849459216e+01 2.759075815579065338e+00
-2.278455818914980568e+01 2.218895817402959825e+00
-2.276717642980501921e+01 2.467388401245498741e+00
-2.274979467046023274e+01 3.519808345892005086e+00
-2.273241291111544626e+01 5.446894609997673165e+00
-2.271503115177065979e+01 8.319399484369480291e+00
-2.269764939242587332e+01 1.213045264376328447e+01
-2.268026763308108684e+01 1.671754957973259437e+01
-2.266288587373630747e+01 2.171477342801513188e+01
-2.264550411439152100e+01 2.656506080404054515e+01
-2.262812235504673453e+01 3.060683868289873999e+01
-2.261074059570194805e+01 3.322153193427207185e+01
-2.259335883635716158e+01 3.399953315027158141e+01
-2.257597707701237510e+01 3.286751244981987696e+01
-2.255859531766758863e+01 3.012943588195231115e+01
-2.254121355832280216e+01 2.640473831709175201e+01
-2.252383179897801568e+01 2.248499442211577204e+01
-2.250645003963323632e+01 1.915699711949751460e+01
-2.248906828028844984e+01 1.704481017889246175e+01
-2.247168652094366337e+01 1.650833516971008663e+01
-2.245430476159887689e+01 1.761244779473696909e+01
-2.243692300225409042e+01 2.016014204316033087e+01
-2.241954124290930395e+01 2.377029322936854783e+01
-2.240215948356451747e+01 2.797449292296342804e+01
-2.238477772421973100e+01 3.230594193030493244e+01
-2.236739596487494453e+01 3.635763085518350834e+01
-2.235001420553016516e+01 3.979936205526304605e+01
-2.233263244618537868e+01 4.236199239993997878e+01
-2.231525068684059221e+01 4.381424182001892831e+01
-2.229786892749580574e+01 4.396137709643092961e+01
-2.228048716815101926e+01 4.268080141137771477e+01
-2.226310540880623279e+01 3.998368057958914790e+01
-2.224572364946144631e+01 3.606990548799618068e+01
-2.222834189011665984e+01 3.134028360537536884e+01
-2.221096013077187337e+01 2.634777196994398452e+01
-2.219357837142709400e+01 2.169831741666967773e+01
-2.217619661208230752e+01 1.793502242173525829e+01
-2.215881485273752105e+01 1.544521659426809634e+01
-2.214143309339273458e+01 1.441770305259516682e+01
-2.212405133404794810e+01 1.485520571060975215e+01
-2.210666957470316163e+01 1.662588756065693474e+01
-2.208928781535837516e+01 1.952592737767021447e+01
-2.207190605601358868e+01 2.332578775318409470e+01
-2.205452429666880221e+01 2.778469143170819322e+01
-2.203714253732401573e+01 3.263586889247714851e+01
-2.201976077797923637e+01 3.756141112656008119e+01
-2.200237901863444989e+01 4.218185321516151731e+01
-2.198499725928966342e+01 4.607796074813165887e+01
-2.196761549994487694e+01 4.884443073540710145e+01
-2.195023374060009047e+01 5.015774813181516834e+01
-2.193285198125530400e+01 4.983362137759300481e+01
-2.191547022191051752e+01 4.785623955809724350e+01
-2.189808846256573105e+01 4.437575401042850842e+01
-2.188070670322094458e+01 3.968174773024147584e+01
-2.186332494387616165e+01 3.416315122437953278e+01
-2.184594318453137518e+01 2.826125854772648083e+01
-2.182856142518659226e+01 2.241893980798728592e+01
-2.181117966584180579e+01 1.703032829379225532e+01
-2.179379790649701931e+01 1.239962553278316193e+01
-2.177641614715223284e+01 8.719776255474418036e+00
-2.175903438780744636e+01 6.077647270300440496e+00
-2.174165262846265989e+01 4.482963853319189340e+00
-2.172427086911787342e+01 3.908559649683547743e+00
-2.170688910977309050e+01 4.324664438719577397e+00
-2.168950735042830402e+01 5.712287391689523375e+00
-2.167212559108351755e+01 8.049095926397333400e+00
-2.165474383173873463e+01 1.127231178923618771e+01
-2.163736207239394815e+01 1.523334486740600902e+01
-2.161998031304916168e+01 1.966482437480778600e+01
-2.160259855370437521e+01 2.417977489572485084e+01
-2.158521679435958873e+01 2.831378590985656984e+01
-2.156783503501480226e+01 3.160564173957990519e+01
-2.155045327567001578e+01 3.369493024366964562e+01
-2.153307151632523286e+01 3.440402888622426758e+01
-2.151568975698044639e+01 3.377329433169679618e+01
-2.149830799763566347e+01 3.203409847962589652e+01
-2.148092623829087700e+01 2.952896810287933249e+01
-2.146354447894609052e+01 2.661006693252547350e+01
-2.144616271960130405e+01 2.355519716800350594e+01
-2.142878096025651757e+01 2.052992315597598605e+01
-2.141139920091173110e+01 1.760105901657187744e+01
-2.139401744156694463e+01 1.478339483688365874e+01
-2.137663568222216171e+01 1.209023606781516591e+01
-2.135925392287737523e+01 9.563334526897802945e+00
-2.134187216353259231e+01 7.273791557392446094e+00
-2.132449040418780584e+01 5.302087581464375532e+00
-2.130710864484301936e+01 3.713886180076704235e+00
-2.128972688549823289e+01 2.546315707146753926e+00
-2.127234512615344642e+01 1.810730208206289937e+00
-2.125496336680865994e+01 1.508514186526802137e+00
-2.123758160746387347e+01 1.650777333845084183e+00
-2.122019984811909055e+01 2.272013435929191694e+00
-2.120281808877430407e+01 3.430732804944963021e+00
-2.118543632942952115e+01 5.194731831846699066e+00
-2.116805457008473468e+01 7.613480869020249564e+00
-2.115067281073994820e+01 1.068416289538864916e+01
-2.113329105139516173e+01 1.432057036186369636e+01
-2.111590929205037526e+01 1.833486885812708778e+01
-2.109852753270558878e+01 2.244079424713342163e+01
-2.108114577336080231e+01 2.628296263852525172e+01
-2.106376401401601939e+01 2.949067448534337288e+01
-2.104638225467123291e+01 3.174656163834316303e+01
-2.102900049532644644e+01 3.285272445186873114e+01
-2.101161873598166352e+01 3.277332853107586175e+01
-2.099423697663687705e+01 3.163687629295408499e+01
-2.097685521729209057e+01 2.969461219539129004e+01
-2.095947345794730410e+01 2.724949576083088587e+01
-2.094209169860251762e+01 2.458409239396253554e+01
-2.092470993925773115e+01 2.191711331353008774e+01
-2.090732817991294468e+01 1.940494356300975554e+01
-2.088994642056816176e+01 1.718267373672990317e+01
-2.087256466122337528e+01 1.542026975666787436e+01
-2.085518290187859236e+01 1.436289995245498297e+01
-2.083780114253380589e+01 1.433201246251344330e+01
-2.082041938318901941e+01 1.568010390358521100e+01
-2.080303762384423294e+01 1.870913567928151977e+01
-2.078565586449944647e+01 2.357445130662024013e+01
-2.076827410515465999e+01 3.020107896119900559e+01
-2.075089234580987352e+01 3.823801838865283997e+01
-2.073351058646509060e+01 4.706898492139674772e+01
-2.071612882712030412e+01 5.588523589193211194e+01
-2.069874706777552120e+01 6.380917414177145730e+01
-2.068136530843073473e+01 7.004114410635418153e+01
-2.066398354908594825e+01 7.399291417459545528e+01
-2.064660178974116178e+01 7.537469993901591181e+01
-2.062922003039637531e+01 7.421772156882232707e+01
-2.061183827105158883e+01 7.083481767262550477e+01
-2.059445651170680236e+01 6.573874252640149507e+01
-2.057707475236201944e+01 5.954514903987907104e+01
-2.055969299301723296e+01 5.288400770188155064e+01
-2.054231123367245004e+01 4.633306072316846524e+01
-2.052492947432766357e+01 4.037520199063125403e+01
-2.050754771498287710e+01 3.537285299152460283e+01
-2.049016595563809062e+01 3.154927554187817762e+01
-2.047278419629330415e+01 2.897043846941814493e+01
-2.045540243694851767e+01 2.753020155990215656e+01
-2.043802067760373120e+01 2.695147347389428916e+01
-2.042063891825894828e+01 2.681963053567383781e+01
-2.040325715891416181e+01 2.665668858007406428e+01
-2.038587539956937533e+01 2.602695766965938162e+01
-2.036849364022459241e+01 2.464627028869263015e+01
-2.035111188087980594e+01 2.245913781969917977e+01
-2.033373012153501946e+01 1.965772529569833793e+01
-2.031634836219023299e+01 1.663914368179426972e+01
-2.029896660284544652e+01 1.392065285093816662e+01
-2.028158484350066004e+01 1.204323490323699097e+01
-2.026420308415587357e+01 1.148818036390536435e+01
-2.024682132481109065e+01 1.261512240106066152e+01
-2.022943956546630417e+01 1.561553496272418684e+01
-2.021205780612152125e+01 2.047268695255346316e+01
-2.019467604677673478e+01 2.692827130036825878e+01
-2.017729428743194831e+01 3.446944068083901414e+01
-2.015991252808716183e+01 4.235665818693748719e+01
-2.014253076874237536e+01 4.970579363160426567e+01
-2.012514900939758888e+01 5.561920352214829677e+01
-2.010776725005280241e+01 5.933955111092754464e+01
-2.009038549070801949e+01 6.038783648404575644e+01
-2.007300373136323302e+01 5.864956761540842933e+01
-2.005562197201845009e+01 5.438849778767429655e+01
-2.003824021267366362e+01 4.818851462933956498e+01
-2.002085845332887715e+01 4.084281437949973537e+01
-2.000347669398409067e+01 3.322001456200528224e+01
-1.998609493463930420e+01 2.613775567145874845e+01
-1.996871317529451773e+01 2.026691099163407728e+01
-1.995133141594973125e+01 1.607694778068049146e+01
-1.993394965660494833e+01 1.381982265385228992e+01
-1.991656789726016186e+01 1.354097428022638105e+01
-1.989918613791537538e+01 1.510461614702892419e+01
-1.988180437857059246e+01 1.822575120273820204e+01
-1.986442261922580599e+01 2.250825477722297663e+01
-1.984704085988101951e+01 2.749125566350136651e+01
-1.982965910053623304e+01 3.270260034513801628e+01
-1.981227734119144657e+01 3.771155690391890403e+01
-1.979489558184666009e+01 4.216921117247461126e+01
-1.977751382250187717e+01 4.582810081286061887e+01
-1.976013206315709070e+01 4.854070799271171666e+01
-1.974275030381230422e+01 5.024357229561096005e+01
-1.972536854446752130e+01 5.093535264074937174e+01
-1.970798678512273483e+01 5.065394011216756098e+01
-1.969060502577794836e+01 4.945471730240668506e+01
-1.967322326643316188e+01 4.739306581523670303e+01
-1.965584150708837541e+01 4.451755266386911813e+01
-1.963845974774358893e+01 4.088017145768106531e+01
-1.962107798839880246e+01 3.656289384883491778e+01
-1.960369622905401599e+01 3.170864840447321598e+01
-1.958631446970923662e+01 2.653792692593903624e+01
-1.956893271036445014e+01 2.133618802293702288e+01
-1.955155095101966367e+01 1.641121328103777799e+01
-1.953416919167487720e+01 1.203532249602917226e+01
-1.951678743233009072e+01 8.395306140160819552e+00
-1.949940567298530425e+01 5.568966816043722012e+00
-1.948202391364051778e+01 3.534778529979245576e+00
-1.946464215429573130e+01 2.208084027845595543e+00
-1.944726039495094483e+01 1.489772259257403419e+00
-1.942987863560616546e+01 1.312960386941403046e+00
-1.941249687626137899e+01 1.676949092138724895e+00
-1.939511511691659251e+01 2.661590114068273394e+00
-1.937773335757180604e+01 4.417233699501003308e+00
-1.936035159822701957e+01 7.126890586595648003e+00
-1.934296983888223309e+01 1.094136892727186350e+01
-1.932558807953744662e+01 1.589718522342980123e+01
-1.930820632019266014e+01 2.183944969080148368e+01
-1.929082456084787367e+01 2.838148298138366954e+01
-1.927344280150309430e+01 3.493122153883473402e+01
-1.925606104215830783e+01 4.079622020131633064e+01
-1.923867928281352135e+01 4.534746347613181428e+01
-1.922129752346873488e+01 4.819028222120506655e+01
-1.920391576412394841e+01 4.927608001723785236e+01
-1.918653400477916193e+01 4.890349834481543922e+01
-1.916915224543437546e+01 4.759987698113461363e+01
-1.915177048608958899e+01 4.592540450375946648e+01
-1.913438872674480251e+01 4.427789158866485053e+01
-1.911700696740001604e+01 4.277692272469640500e+01
-1.909962520805523667e+01 4.127103054558109818e+01
-1.908224344871045020e+01 3.945771310545099197e+01
-1.906486168936566372e+01 3.705961057153572824e+01
-1.904747993002087725e+01 3.398165438825758855e+01
-1.903009817067609077e+01 3.038869926275219413e+01
-1.901271641133130430e+01 2.668014578057875497e+01
-1.899533465198651783e+01 2.337841326547225762e+01
-1.897795289264173135e+01 2.097559481924902158e+01
-1.896057113329694488e+01 1.979046493789311612e+01
-1.894318937395216551e+01 1.987876375471290302e+01
-1.892580761460737904e+01 2.102026966534375774e+01
-1.890842585526259256e+01 2.278308073467280437e+01
-1.889104409591780609e+01 2.464353060081536029e+01
-1.887366233657301962e+01 2.612391091255162578e+01
-1.885628057722823314e+01 2.690507544637855730e+01
-1.883889881788344667e+01 2.688090893763682487e+01
-1.882151705853866019e+01 2.614461562280916240e+01
-1.880413529919387372e+01 2.492336953752910134e+01
-1.878675353984909435e+01 2.349507386898631722e+01
-1.876937178050430788e+01 2.212022454423180662e+01
-1.875199002115952140e+01 2.100514187127640753e+01
-1.873460826181473493e+01 2.029174095822711266e+01
-1.871722650246994846e+01 2.005698111691384966e+01
-1.869984474312516198e+01 2.030833307201127269e+01
-1.868246298378037551e+01 2.097531070188642133e+01
-1.866508122443558904e+01 2.190985343652505790e+01
-1.864769946509080256e+01 2.291022505235178741e+01
-1.863031770574602319e+01 2.377221562641858199e+01
-1.861293594640123672e+01 2.435442396230367734e+01
-1.859555418705645025e+01 2.463171330804363990e+01
-1.857817242771166377e+01 2.471065181843436775e+01
-1.856079066836687730e+01 2.479444169278142951e+01
-1.854340890902209082e+01 2.510694027178907817e+01
-1.852602714967730435e+01 2.580561752373589357e+01
-1.850864539033251788e+01 2.692117047892611126e+01
-1.849126363098773140e+01 2.835145869044979250e+01
-1.847388187164294493e+01 2.991265787468565662e+01
-1.845650011229816556e+01 3.142291442180126282e+01
-1.843911835295337909e+01 3.277825447203392883e+01
-1.842173659360859261e+01 3.398618380352422008e+01
-1.840435483426380614e+01 3.514605320490386475e+01
-1.838697307491901967e+01 3.639241198544020506e+01
-1.836959131557423319e+01 3.783197392517096347e+01
-1.835220955622944672e+01 3.949973726792544682e+01
-1.833482779688466024e+01 4.134250901999715211e+01
-1.831744603753987377e+01 4.322348606321170195e+01
-1.830006427819509440e+01 4.493972016373714240e+01
-1.828268251885030793e+01 4.625234520937172533e+01
-1.826530075950552146e+01 4.693484026798447672e+01
-1.824791900016073498e+01 4.683736602980565067e+01
-1.823053724081594851e+01 4.594827306225145946e+01
-1.821315548147116203e+01 4.442198166290439332e+01
-1.819577372212637556e+01 4.254983045265996111e+01
-1.817839196278158909e+01 4.067768872525817869e+01
-1.816101020343680261e+01 3.910523368359283580e+01
-1.814362844409202324e+01 3.801535528466875746e+01
-1.812624668474723677e+01 3.746711961037651406e+01
-1.810886492540245030e+01 3.745002460085107998e+01
-1.809148316605766382e+01 3.796258206867240403e+01
-1.807410140671287735e+01 3.906529279895736551e+01
-1.805671964736809088e+01 4.087355829234931548e+01
-1.803933788802330440e+01 4.348981709485651237e+01
-1.802195612867851793e+01 4.690693668988322429e+01
-1.800457436933373145e+01 5.093007821859701778e+01
-1.798719260998894498e+01 5.515618701690854664e+01
-1.796981085064416561e+01 5.902509322697316207e+01
-1.795242909129937914e+01 6.192708492959719280e+01
-1.793504733195459266e+01 6.333184227928008170e+01
-1.791766557260980619e+01 6.289988862947132731e+01
-1.790028381326501972e+01 6.054875107858487837e+01
-1.788290205392023324e+01 5.646372847314680854e+01
-1.786552029457544677e+01 5.105831638769573289e+01
-1.784813853523066030e+01 4.489726726372922627e+01
-1.783075677588587382e+01 3.859766619631115248e+01
-1.781337501654109445e+01 3.272496547362306529e+01
-1.779599325719630798e+01 2.770379948417546956e+01
-1.777861149785152151e+01 2.376458566235616132e+01
-1.776122973850673503e+01 2.094098843833630497e+01
-1.774384797916194856e+01 1.911823371609374433e+01
-1.772646621981716208e+01 1.811297449318184505e+01
-1.770908446047237561e+01 1.775196386929179226e+01
-1.769170270112758914e+01 1.791790782935108695e+01
-1.767432094178280266e+01 1.854770027950315736e+01
-1.765693918243802329e+01 1.959278107307147465e+01
-1.763955742309323682e+01 2.097067175701671005e+01
-1.762217566374845035e+01 2.254034568971886898e+01
-1.760479390440366387e+01 2.411992731366914100e+01
-1.758741214505887740e+01 2.554085841347940189e+01
-1.757003038571409093e+01 2.671121160380607051e+01
-1.755264862636930445e+01 2.765391097448260993e+01
-1.753526686702451798e+01 2.849723304157033255e+01
-1.751788510767973150e+01 2.941918660786089390e+01
-1.750050334833495214e+01 3.057124566551367550e+01
-1.748312158899016566e+01 3.201729360926466939e+01
-1.746573982964537919e+01 3.371468423229257638e+01
-1.744835807030059271e+01 3.554125945110139639e+01
-1.743097631095580624e+01 3.734850533975560438e+01
-1.741359455161101977e+01 3.901032864536239231e+01
-1.739621279226623329e+01 4.044421539697953705e+01
-1.737883103292144682e+01 4.160049242653093415e+01
-1.736144927357666035e+01 4.243353831910605578e+01
-1.734406751423187387e+01 4.287630740392456374e+01
-1.732668575488709450e+01 4.283512046641745741e+01
-1.730930399554230803e+01 4.221098674901479342e+01
-1.729192223619752156e+01 4.094320884395315119e+01
-1.727454047685273508e+01 3.906336603351050485e+01
-1.725715871750794861e+01 3.674255843194587356e+01
-1.723977695816316213e+01 3.431228132505042083e+01
-1.722239519881837566e+01 3.224215748414119531e+01
-1.720501343947358919e+01 3.106848842570271785e+01
-1.718763168012880271e+01 3.128447105084144297e+01
-1.717024992078402335e+01 3.321916379974532418e+01
-1.715286816143923687e+01 3.693982325170052405e+01
-1.713548640209445040e+01 4.220710210726609546e+01
-1.711810464274966392e+01 4.849729705714786832e+01
-1.710072288340487745e+01 5.508713494481100525e+01
-1.708334112406009098e+01 6.118111808799611140e+01
-1.706595936471530450e+01 6.605263636212451672e+01
-1.704857760537051803e+01 6.916813030382438399e+01
-1.703119584602573156e+01 7.026762256564984455e+01
-1.701381408668095219e+01 6.938443283169911524e+01
-1.699643232733616571e+01 6.680146309276521777e+01
-1.697905056799137924e+01 6.295893951273603761e+01
-1.696166880864659277e+01 5.834366415345670021e+01
-1.694428704930180629e+01 5.339550458223638429e+01
-1.692690528995701982e+01 4.845806676400948731e+01
-1.690952353061223334e+01 4.377910110532698695e+01
-1.689214177126744687e+01 3.954208195779523294e+01
-1.687476001192266040e+01 3.589703464377112851e+01
-1.685737825257788103e+01 3.296470150627374807e+01
-1.683999649323309455e+01 3.081075234233473026e+01
-1.682261473388830808e+01 2.941224966603889612e+01
-1.680523297454352161e+01 2.865048405955721122e+01
-1.678785121519873513e+01 2.835382223203189866e+01
-1.677046945585394866e+01 2.838601963635707293e+01
-1.675308769650916219e+01 2.874492210842909756e+01
-1.673570593716437571e+01 2.962079117909928527e+01
-1.671832417781958924e+01 3.137233246892533245e+01
-1.670094241847480276e+01 3.440958096863866444e+01
-1.668356065913002340e+01 3.901340934494999146e+01
-1.666617889978523692e+01 4.515430675707543884e+01
-1.664879714044045045e+01 5.238338485057424521e+01
-1.663141538109566397e+01 5.984978399755369338e+01
-1.661403362175087750e+01 6.645581039564375203e+01
-1.659665186240609103e+01 7.111001950369052338e+01
-1.657927010306130455e+01 7.299996965734989374e+01
-1.656188834371651808e+01 7.179732557623034950e+01
-1.654450658437173161e+01 6.773260410957951194e+01
-1.652712482502695224e+01 6.152401767569956093e+01
-1.650974306568216576e+01 5.419370537380127928e+01
-1.649236130633737929e+01 4.683536295604640287e+01
-1.647497954699259282e+01 4.040073455208545994e+01
-1.645759778764780634e+01 3.555273266556138623e+01
-1.644021602830301987e+01 3.260280650749718490e+01
-1.642283426895823339e+01 3.152309477092066103e+01
-1.640545250961344692e+01 3.200842728931522885e+01
-1.638807075026866045e+01 3.356127609088481023e+01
-1.637068899092388108e+01 3.558080807957258429e+01
-1.635330723157909460e+01 3.744869534811755329e+01
-1.633592547223430813e+01 3.861230371648562709e+01
-1.631854371288952166e+01 3.866587698989781785e+01
-1.630116195354473518e+01 3.742298577988268704e+01
-1.628378019419994871e+01 3.496457773774879740e+01
-1.626639843485516224e+01 3.164400366918846785e+01
-1.624901667551037576e+01 2.803762187431606989e+01
-1.623163491616558929e+01 2.484469365833095367e+01
-1.621425315682080992e+01 2.275585760857589790e+01
-1.619687139747602345e+01 2.231809200649656333e+01
-1.617948963813123697e+01 2.382315641491684133e+01
-1.616210787878645050e+01 2.723913145682136161e+01
-1.614472611944166403e+01 3.219615840194108358e+01
-1.612734436009687755e+01 3.803076911146152383e+01
-1.610996260075209108e+01 4.388700711157776624e+01
-1.609258084140730460e+01 4.886353469373605662e+01
-1.607519908206251813e+01 5.218299534972763354e+01
-1.605781732271773166e+01 5.334700544486781837e+01
-1.604043556337295229e+01 5.223514716821419768e+01
-1.602305380402816581e+01 4.911619748372963556e+01
-1.600567204468337934e+01 4.456509413693369481e+01
-1.598829028533859109e+01 3.931145563573475954e+01
-1.597090852599380817e+01 3.407050318600394689e+01
-1.595352676664902170e+01 2.941201137287910328e+01
-1.593614500730423522e+01 2.570358723437078297e+01
-1.591876324795944875e+01 2.312968315426902066e+01
-1.590138148861466227e+01 2.175448396239316295e+01
-1.588399972926987935e+01 2.158196314033656904e+01
-1.586661796992509288e+01 2.257707416403524903e+01
-1.584923621058030641e+01 2.464154770950651852e+01
-1.583185445123551993e+01 2.756920117286341210e+01
-1.581447269189073346e+01 3.102120052148160667e+01
-1.579709093254595054e+01 3.455249813887617449e+01
-1.577970917320116406e+01 3.769192195426722947e+01
-1.576232741385637759e+01 4.004668547263140965e+01
-1.574494565451159112e+01 4.138604981783547032e+01
-1.572756389516680819e+01 4.166826752166382164e+01
-1.571018213582202172e+01 4.100456863302843402e+01
-1.569280037647723525e+01 3.958637116094892860e+01
-1.567541861713244877e+01 3.761787398558628581e+01
-1.565803685778766230e+01 3.528657543057792623e+01
-1.564065509844287938e+01 3.277571429354145494e+01
-1.562327333909809290e+01 3.029335865840319997e+01
-1.560589157975330643e+01 2.808115954540745918e+01
-1.558850982040851996e+01 2.637879843783610312e+01
-1.557112806106373348e+01 2.534993496600755591e+01
-1.555374630171895056e+01 2.500415733235765359e+01
-1.553636454237416409e+01 2.515996080944077917e+01
-1.551898278302937761e+01 2.547935378996744760e+01
-1.550160102368459114e+01 2.557221262378833160e+01
-1.548421926433980822e+01 2.513443269385372858e+01
-1.546683750499502175e+01 2.406537382244054157e+01
-1.544945574565023527e+01 2.251606974137333239e+01
-1.543207398630544880e+01 2.084696395044263895e+01
-1.541469222696066232e+01 1.950967231076195318e+01
-1.539731046761587940e+01 1.889605993983719401e+01
-1.537992870827109293e+01 1.920909260966599419e+01
-1.536254694892630646e+01 2.040097839969478954e+01
-1.534516518958151998e+01 2.219967751392528754e+01
-1.532778343023673706e+01 2.421357614920676227e+01
-1.531040167089195059e+01 2.607606647660182375e+01
-1.529301991154716411e+01 2.757660057352378402e+01
-1.527563815220237764e+01 2.872916123719831205e+01
-1.525825639285759117e+01 2.975307140788447313e+01
-1.524087463351280824e+01 3.097581310775616004e+01
-1.522349287416802177e+01 3.269777648970081430e+01
-1.520611111482323530e+01 3.507051263187868528e+01
-1.518872935547844882e+01 3.802867800690790290e+01
-1.517134759613366235e+01 4.128969047078468435e+01
-1.515396583678887943e+01 4.440968569242265573e+01
-1.513658407744409296e+01 4.687198377213768197e+01
-1.511920231809930648e+01 4.818634070809019931e+01
-1.510182055875452001e+01 4.798518844973405351e+01
-1.508443879940973709e+01 4.610685672842178917e+01
-1.506705704006495061e+01 4.265274500438813021e+01
-1.504967528072016414e+01 3.800175902827558616e+01
-1.503229352137537767e+01 3.276946506764529232e+01
-1.501491176203059119e+01 2.771353940712443986e+01
-1.499753000268580827e+01 2.360456834548456584e+01
-1.498014824334102180e+01 2.109197685308586045e+01
-1.496276648399623532e+01 2.059342893682322639e+01
-1.494538472465144885e+01 2.222549685311225076e+01
-1.492800296530666238e+01 2.578176562524841842e+01
-1.491062120596187945e+01 3.075782566658833517e+01
-1.489323944661709298e+01 3.642051542211637383e+01
-1.487585768727230651e+01 4.191639185647728993e+01
-1.485847592792752003e+01 4.640768923590205475e+01
-1.484109416858273711e+01 4.921410072031308403e+01
-1.482371240923795064e+01 4.993143680406532781e+01
-1.480633064989316416e+01 4.849962298985967379e+01
-1.478894889054837769e+01 4.520402379236291779e+01
-1.477156713120359122e+01 4.061124437136033549e+01
-1.475418537185880830e+01 3.545602905186111542e+01
-1.473680361251402182e+01 3.050428225715255337e+01
-1.471942185316923535e+01 2.641807382642798530e+01
-1.470204009382444887e+01 2.364508552442157097e+01
-1.468465833447966240e+01 2.235073549709920826e+01
-1.466727657513487948e+01 2.240651338186413710e+01
-1.464989481579009301e+01 2.344018430139747622e+01
-1.463251305644530653e+01 2.494017837685947825e+01
-1.461513129710052006e+01 2.638971879682495114e+01
-1.459774953775573714e+01 2.739330183249589368e+01
-1.458036777841095066e+01 2.775764071506731057e+01
-1.456298601906616419e+01 2.750474147536884217e+01
-1.454560425972137772e+01 2.682092933322789463e+01
-1.452822250037659124e+01 2.596983486493340720e+01
-1.451084074103180832e+01 2.520736133679094237e+01
-1.449345898168702185e+01 2.472832882235208274e+01
-1.447607722234223537e+01 2.465406181747144032e+01
-1.445869546299744890e+01 2.504969847256462145e+01
-1.444131370365266598e+01 2.594958858908789878e+01
-1.442393194430787950e+01 2.737184785578297408e+01
-1.440655018496309303e+01 2.931495723385728880e+01
-1.438916842561830656e+01 3.174290614275162170e+01
-1.437178666627352008e+01 3.457390855476287328e+01
-1.435440490692873716e+01 3.768696027381293590e+01
-1.433702314758395069e+01 4.095011249387817998e+01
-1.431964138823916421e+01 4.425878093332657670e+01
-1.430225962889437774e+01 4.756046816493482510e+01
-1.428487786954959127e+01 5.084326611766549320e+01
-1.426749611020480835e+01 5.408291004600651775e+01
-1.425011435086002187e+01 5.716992192328303446e+01
-1.423273259151523540e+01 5.985879837148105054e+01
-1.421535083217044892e+01 6.178005527646512007e+01
-1.419796907282566600e+01 6.252947712433319793e+01
-1.418058731348087953e+01 6.180932235867756219e+01
-1.416320555413609306e+01 5.956531266195742802e+01
-1.414582379479130658e+01 5.605889318682330469e+01
-1.412844203544652011e+01 5.183924600278184869e+01
-1.411106027610173719e+01 4.762039511352489995e+01
-1.409367851675695071e+01 4.410500947869365973e+01
-1.407629675741216424e+01 4.181295532585164665e+01
-1.405891499806737777e+01 4.096591734923278239e+01
-1.404153323872259129e+01 4.145636967389121708e+01
-1.402415147937780837e+01 4.290073150263573609e+01
-1.400676972003302190e+01 4.475244477407908761e+01
-1.398938796068823542e+01 4.643756782439774611e+01
-1.397200620134344895e+01 4.747620154668985748e+01
-1.395462444199866603e+01 4.756591250646405200e+01
-1.393724268265387956e+01 4.662143547522556020e+01
-1.391986092330909308e+01 4.477880442285914597e+01
-1.390247916396430661e+01 4.237499476992471159e+01
-1.388509740461952013e+01 3.990719078175782641e+01
-1.386771564527473721e+01 3.796733997817811002e+01
-1.385033388592995074e+01 3.714729810851699909e+01
-1.383295212658516427e+01 3.792076643516347900e+01
-1.381557036724037779e+01 4.052438455177740906e+01
-1.379818860789559487e+01 4.487098621623515982e+01
-1.378080684855080840e+01 5.052541768379204967e+01
-1.376342508920602192e+01 5.675778505985267941e+01
-1.374604332986123545e+01 6.266767048012595609e+01
-1.372866157051644898e+01 6.735411022754104238e+01
-1.371127981117166605e+01 7.009480078177497830e+01
-1.369389805182687958e+01 7.049485271936741526e+01
-1.367651629248209311e+01 6.856986784392837819e+01
-1.365913453313730663e+01 6.474043278548919034e+01
-1.364175277379252016e+01 5.973536014206068501e+01
-1.362437101444773724e+01 5.442590903600670771e+01
-1.360698925510295076e+01 4.963482517027669161e+01
-1.358960749575816429e+01 4.597265977159700157e+01
-1.357222573641337782e+01 4.374395360339335070e+01
-1.355484397706859490e+01 4.294062618949978827e+01
-1.353746221772380842e+01 4.331015910495234067e+01
-1.352008045837902195e+01 4.446454778549581732e+01
-1.350269869903423547e+01 4.599002806366986107e+01
-1.348531693968944900e+01 4.752652955591321415e+01
-1.346793518034466608e+01 4.880291397532787556e+01
-1.345055342099987961e+01 4.963151078273626382e+01
-1.343317166165509313e+01 4.987804863945176947e+01
-1.341578990231030666e+01 4.942860916353104983e+01
-1.339840814296552018e+01 4.817318079278087595e+01
-1.338102638362073726e+01 4.601635982304163974e+01
-1.336364462427595079e+01 4.291236213796411647e+01
-1.334626286493116432e+01 3.890899680931303806e+01
-1.332888110558637784e+01 3.417964963288488889e+01
-1.331149934624159492e+01 2.902684329890905701e+01
-1.329411758689680845e+01 2.385331459981904700e+01
-1.327673582755202197e+01 1.910988993592336271e+01
-1.325935406820723550e+01 1.523639318106472373e+01
-1.324197230886244903e+01 1.260920531588300797e+01
-1.322459054951766610e+01 1.149992058362501801e+01
-1.320720879017287963e+01 1.204111508069875036e+01
-1.318982703082809316e+01 1.419449698620726430e+01
-1.317244527148330668e+01 1.772540098020056476e+01
-1.315506351213852021e+01 2.220019794730479035e+01
-1.313768175279373729e+01 2.702927280529884868e+01
-1.312029999344895081e+01 3.156875783745542918e+01
-1.310291823410416434e+01 3.526865297916359054e+01
-1.308553647475937787e+01 3.782423437255786069e+01
-1.306815471541459495e+01 3.926978268495311397e+01
-1.305077295606980847e+01 3.996346532021026832e+01
-1.303339119672502200e+01 4.045098882155219400e+01
-1.301600943738023552e+01 4.124804058795982087e+01
-1.299862767803544905e+01 4.262242086559775345e+01
-1.298124591869066613e+01 4.446450388386826091e+01
-1.296386415934587966e+01 4.630307388998438967e+01
-1.294648240000109318e+01 4.746562527602870318e+01
-1.292910064065630671e+01 4.732370697463732512e+01
-1.291171888131152379e+01 4.553077086889079794e+01
-1.289433712196673731e+01 4.216585291793474966e+01
-1.287695536262195084e+01 3.773653845245928551e+01
-1.285957360327716437e+01 3.304930498715367548e+01
-1.284219184393237789e+01 2.900039646349270939e+01
-1.282481008458759497e+01 2.635927622192780007e+01
-1.280742832524280850e+01 2.560691643178927279e+01
-1.279004656589802202e+01 2.686259874689896776e+01
-1.277266480655323555e+01 2.990040629904238756e+01
-1.275528304720844908e+01 3.423234851972785719e+01
-1.273790128786366616e+01 3.922461369485800020e+01
-1.272051952851887968e+01 4.421589373531148937e+01
-1.270313776917409321e+01 4.861698987832838981e+01
-1.268575600982930673e+01 5.198239719996147556e+01
-1.266837425048452381e+01 5.405204334387968146e+01
-1.265099249113973734e+01 5.476353992956335759e+01
-1.263361073179495087e+01 5.423541408282788723e+01
-1.261622897245016439e+01 5.272455918265197283e+01
-1.259884721310537792e+01 5.056790184680214395e+01
-1.258146545376059500e+01 4.812456914032433986e+01
-1.256408369441580852e+01 4.573380536414035902e+01
-1.254670193507102205e+01 4.369320409096180668e+01
-1.252932017572623558e+01 4.224762462532635254e+01
-1.251193841638144910e+01 4.157239993142221834e+01
-1.249455665703666618e+01 4.174194859935668234e+01
-1.247717489769187971e+01 4.269284189204989843e+01
-1.245979313834709323e+01 4.420604001382682924e+01
-1.244241137900230676e+01 4.593381867658636963e+01
-1.242502961965752384e+01 4.747957025871779280e+01
-1.240764786031273736e+01 4.851177432886632346e+01
-1.239026610096795089e+01 4.887211468084767318e+01
-1.237288434162316442e+01 4.863444774771542711e+01
-1.235550258227837794e+01 4.808871864141774211e+01
-1.233812082293359502e+01 4.765341492940667223e+01
-1.232073906358880855e+01 4.774701030515078060e+01
-1.230335730424402207e+01 4.866066751493116982e+01
-1.228597554489923560e+01 5.046816128074182473e+01
-1.226859378555444913e+01 5.299170020008808990e+01
-1.225121202620966621e+01 5.582534748539716674e+01
-1.223383026686487973e+01 5.840782738948896480e+01
-1.221644850752009326e+01 6.013185048850572656e+01
-1.219906674817530678e+01 6.047144704066466403e+01
-1.218168498883052386e+01 5.909992346546295749e+01
-1.216430322948573739e+01 5.596506755979653036e+01
-1.214692147014095092e+01 5.129481599869661324e+01
-1.212953971079616444e+01 4.552896983031229894e+01
-1.211215795145137797e+01 3.920168132295440699e+01
-1.209477619210659505e+01 3.281891839741313532e+01
-1.207739443276180857e+01 2.677310493016116055e+01
-1.206001267341702210e+01 2.131541591314703155e+01
-1.204263091407223563e+01 1.657869320651521150e+01
-1.202524915472745271e+01 1.262631454232364980e+01
-1.200786739538266623e+01 9.501473902126967630e+00
-1.199048563603787976e+01 7.262430516998742647e+00
-1.197310387669309328e+01 6.001538025892025452e+00
-1.195572211734830681e+01 5.850955624417750300e+00
-1.193834035800352389e+01 6.975040642490442089e+00
-1.192095859865873742e+01 9.544170982203125320e+00
-1.190357683931395094e+01 1.368429337392451295e+01
-1.188619507996916447e+01 1.940440171383345458e+01
-1.186881332062437799e+01 2.651799495779927796e+01
-1.185143156127959507e+01 3.458704060988259954e+01
-1.183404980193480860e+01 4.291973590699651453e+01
-1.181666804259002213e+01 5.064180408938874223e+01
-1.179928628324523565e+01 5.683756496705833428e+01
-1.178190452390045273e+01 6.073059729151828634e+01
-1.176452276455566626e+01 6.185589854580778280e+01
-1.174714100521087978e+01 6.017402039423591020e+01
-1.172975924586609331e+01 5.609328766592356175e+01
-1.171237748652130684e+01 5.039239471093560496e+01
-1.169499572717652391e+01 4.406278915361002646e+01
-1.167761396783173744e+01 3.811013226936923814e+01
-1.166023220848695097e+01 3.336248513895586143e+01
-1.164285044914216449e+01 3.032903950916019653e+01
-1.162546868979737802e+01 2.913877020441926291e+01
-1.160808693045259510e+01 2.956656789322666512e+01
-1.159070517110780862e+01 3.113055092459905993e+01
-1.157332341176302215e+01 3.322573642712320918e+01
-1.155594165241823568e+01 3.525329737761298787e+01
-1.153855989307345276e+01 3.671420550097287361e+01
-1.152117813372866628e+01 3.725667516758333164e+01
-1.150379637438387981e+01 3.668766867774306206e+01
-1.148641461503909333e+01 3.496871447436190294e+01
-1.146903285569430686e+01 3.221135522529864659e+01
-1.145165109634952394e+01 2.867346147706091486e+01
-1.143426933700473747e+01 2.474571317206882171e+01
-1.141688757765995099e+01 2.091619533603357084e+01
-1.139950581831516452e+01 1.771008120905965555e+01
-1.138212405897038160e+01 1.561325907265472956e+01
-1.136474229962559512e+01 1.499535314269568964e+01
-1.134736054028080865e+01 1.604630815509000641e+01
-1.132997878093602218e+01 1.873530052730667705e+01
-1.131259702159123570e+01 2.279683616598345353e+01
-1.129521526224645278e+01 2.774870108772150346e+01
-1.127783350290166631e+01 3.294700010930726108e+01
-1.126045174355687983e+01 3.767964081390638142e+01
-1.124306998421209336e+01 4.128874182403932735e+01
-1.122568822486730689e+01 4.329782309233954862e+01
-1.120830646552252396e+01 4.350936427476121082e+01
-1.119092470617773749e+01 4.204060212530204410e+01
-1.117354294683295102e+01 3.928290503306543968e+01
-1.115616118748816454e+01 3.579674362288221801e+01
-1.113877942814338162e+01 3.217772746392582661e+01
-1.112139766879859515e+01 2.893721021466082988e+01
-1.110401590945380867e+01 2.642922166625620406e+01
-1.108663415010902220e+01 2.483084295314079881e+01
-1.106925239076423573e+01 2.416004319324542848e+01
-1.105187063141945281e+01 2.430643661336795702e+01
-1.103448887207466633e+01 2.505938935059640116e+01
-1.101710711272987986e+01 2.613538358707160825e+01
-1.099972535338509338e+01 2.721789809148052086e+01
-1.098234359404030691e+01 2.801863567068996019e+01
-1.096496183469552399e+01 2.835124620179695398e+01
-1.094758007535073752e+01 2.819082657312812756e+01
-1.093019831600595104e+01 2.768858817570641051e+01
-1.091281655666116457e+01 2.712613332212656658e+01
-1.089543479731638165e+01 2.682003054333455339e+01
-1.087805303797159517e+01 2.700998950214001226e+01
-1.086067127862680870e+01 2.777106836646496646e+01
-1.084328951928202223e+01 2.898003217297888412e+01
-1.082590775993723575e+01 3.034537766459551733e+01
-1.080852600059245283e+01 3.148957748118773026e+01
-1.079114424124766636e+01 3.205747025188645694e+01
-1.077376248190287988e+01 3.181852961307811256e+01
-1.075638072255809341e+01 3.073294994361884136e+01
-1.073899896321330694e+01 2.896203779500498499e+01
-1.072161720386852402e+01 2.682119489289340564e+01
-1.070423544452373754e+01 2.469403049472846234e+01
-1.068685368517895107e+01 2.294018997613798660e+01
-1.066947192583416459e+01 2.182915743501996886e+01
-1.065209016648938167e+01 2.151616784457859310e+01
-1.063470840714459520e+01 2.205266988258767213e+01
-1.061732664779980873e+01 2.340650172262408546e+01
-1.059994488845502225e+01 2.546706347620043331e+01
-1.058256312911023578e+01 2.802855201034782340e+01
-1.056518136976545286e+01 3.076829689287567859e+01
-1.054779961042066638e+01 3.325109534468624872e+01
-1.053041785107587991e+01 3.498357900121816044e+01
-1.051303609173109344e+01 3.551740193376448218e+01
-1.049565433238631051e+01 3.457077986272993542e+01
-1.047827257304152404e+01 3.212225558861925379e+01
-1.046089081369673757e+01 2.843838620489376012e+01
-1.044350905435195109e+01 2.402433031838158684e+01
-1.042612729500716462e+01 1.951782671459313079e+01
-1.040874553566238170e+01 1.556591820863587294e+01
-1.039136377631759522e+01 1.272159618725247832e+01
-1.037398201697280875e+01 1.137875980204595194e+01
-1.035660025762802228e+01 1.174201003000834298e+01
-1.033921849828323580e+01 1.381645917862483053e+01
-1.032183673893845288e+01 1.740723197811400169e+01
-1.030445497959366641e+01 2.213266380485928408e+01
-1.028707322024887993e+01 2.746615753272097038e+01
-1.026969146090409346e+01 3.281770460160078073e+01
-1.025230970155931054e+01 3.764587962065466797e+01
-1.023492794221452407e+01 4.156618887614186519e+01
-1.021754618286973759e+01 4.441021923366761115e+01
-1.020016442352495112e+01 4.620480705755082340e+01
-1.018278266418016464e+01 4.707803750932055209e+01
-1.016540090483538172e+01 4.713916786172711682e+01
-1.014801914549059525e+01 4.639727968021552584e+01
-1.013063738614580878e+01 4.476513848254467831e+01
-1.011325562680102230e+01 4.214895632367235834e+01
-1.009587386745623583e+01 3.857756652206708026e+01
-1.007849210811145291e+01 3.430272205237855587e+01
-1.006111034876666643e+01 2.981638277214269905e+01
-1.004372858942187996e+01 2.577012001283882725e+01
-1.002634683007709349e+01 2.282326085404017135e+01
-1.000896507073231056e+01 2.147090034820936921e+01
-9.991583311387524091e+00 2.190494053903512039e+01
-9.974201552042737617e+00 2.394755700175140589e+01
-9.956819792697951144e+00 2.707657772875739610e+01
-9.939438033353164670e+00 3.054115308726974831e+01
-9.922056274008381749e+00 3.354419739058493377e+01
-9.904674514663595275e+00 3.544701496269284746e+01
-9.887292755318808801e+00 3.593827512083715447e+01
-9.869910995974022327e+00 3.511357222350604701e+01
-9.852529236629235854e+00 3.343717292494375215e+01
-9.835147477284452933e+00 3.159674989208071239e+01
-9.817765717939666459e+00 3.029829729126503679e+01
-9.800383958594879985e+00 3.006581821131875998e+01
-9.783002199250093511e+00 3.110278221135666143e+01
-9.765620439905310590e+00 3.324664404557937303e+01
-9.748238680560524116e+00 3.601770719324480297e+01
-9.730856921215737643e+00 3.874083889906420097e+01
-9.713475161870951169e+00 4.070679189653067453e+01
-9.696093402526164695e+00 4.133662374933749106e+01
-9.678711643181381774e+00 4.031446957893454197e+01
-9.661329883836595300e+00 3.766019576212769238e+01
-9.643948124491808827e+00 3.372577475320022700e+01
-9.626566365147022353e+00 2.911724572529448807e+01
-9.609184605802239432e+00 2.456322428753429321e+01
-9.591802846457452958e+00 2.076402178981477675e+01
-9.574421087112666484e+00 1.825771070919450878e+01
-9.557039327767880010e+00 1.733157266285023468e+01
-9.539657568423093537e+00 1.799421360015205451e+01
-9.522275809078310616e+00 2.001013002029111831e+01
-9.504894049733524142e+00 2.298634466151093747e+01
-9.487512290388737668e+00 2.648927271820722495e+01
-9.470130531043951194e+00 3.016007906674815686e+01
-9.452748771699164720e+00 3.379304319713217097e+01
-9.435367012354381799e+00 3.734973053570262636e+01
-9.417985253009595326e+00 4.090339073103924505e+01
-9.400603493664808852e+00 4.453581954529560960e+01
-9.383221734320022378e+00 4.822973078339438047e+01
-9.365839974975239457e+00 5.180213525104467465e+01
-9.348458215630452983e+00 5.490644480020073814e+01
-9.331076456285666509e+00 5.710209751762345576e+01
-9.313694696940880036e+00 5.796475193909368073e+01
-9.296312937596093562e+00 5.719857854135683795e+01
-9.278931178251310641e+00 5.471731941050068571e+01
-9.261549418906524167e+00 5.067690791849392440e+01
-9.244167659561737693e+00 4.546039303230413964e+01
-9.226785900216951219e+00 3.962814392369200789e+01
-9.209404140872164746e+00 3.384964985996277420e+01
-9.192022381527381825e+00 2.882902613624208854e+01
-9.174640622182595351e+00 2.522892983782633891e+01
-9.157258862837808877e+00 2.359217548960166155e+01
-9.139877103493022403e+00 2.426079423885266806e+01
-9.122495344148239482e+00 2.729931537678594466e+01
-9.105113584803453008e+00 3.243933262947225415e+01
-9.087731825458666535e+00 3.906945042718845684e+01
-9.070350066113880061e+00 4.629183001334742897e+01
-9.052968306769093587e+00 5.305110050789892995e+01
-9.035586547424310666e+00 5.831751075662692330e+01
-9.018204788079524192e+00 6.128386686907365544e+01
-9.000823028734737719e+00 6.152582603643722337e+01
-8.983441269389951245e+00 5.908288296054415412e+01
-8.966059510045168324e+00 5.443974059212052907e+01
-8.948677750700381850e+00 4.841523237382946832e+01
-8.931295991355595376e+00 4.198852854768822596e+01
-8.913914232010808902e+00 3.610439002659533969e+01
-8.896532472666022429e+00 3.150046423577983745e+01
-8.879150713321239508e+00 2.859246264578405317e+01
-8.861768953976453034e+00 2.743951811626655868e+01
-8.844387194631666560e+00 2.779314110990455333e+01
-8.827005435286880086e+00 2.921127830314775053e+01
-8.809623675942093612e+00 3.119982069579049266e+01
-8.792241916597310691e+00 3.333589601525966373e+01
-8.774860157252524218e+00 3.533660908850694682e+01
-8.757478397907737744e+00 3.706191748987942702e+01
-8.740096638562951270e+00 3.846991207624758857e+01
-8.722714879218168349e+00 3.956142013119754353e+01
-8.705333119873381875e+00 4.034822220058462250e+01
-8.687951360528595401e+00 4.085739807131951551e+01
-8.670569601183808928e+00 4.115730981343232031e+01
-8.653187841839022454e+00 4.137542527408502480e+01
-8.635806082494239533e+00 4.168366095731585830e+01
-8.618424323149453059e+00 4.224891599720316293e+01
-8.601042563804666585e+00 4.317065442623421490e+01
-8.583660804459880111e+00 4.443865945233856962e+01
-8.566279045115093638e+00 4.593556635348681993e+01
-8.548897285770310717e+00 4.748541755515551444e+01
-8.531515526425524243e+00 4.892468652966323361e+01
-8.514133767080737769e+00 5.016009870767359047e+01
-8.496752007735951295e+00 5.118513892439314361e+01
-8.479370248391168374e+00 5.205046402921855986e+01
-8.461988489046381900e+00 5.280975086322764156e+01
-8.444606729701595427e+00 5.347690278136479947e+01
-8.427224970356808953e+00 5.402404716048905442e+01
-8.409843211012022479e+00 5.442465905132977610e+01
-8.392461451667239558e+00 5.471567287654509926e+01
-8.375079692322453084e+00 5.503448784848660580e+01
-8.357697932977666611e+00 5.559412497710020773e+01
-8.340316173632880137e+00 5.659182530914444698e+01
-8.322934414288093663e+00 5.808740113980451270e+01
-8.305552654943310742e+00 5.991424063085334950e+01
-8.288170895598524268e+00 6.168006675503475122e+01
-8.270789136253737794e+00 6.287538509230732586e+01
-8.253407376908951321e+00 6.305331613048070949e+01
-8.236025617564168400e+00 6.200364139962754706e+01
-8.218643858219381926e+00 5.983941748323673693e+01
-8.201262098874595452e+00 5.695103233353433581e+01
-8.183880339529808978e+00 5.384328669289043034e+01
-8.166498580185022504e+00 5.092624888288297313e+01
-8.149116820840239583e+00 4.835284300407814584e+01
-8.131735061495453110e+00 4.597432732445669501e+01
-8.114353302150666636e+00 4.342997838309847936e+01
-8.096971542805880162e+00 4.032678795716984155e+01
-8.079589783461097241e+00 3.642827561734214470e+01
-8.062208024116310767e+00 3.177472967115516056e+01
-8.044826264771524293e+00 2.669508511503676118e+01
-8.027444505426737820e+00 2.172085690109499723e+01
-8.010062746081951346e+00 1.744925234988903284e+01
-7.992680986737168425e+00 1.441101432436781060e+01
-7.975299227392381951e+00 1.298131909721810118e+01
-7.957917468047595477e+00 1.334437212177723353e+01
-7.940535708702809004e+00 1.550059345786857001e+01
-7.923153949358022530e+00 1.929734769494717028e+01
-7.905772190013239609e+00 2.446737171050765269e+01
-7.888390430668453135e+00 3.066547131667126536e+01
-7.871008671323666661e+00 3.749801171689412627e+01
-7.853626911978880187e+00 4.454148013880175228e+01
-7.836245152634097266e+00 5.134986966579855761e+01
-7.818863393289310793e+00 5.745781479316477913e+01
-7.801481633944524319e+00 6.239380466375222767e+01
-7.784099874599737845e+00 6.571839414872709995e+01
-7.766718115254951371e+00 6.709180259829321358e+01
-7.749336355910168450e+00 6.635714039036994905e+01
-7.731954596565381976e+00 6.361019365455715047e+01
-7.714572837220595503e+00 5.922465812659338269e+01
-7.697191077875809029e+00 5.381554022118285729e+01
-7.679809318531022555e+00 4.814569141872193825e+01
-7.662427559186239634e+00 4.299899600684784673e+01
-7.645045799841453160e+00 3.905040526147330127e+01
-7.627664040496666686e+00 3.675836185571753134e+01
-7.610282281151880213e+00 3.629598977219109202e+01
-7.592900521807097292e+00 3.752989193276403768e+01
-7.575518762462310818e+00 4.005021395188516209e+01
-7.558137003117524344e+00 4.324936634071340791e+01
-7.540755243772737870e+00 4.643722328268082578e+01
-7.523373484427951396e+00 4.897037696690691888e+01
-7.505991725083168475e+00 5.036791251894092625e+01
-7.488609965738382002e+00 5.038987137058923338e+01
-7.471228206393595528e+00 4.906523822999203333e+01
-7.453846447048809054e+00 4.666821726107509960e+01
-7.436464687704022580e+00 4.365016061625683363e+01
-7.419082928359239659e+00 4.053953927306955052e+01
-7.401701169014453185e+00 3.782654094745814177e+01
-7.384319409669666712e+00 3.585379096622412476e+01
-7.366937650324880238e+00 3.473813323073927251e+01
-7.349555890980097317e+00 3.434596761489428474e+01
-7.332174131635310843e+00 3.433361522474432093e+01
-7.314792372290524369e+00 3.424636666907308324e+01
-7.297410612945737896e+00 3.365115635093685142e+01
-7.280028853600951422e+00 3.226540512538505112e+01
-7.262647094256168501e+00 3.004383492889349228e+01
-7.245265334911382027e+00 2.719727603199575228e+01
-7.227883575566595553e+00 2.413908076847041784e+01
-7.210501816221809079e+00 2.137811510057735020e+01
-7.193120056877026158e+00 1.939350895737131708e+01
-7.175738297532239685e+00 1.852914192963833884e+01
-7.158356538187453211e+00 1.893480695198075736e+01
-7.140974778842666737e+00 2.056190972675046780e+01
-7.123593019497880263e+00 2.320334046211270973e+01
-7.106211260153097342e+00 2.655706989812058794e+01
-7.088829500808310868e+00 3.029307263421448226e+01
-7.071447741463524395e+00 3.410979300971522576e+01
-7.054065982118737921e+00 3.777353196644238409e+01
-7.036684222773951447e+00 4.113782387505893468e+01
-7.019302463429168526e+00 4.414060534664748303e+01
-7.001920704084382052e+00 4.677854453488183140e+01
-6.984538944739595578e+00 4.906329439419852889e+01
-6.967157185394809105e+00 5.097245990024149620e+01
-6.949775426050026184e+00 5.241371877260349521e+01
-6.932393666705239710e+00 5.321894503290401701e+01
-6.915011907360453236e+00 5.317568064465465483e+01
-6.897630148015666762e+00 5.208998695116103761e+01
-6.880248388670880288e+00 4.986337021431116057e+01
-6.862866629326097367e+00 4.656087755177260590e+01
-6.845484869981310894e+00 4.244816719119261705e+01
-6.828103110636524420e+00 3.798127758581701130e+01
-6.810721351291737946e+00 3.374301370338470463e+01
-6.793339591946951472e+00 3.033351667647954031e+01
-6.775957832602168551e+00 2.823748077061109285e+01
-6.758576073257382077e+00 2.770216978716554124e+01
-6.741194313912595604e+00 2.866337325985255191e+01
-6.723812554567809130e+00 3.074701981018876751e+01
-6.706430795223026209e+00 3.335304871465618248e+01
-6.689049035878239735e+00 3.580141086748158585e+01
-6.671667276533453261e+00 3.749765487726390489e+01
-6.654285517188666788e+00 3.806738222719211961e+01
-6.636903757843880314e+00 3.741988225748509223e+01
-6.619521998499097393e+00 3.572788933137886858e+01
-6.602140239154310919e+00 3.334115165470018383e+01
-6.584758479809524445e+00 3.067260201490079297e+01
-6.567376720464737971e+00 2.809896531102845785e+01
-6.549994961119951498e+00 2.590400959208799847e+01
-6.532613201775168577e+00 2.427150093834332978e+01
-6.515231442430382103e+00 2.331643560030820339e+01
-6.497849683085595629e+00 2.313255251928702805e+01
-6.480467923740809155e+00 2.383113566858095567e+01
-6.463086164396026234e+00 2.554874843821040642e+01
-6.445704405051239760e+00 2.841000495532104964e+01
-6.428322645706453287e+00 3.244739089308546198e+01
-6.410940886361666813e+00 3.750189336438982224e+01
-6.393559127016880339e+00 4.314751147796889796e+01
-6.376177367672097418e+00 4.868714267117245242e+01
-6.358795608327310944e+00 5.324838090224582032e+01
-6.341413848982524470e+00 5.596894203811577739e+01
-6.324032089637737997e+00 5.621944014671662160e+01
-6.306650330292955076e+00 5.378784823882913457e+01
-6.289268570948168602e+00 4.895916933647541214e+01
-6.271886811603382128e+00 4.246261169352751352e+01
-6.254505052258595654e+00 3.530790188175849664e+01
-6.237123292913809181e+00 2.856825346742316896e+01
-6.219741533569026259e+00 2.317485546594622647e+01
-6.202359774224239786e+00 1.976838547088595277e+01
-6.184978014879453312e+00 1.862283595117825996e+01
-6.167596255534666838e+00 1.963440873213347615e+01
-6.150214496189880364e+00 2.236267074994339410e+01
-6.132832736845097443e+00 2.611784409713672872e+01
-6.115450977500310970e+00 3.009339226775276188e+01
-6.098069218155524496e+00 3.353551406589055972e+01
-6.080687458810738022e+00 3.592079126721090887e+01
-6.063305699465955101e+00 3.709258687574465796e+01
-6.045923940121168627e+00 3.730285801227611842e+01
-6.028542180776382153e+00 3.712857536971354477e+01
-6.011160421431595680e+00 3.727584694877967308e+01
-5.993778662086809206e+00 3.833166883311009343e+01
-5.976396902742026285e+00 4.055046908658854932e+01
-5.959015143397239811e+00 4.375527465801172866e+01
-5.941633384052453337e+00 4.739166368039481370e+01
-5.924251624707666863e+00 5.071288000315554712e+01
-5.906869865362880390e+00 5.302237287363472973e+01
-5.889488106018097469e+00 5.387960481864735129e+01
-5.872106346673310995e+00 5.319641114817623162e+01
-5.854724587328524521e+00 5.120403330868798264e+01
-5.837342827983738047e+00 4.832799050608657865e+01
-5.819961068638955126e+00 4.503981763670448402e+01
-5.802579309294168652e+00 4.174721952903768596e+01
-5.785197549949382179e+00 3.874705697141693861e+01
-5.767815790604595705e+00 3.622537004668150473e+01
-5.750434031259809231e+00 3.427055788825086324e+01
-5.733052271915026310e+00 3.287702718903718591e+01
-5.715670512570239836e+00 3.194304664569452257e+01
-5.698288753225453362e+00 3.128495247340699947e+01
-5.680906993880666889e+00 3.068539791842325215e+01
-5.663525234535883968e+00 2.996971173176311964e+01
-5.646143475191097494e+00 2.907979212084953957e+01
-5.628761715846311020e+00 2.810786467396214761e+01
-5.611379956501524546e+00 2.726865210414992902e+01
-5.593998197156738073e+00 2.681804982495872025e+01
-5.576616437811955151e+00 2.695164721427162036e+01
-5.559234678467168678e+00 2.772425734992992474e+01
-5.541852919122382204e+00 2.902053948432785901e+01
-5.524471159777595730e+00 3.058516142007918148e+01
-5.507089400432809256e+00 3.209948035468919869e+01
-5.489707641088026335e+00 3.327731084360205926e+01
-5.472325881743239862e+00 3.394716046128132092e+01
-5.454944122398453388e+00 3.409259636379727709e+01
-5.437562363053666914e+00 3.383623375375941578e+01
-5.420180603708883993e+00 3.337424875051846129e+01
-5.402798844364097519e+00 3.289034237044094766e+01
-5.385417085019311045e+00 3.248951973774843793e+01
-5.368035325674524572e+00 3.218379902944799653e+01
-5.350653566329738098e+00 3.193486672165334284e+01
-5.333271806984955177e+00 3.172598108095204239e+01
-5.315890047640168703e+00 3.161621246060026991e+01
-5.298508288295382229e+00 3.173741455816884383e+01
-5.281126528950595755e+00 3.222589466140716752e+01
-5.263744769605809282e+00 3.311946484988589390e+01
-5.246363010261026361e+00 3.427439201829166393e+01
-5.228981250916239887e+00 3.535186412609589723e+01
-5.211599491571453413e+00 3.589213750944636416e+01
-5.194217732226666939e+00 3.545305808341142040e+01
-5.176835972881884018e+00 3.375944104298262260e+01
-5.159454213537097544e+00 3.080533949009990735e+01
-5.142072454192311071e+00 2.687311505753371321e+01
-5.124690694847524597e+00 2.246884956151332702e+01
-5.107308935502738123e+00 1.820485337756069910e+01
-5.089927176157955202e+00 1.467308370891431935e+01
-5.072545416813168728e+00 1.234554486366411652e+01
-5.055163657468382254e+00 1.151759109392155445e+01
-5.037781898123595781e+00 1.229059396041789398e+01
-5.020400138778809307e+00 1.458121234801380517e+01
-5.003018379434026386e+00 1.814648557999633027e+01
-4.985636620089239912e+00 2.262067955890843507e+01
-4.968254860744453438e+00 2.756327614544083104e+01
-4.950873101399666965e+00 3.251450915941514808e+01
-4.933491342054884043e+00 3.704898961836498472e+01
-4.916109582710097570e+00 4.081591533310650988e+01
-4.898727823365311096e+00 4.355967672702552562e+01
-4.881346064020524622e+00 4.512421154799989864e+01
-4.863964304675738148e+00 4.545076250553849206e+01
-4.846582545330955227e+00 4.457645034904734871e+01
-4.829200785986168754e+00 4.263214293676928435e+01
-4.811819026641382280e+00 3.983040626943161300e+01
-4.794437267296595806e+00 3.643534568584342992e+01
-4.777055507951812885e+00 3.271643197130817526e+01
-4.759673748607026411e+00 2.890069979804286859e+01
-4.742291989262239937e+00 2.514248599962166963e+01
-4.724910229917453464e+00 2.152277840199922210e+01
-4.707528470572666990e+00 1.807541703071072092e+01
-4.690146711227884069e+00 1.482434540637129317e+01
-4.672764951883097595e+00 1.181284871914501977e+01
-4.655383192538311121e+00 9.113405526357503561e+00
-4.638001433193524647e+00 6.819637590917146497e+00
-4.620619673848738174e+00 5.031631570833126510e+00
-4.603237914503955253e+00 3.847314970479054352e+00
-4.585856155159168779e+00 3.365826232193529943e+00
-4.568474395814382305e+00 3.698553430334156733e+00
-4.551092636469595831e+00 4.975555436877489690e+00
-4.533710877124812910e+00 7.333591368153143719e+00
-4.516329117780026436e+00 1.087813874205147968e+01
-4.498947358435239963e+00 1.562364371315777234e+01
-4.481565599090453489e+00 2.142929206403576714e+01
-4.464183839745667015e+00 2.795589320628780428e+01
-4.446802080400884094e+00 3.466798252576960238e+01
-4.429420321056097620e+00 4.089268687167197669e+01
-4.412038561711311146e+00 4.592745497868038029e+01
-4.394656802366524673e+00 4.917073883074837681e+01
-4.377275043021738199e+00 5.024120846994006229e+01
-4.359893283676955278e+00 4.905530202742110646e+01
-4.342511524332168804e+00 4.584662003364291394e+01
-4.325129764987382330e+00 4.112683253286577667e+01
-4.307748005642595857e+00 3.560018624762812323e+01
-4.290366246297812935e+00 3.005009882812128197e+01
-4.272984486953026462e+00 2.521804899939904843e+01
-4.255602727608239988e+00 2.169445362914423825e+01
-4.238220968263453514e+00 1.983968027759100039e+01
-4.220839208918667040e+00 1.975006587888865539e+01
-4.203457449573884119e+00 2.127695206150744767e+01
-4.186075690229097646e+00 2.409499104722756258e+01
-4.168693930884311172e+00 2.780061521281054127e+01
-4.151312171539524698e+00 3.200797436248581107e+01
-4.133930412194738224e+00 3.640625773503189322e+01
-4.116548652849955303e+00 4.075585784527794431e+01
-4.099166893505168829e+00 4.482980277681819814e+01
-4.081785134160382356e+00 4.833854233558049174e+01
-4.064403374815595882e+00 5.089160653529678768e+01
-4.047021615470812961e+00 5.203573039534558120e+01
-4.029639856126026487e+00 5.136931738246305201e+01
-4.012258096781240013e+00 4.868853064066505709e+01
-3.994876337436453539e+00 4.409719814915228397e+01
-3.977494578091667066e+00 3.802575857370855772e+01
-3.960112818746884145e+00 3.114672118330925343e+01
-3.942731059402097671e+00 2.422157794393895713e+01
-3.925349300057311197e+00 1.794126951233037559e+01
-3.907967540712524723e+00 1.281732946273363005e+01
-3.890585781367741802e+00 9.150480335025893197e+00
-3.873204022022955328e+00 7.066245732107876876e+00
-3.855822262678168855e+00 6.581332044954309346e+00
-3.838440503333382381e+00 7.659357783058272418e+00
-3.821058743988595907e+00 1.022850673154192158e+01
-3.803676984643812986e+00 1.415820644320040778e+01
-3.786295225299026512e+00 1.921577403660119288e+01
-3.768913465954240039e+00 2.503688448756518881e+01
-3.751531706609453565e+00 3.113937234566020251e+01
-3.734149947264667091e+00 3.698892804315187988e+01
-3.716768187919884170e+00 4.209701453396915127e+01
-3.699386428575097696e+00 4.611106662505167719e+01
-3.682004669230311222e+00 4.885789359163428713e+01
-3.664622909885524749e+00 5.032492275015763994e+01
-3.647241150540741828e+00 5.059748130566465107e+01
-3.629859391195955354e+00 4.979294479694917896e+01
-3.612477631851168880e+00 4.802960973583583382e+01
-3.595095872506382406e+00 4.544175531722136441e+01
-3.577714113161595932e+00 4.222053081283667808e+01
-3.560332353816809459e+00 3.864414639666571105e+01
-3.542950594472022985e+00 3.506971577186214262e+01
-3.525568835127243617e+00 3.188481125071229627e+01
-3.508187075782457143e+00 2.944079059856377611e+01
-3.490805316437670669e+00 2.799724939520611144e+01
-3.473423557092884195e+00 2.769591916612023752e+01
-3.456041797748097721e+00 2.856366882624256220e+01
-3.438660038403311248e+00 3.053132873666804059e+01
-3.421278279058524774e+00 3.345403402168029316e+01
-3.403896519713738300e+00 3.712613485855746376e+01
-3.386514760368951826e+00 4.129146216497191801e+01
-3.369133001024165353e+00 4.565281009702867721e+01
-3.351751241679385984e+00 4.988371061145773666e+01
-3.334369482334599510e+00 5.364458806878502628e+01
-3.316987722989813037e+00 5.660584654683712813e+01
-3.299605963645026563e+00 5.848044244861343088e+01
-3.282224204300240089e+00 5.906531012534045288e+01
-3.264842444955453615e+00 5.828469935506718258e+01
-3.247460685610667142e+00 5.622244148414665688e+01
-3.230078926265880668e+00 5.312844380927613486e+01
-3.212697166921094194e+00 4.938919733720801020e+01
-3.195315407576314826e+00 4.546183891817165801e+01
-3.177933648231528352e+00 4.178359242480352265e+01
-3.160551888886741878e+00 3.867939439345548180e+01
-3.143170129541955404e+00 3.629549212712598916e+01
-3.125788370197168931e+00 3.458160571398889971e+01
-3.108406610852382457e+00 3.332836128904398976e+01
-3.091024851507595983e+00 3.224582106564533746e+01
-3.073643092162809509e+00 3.105336144557882605e+01
-3.056261332818023035e+00 2.954970023296769455e+01
-3.038879573473243667e+00 2.764542345852219540e+01
-3.021497814128457193e+00 2.536052442663419626e+01
-3.004116054783670720e+00 2.280406790602154743e+01
-2.986734295438884246e+00 2.015444536038219070e+01
-2.969352536094097772e+00 1.764833069545191080e+01
-2.951970776749311298e+00 1.557304513448739058e+01
-2.934589017404524824e+00 1.424972479112040880e+01
-2.917207258059738351e+00 1.399723245076836342e+01
-2.899825498714951877e+00 1.507644628409910759e+01
-2.882443739370172509e+00 1.762532002847588330e+01
-2.865061980025386035e+00 2.160167361915310380e+01
-2.847680220680599561e+00 2.675088589543299733e+01
-2.830298461335813087e+00 3.261040485448067017e+01
-2.812916701991026613e+00 3.855483449681392472e+01
-2.795534942646240140e+00 4.387702884627090327e+01
-2.778153183301453666e+00 4.789381555584384387e+01
-2.760771423956667192e+00 5.005989417963941435e+01
-2.743389664611880718e+00 5.006960778642083199e+01
-2.726007905267094245e+00 4.792412954407215864e+01
-2.708626145922314876e+00 4.394353994518841233e+01
-2.691244386577528402e+00 3.871233261675639170e+01
-2.673862627232741929e+00 3.296354525017498815e+01
-2.656480867887955455e+00 2.742648678667903184e+01
-2.639099108543168981e+00 2.267763386574205597e+01
-2.621717349198382507e+00 1.903611618519202153e+01
-2.604335589853596034e+00 1.653214320271985471e+01
-2.586953830508809560e+00 1.495350080569729556e+01
-2.569572071164023086e+00 1.395099801598860800e+01
-2.552190311819243718e+00 1.316744732476672652e+01
-2.534808552474457244e+00 1.235148614706206516e+01
-2.517426793129670770e+00 1.142696701952872829e+01
-2.500045033784884296e+00 1.050583270935202584e+01
-2.482663274440097823e+00 9.850224657776903925e+00
-2.465281515095311349e+00 9.801856820056466191e+00
-2.447899755750524875e+00 1.070071692024041710e+01
-2.430517996405738401e+00 1.281228460489890431e+01
-2.413136237060951927e+00 1.627625435177196778e+01
-2.395754477716172559e+00 2.108315978592531437e+01
-2.378372718371386085e+00 2.707909828984897871e+01
-2.360990959026599612e+00 3.399260274114573122e+01
-2.343609199681813138e+00 4.147240016618882663e+01
-2.326227440337026664e+00 4.912305974658911367e+01
-2.308845680992240190e+00 5.652988240197482384e+01
-2.291463921647453716e+00 6.327381184226878474e+01
-2.274082162302667243e+00 6.894615451400667894e+01
-2.256700402957880769e+00 7.317475777283169691e+01
-2.239318643613101401e+00 7.566545134831129360e+01
-2.221936884268314927e+00 7.624953993669251417e+01
-2.204555124923528453e+00 7.491902557625905956e+01
-2.187173365578741979e+00 7.183313624205419501e+01
-2.169791606233955505e+00 6.729223395022806642e+01
-2.152409846889169032e+00 6.169028077739342564e+01
-2.135028087544382558e+00 5.546483905903486544e+01
-2.117646328199596084e+00 4.905944884629435165e+01
-2.100264568854809610e+00 4.290110905644641548e+01
-2.082882809510023137e+00 3.738476356526531674e+01
-2.065501050165243768e+00 3.285448721578143250e+01
-2.048119290820457294e+00 2.957738766937868391e+01
-2.030737531475670821e+00 2.771441449322538730e+01
-2.013355772130884347e+00 2.729541016347105753e+01
-1.995974012786097873e+00 2.820295349818494302e+01
-1.978592253441311399e+00 3.016625560667229777e+01
-1.961210494096524926e+00 3.276830465945420201e+01
-1.943828734751738452e+00 3.547590751604683845e+01
-1.926446975406951978e+00 3.770531119336533976e+01
-1.909065216062172610e+00 3.892730110406174759e+01
-1.891683456717386136e+00 3.879492100217037631e+01
-1.874301697372599662e+00 3.725505703567114324e+01
-1.856919938027813188e+00 3.459728973006227193e+01
-1.839538178683026715e+00 3.140822202080470049e+01
-1.822156419338240241e+00 2.843221441297651353e+01
-1.804774659993453767e+00 2.637496561643216708e+01
-1.787392900648667293e+00 2.570878721513940945e+01
-1.770011141303880819e+00 2.653971821533540520e+01
-1.752629381959101451e+00 2.857853154025710651e+01
-1.735247622614314977e+00 3.122764753836268525e+01
-1.717865863269528504e+00 3.376249624612386668e+01
-1.700484103924742030e+00 3.555694438393883416e+01
-1.683102344579955556e+00 3.628594835174605748e+01
-1.665720585235169082e+00 3.604144743464631517e+01
-1.648338825890382608e+00 3.532168570819679587e+01
-1.630957066545596135e+00 3.489335445097960076e+01
-1.613575307200809661e+00 3.556647882242084791e+01
-1.596193547856030293e+00 3.794877456469844645e+01
-1.578811788511243819e+00 4.225027299390424673e+01
-1.561430029166457345e+00 4.819113743414619933e+01
-1.544048269821670871e+00 5.503435874985247267e+01
-1.526666510476884397e+00 6.173145189586521298e+01
-1.509284751132097924e+00 6.714218495256774588e+01
-1.491902991787311450e+00 7.027372542834515912e+01
-1.474521232442524976e+00 7.048231332039760844e+01
-1.457139473097738502e+00 6.759157883157557478e+01
-1.439757713752952029e+00 6.190369663924030874e+01
-1.422375954408172660e+00 5.410762186312171451e+01
-1.404994195063386186e+00 4.511497301922968006e+01
-1.387612435718599713e+00 3.587057634335572232e+01
-1.370230676373813239e+00 2.718611699220927136e+01
-1.352848917029026765e+00 1.963217935481919696e+01
-1.335467157684240291e+00 1.350213431355550142e+01
-1.318085398339453818e+00 8.839453389390998339e+00
-1.300703638994667344e+00 5.505424052670989887e+00
-1.283321879649880870e+00 3.260100150048568679e+00
-1.265940120305101502e+00 1.834261475852514867e+00
-1.248558360960315028e+00 9.799069914886852084e-01
-1.231176601615528554e+00 4.967048386347504563e-01
-1.213794842270742080e+00 2.387249126260945764e-01
-1.196413082925955607e+00 1.087135560459953909e-01
-1.179031323581169133e+00 4.687777172470872916e-02
-1.161649564236382659e+00 1.912811874239671306e-02
-1.144267804891596185e+00 7.381447436704670004e-03
-1.126886045546809711e+00 2.692377880681436769e-03
-1.109504286202030343e+00 9.277637656454502122e-04
-1.092122526857243869e+00 3.018896368183192238e-04
-1.074740767512457396e+00 9.272382915952673700e-05
-1.057359008167670922e+00 2.687258394241775876e-05
-1.039977248822884448e+00 7.346210921867506774e-06
-1.022595489478097974e+00 1.893787457113294580e-06
-1.005213730133311500e+00 4.602633741655350436e-07
-9.878319707885250267e-01 1.054377984181995181e-07
-9.704502114437385529e-01 2.276254302832363361e-08
-9.530684520989520792e-01 4.630315157247473938e-09
-9.356866927541727108e-01 8.873727041448844242e-10
-9.183049334093826843e-01 1.601976555501413304e-10
