# E-EF(eV)  DOS(states/eV)
-2.854022358946187410e+01 1.567086674140733866e-10
-2.852465529989015636e+01 7.255864769585418892e-10
-2.850908701031843862e+01 3.200613344089636125e-09
-2.849351872074672087e+01 1.345008762571324961e-08
-2.847795043117500668e+01 5.384741864808922698e-08
-2.846238214160328894e+01 2.053773475685154792e-07
-2.844681385203157120e+01 7.462564118318500049e-07
-2.843124556245985346e+01 2.583280132019280412e-06
-2.841567727288813572e+01 8.519279012134886185e-06
-2.840010898331641798e+01 2.676591639145810389e-05
-2.838454069374470379e+01 8.011417657000113228e-05
-2.836897240417298605e+01 2.284465914813222146e-04
-2.835340411460126830e+01 6.205948425552017429e-04
-2.833783582502955056e+01 1.606127442260503555e-03
-2.832226753545783282e+01 3.960048589267943335e-03
-2.830669924588611508e+01 9.301868697625548937e-03
-2.829113095631440089e+01 2.081564619583115353e-02
-2.827556266674268315e+01 4.437730619126092207e-02
-2.825999437717096541e+01 9.013334895773290889e-02
-2.824442608759924767e+01 1.744083110204996123e-01
-2.822885779802752992e+01 3.215227774536509320e-01
-2.821328950845581218e+01 5.647141413551417521e-01
-2.819772121888409444e+01 9.450032840644913001e-01
-2.818215292931238025e+01 1.506783134384271250e+00
-2.816658463974066251e+01 2.289400110251453402e+00
-2.815101635016894477e+01 3.315220207982505496e+00
-2.813544806059722703e+01 4.576466404259524445e+00
-2.811987977102550929e+01 6.024894910237609480e+00
-2.810431148145379154e+01 7.569216318612903116e+00
-2.808874319188207735e+01 9.084172394316659904e+00
-2.807317490231035961e+01 1.043204099137212104e+01
-2.805760661273864187e+01 1.149275724211879002e+01
-2.804203832316692413e+01 1.219448851726852823e+01
-2.802647003359520639e+01 1.253443951838705850e+01
-2.801090174402348865e+01 1.258134175986662129e+01
-2.799533345445177446e+01 1.245647882499205039e+01
-2.797976516488005672e+01 1.229749233347889614e+01
-2.796419687530833897e+01 1.221577941510382459e+01
-2.794862858573662123e+01 1.226129862475436028e+01
-2.793306029616490349e+01 1.240662782510080042e+01
-2.791749200659318575e+01 1.255572578237060632e+01
-2.790192371702146801e+01 1.257439544140495791e+01
-2.788635542744975382e+01 1.233213033791886559e+01
-2.787078713787803608e+01 1.174158047850888664e+01
-2.785521884830631834e+01 1.078345714457061533e+01
-2.783965055873460059e+01 9.510445722219088793e+00
-2.782408226916288285e+01 8.031159418402646466e+00
-2.780851397959116511e+01 6.481409378442822167e+00
-2.779294569001945092e+01 4.992938009511563635e+00
-2.777737740044773318e+01 3.668720291041712489e+00
-2.776180911087601544e+01 2.570063180534246428e+00
-2.774624082130429770e+01 1.716009131396479370e+00
-2.773067253173257996e+01 1.091856200936786703e+00
-2.771510424216086221e+01 6.619638071711473337e-01
-2.769953595258914447e+01 3.823816406832915571e-01
-2.768396766301743028e+01 2.104437391308358885e-01
-2.766839937344571254e+01 1.103418460001108631e-01
-2.765283108387399480e+01 5.511921527127472409e-02
-2.763726279430227706e+01 2.623132504951473584e-02
-2.762169450473055932e+01 1.189294262985555149e-02
-2.760612621515884157e+01 5.136990427281713616e-03
-2.759055792558712739e+01 2.113866580062506110e-03
-2.757498963601540964e+01 8.286958939333350770e-04
-2.755942134644369190e+01 3.095004179336912232e-04
-2.754385305687197416e+01 1.101223600891352271e-04
-2.752828476730025642e+01 3.732827004498940720e-05
-2.751271647772853868e+01 1.205447263105259470e-05
-2.749714818815682449e+01 3.708570293963743578e-06
-2.748157989858510675e+01 1.086957921424521547e-06
-2.746601160901338901e+01 3.035056959494752263e-07
-2.745044331944167126e+01 8.073630057000428925e-08
-2.743487502986995352e+01 2.046061689646933078e-08
-2.741930674029823578e+01 4.939880887781869010e-09
-2.740373845072652159e+01 1.136219261513471525e-09
-2.738817016115480385e+01 2.489757815893111952e-10
-2.737260187158308611e+01 5.198093545590536502e-11
-2.735703358201136837e+01 1.037175900082269539e-11
-2.734146529243965063e+01 2.164854019469946528e-12
-2.732589700286793288e+01 1.514009336889169476e-12
-2.731032871329621514e+01 6.278366925652679306e-12
-2.729476042372450095e+01 3.174588349429610382e-11
-2.727919213415278321e+01 1.543258213550599721e-10
-2.726362384458106547e+01 7.149436852626917696e-10
-2.724805555500934773e+01 3.155479473625472098e-09
-2.723248726543762999e+01 1.326836734329988392e-08
-2.721691897586591224e+01 5.315339405258528710e-08
-2.720135068629419806e+01 2.028661638967630925e-07
-2.718578239672248031e+01 7.376631434142512784e-07
-2.717021410715076257e+01 2.555538796925026099e-06
-2.715464581757904483e+01 8.435106449191121048e-06
-2.713907752800732709e+01 2.652725415159883993e-05
-2.712350923843560935e+01 7.948778803054651733e-05
-2.710794094886389161e+01 2.269505510078525590e-04
-2.709237265929217742e+01 6.174556110589541312e-04
-2.707680436972045968e+01 1.600850632224967273e-03
-2.706123608014874193e+01 3.955496526786454921e-03
-2.704566779057702419e+01 9.315383558371258949e-03
-2.703009950100530645e+01 2.091255607839757544e-02
-2.701453121143358871e+01 4.476036006580499937e-02
-2.699896292186187452e+01 9.135966762768604754e-02
-2.698339463229015678e+01 1.778734932608364294e-01
-2.696782634271843904e+01 3.304603603220810371e-01
-2.695225805314672129e+01 5.861086867400188138e-01
-2.693668976357500355e+01 9.929829011456705601e-01
-2.692112147400328581e+01 1.608173342204077594e+00
-2.690555318443156807e+01 2.492057750232131053e+00
-2.688998489485985388e+01 3.699347330264984635e+00
-2.687441660528813614e+01 5.268162373603316517e+00
-2.685884831571641840e+01 7.209697091690555837e+00
-2.684328002614470066e+01 9.501534713007234956e+00
-2.682771173657298291e+01 1.208694997344928623e+01
-2.681214344700126517e+01 1.488060934925326961e+01
-2.679657515742955098e+01 1.777868205212467601e+01
-2.678100686785783324e+01 2.066969342351717387e+01
-2.676543857828611550e+01 2.344248412883651866e+01
-2.674987028871439776e+01 2.598952037444126617e+01
-2.673430199914268002e+01 2.820659058851181911e+01
-2.671873370957096228e+01 2.999207895223323561e+01
-2.670316541999924809e+01 3.124931043007592635e+01
-2.668759713042753035e+01 3.189379716960841904e+01
-2.667202884085581260e+01 3.186461551527566272e+01
-2.665646055128409486e+01 3.113707884474298382e+01
-2.664089226171237712e+01 2.973329201505588060e+01
-2.662532397214065938e+01 2.772798241838435018e+01
-2.660975568256894519e+01 2.524832105606410337e+01
-2.659418739299722745e+01 2.246738401767651183e+01
-2.657861910342550971e+01 1.959121551131383754e+01
-2.656305081385379196e+01 1.683960860020564709e+01
-2.654748252428207422e+01 1.442141160165497027e+01
-2.653191423471035648e+01 1.250669069461977045e+01
-2.651634594513863874e+01 1.120003558373132080e+01
-2.650077765556692455e+01 1.052077771110838356e+01
-2.648520936599520681e+01 1.039594944616308680e+01
-2.646964107642348907e+01 1.066991745497880295e+01
-2.645407278685177133e+01 1.113093728587181275e+01
-2.643850449728005358e+01 1.155029754397774511e+01
-2.642293620770833584e+01 1.172568903700134513e+01
-2.640736791813662165e+01 1.151848285368231295e+01
-2.639179962856490391e+01 1.087574452288844284e+01
-2.637623133899318617e+01 9.831978299463900228e+00
-2.636066304942146843e+01 8.491471421215848636e+00
-2.634509475984975069e+01 6.997583010765003664e+00
-2.632952647027803295e+01 5.498406174390416012e+00
-2.631395818070631520e+01 4.117964936976100887e+00
-2.629838989113460102e+01 2.938954611632698555e+00
-2.628282160156288327e+01 1.998554326794633962e+00
-2.626725331199116553e+01 1.294861035756291745e+00
-2.625168502241944779e+01 7.992791460007274695e-01
-2.623611673284773005e+01 4.700380187672101862e-01
-2.622054844327601231e+01 2.633429630458001269e-01
-2.620498015370429812e+01 1.405601120322819697e-01
-2.618941186413258038e+01 7.147498636278813711e-02
-2.617384357456086263e+01 3.462644875916249393e-02
-2.615827528498914489e+01 1.598471348337960826e-02
-2.614270699541742715e+01 7.041117925197974171e-03
-2.612713870584570941e+01 2.989155417656301321e-03
-2.611157041627399167e+01 1.309198019834177619e-03
-2.609600212670227748e+01 8.217348500322992858e-04
-2.608043383713055974e+01 1.157147909121993262e-03
-2.606486554755884200e+01 2.571492162965649964e-03
-2.604929725798712425e+01 6.075229799006097095e-03
-2.603372896841540651e+01 1.389851867256400829e-02
-2.601816067884369232e+01 3.035993289173732901e-02
-2.600259238927197458e+01 6.319966906390982186e-02
-2.598702409970025684e+01 1.253415165671584730e-01
-2.597145581012853910e+01 2.368238561778798490e-01
-2.595588752055682136e+01 4.262890323898053113e-01
-2.594031923098510362e+01 7.310225658671332116e-01
-2.592475094141338587e+01 1.194277583417772126e+00
-2.590918265184167169e+01 1.858778522303447645e+00
-2.589361436226995394e+01 2.756118445300236974e+00
-2.587804607269823620e+01 3.893283026597465835e+00
-2.586247778312651846e+01 5.239404659567388656e+00
-2.584690949355480072e+01 6.717315927343077142e+00
-2.583134120398308298e+01 8.204601152879364534e+00
-2.581577291441136879e+01 9.547002580806973171e+00
-2.580020462483965105e+01 1.058338203921364240e+01
-2.578463633526793330e+01 1.117711645871507997e+01
-2.576906804569621556e+01 1.124560831126656879e+01
-2.575349975612449782e+01 1.077913780506961672e+01
-2.573793146655278008e+01 9.843126476274500547e+00
-2.572236317698106234e+01 8.563086998329062283e+00
-2.570679488740934815e+01 7.097034794890719311e+00
-2.569122659783763041e+01 5.603722892543898659e+00
-2.567565830826591267e+01 4.215448598116006806e+00
-2.566009001869419492e+01 3.021561269665298699e+00
-2.564452172912247718e+01 2.064600892175732394e+00
-2.562895343955075944e+01 1.347055083721320212e+00
-2.561338514997904525e+01 8.443975382579821387e-01
-2.559781686040732751e+01 5.197570525325789781e-01
-2.558224857083560977e+01 3.367584212630505558e-01
-2.556668028126389203e+01 2.688258536142241195e-01
-2.555111199169217429e+01 3.046732935875630099e-01
-2.553554370212045654e+01 4.503627540777596638e-01
-2.551997541254873880e+01 7.282177699599657883e-01
-2.550440712297702461e+01 1.172428961336759334e+00
-2.548883883340530687e+01 1.820932413981640519e+00
-2.547327054383358913e+01 2.703545842530470367e+00
-2.545770225426187139e+01 3.827569837632367022e+00
-2.544213396469015365e+01 5.163792407840809062e+00
-2.542656567511843946e+01 6.637303918596133556e+00
-2.541099738554672172e+01 8.127761054950509489e+00
-2.539542909597500397e+01 9.482035384898791719e+00
-2.537986080640328623e+01 1.053863408861574591e+01
-2.536429251683156849e+01 1.115897998548712522e+01
-2.534872422725985075e+01 1.125736206519336591e+01
-2.533315593768813301e+01 1.082077098353421540e+01
-2.531758764811641527e+01 9.912543881918827182e+00
-2.530201935854470108e+01 8.658893612883998614e+00
-2.528645106897298334e+01 7.222938979655458169e+00
-2.527088277940126559e+01 5.774515545771939706e+00
-2.525531448982954785e+01 4.464433642549846759e+00
-2.523974620025783011e+01 3.409049684288800730e+00
-2.522417791068611592e+01 2.686443093317240738e+00
-2.520860962111439818e+01 2.341122916427557765e+00
-2.519304133154268044e+01 2.391677652430119316e+00
-2.517747304197096270e+01 2.835871106549492371e+00
-2.516190475239924496e+01 3.650096000514130523e+00
-2.514633646282752721e+01 4.783767731533528078e+00
-2.513076817325580947e+01 6.152733886672220542e+00
-2.511519988368409528e+01 7.637691899246711102e+00
-2.509963159411237754e+01 9.093008489104674297e+00
-2.508406330454065980e+01 1.036811916037174441e+01
-2.506849501496894206e+01 1.133878313090686873e+01
-2.505292672539722432e+01 1.194065129389136004e+01
-2.503735843582550658e+01 1.219486313010045109e+01
-2.502179014625379239e+01 1.221608228435726495e+01
-2.500622185668207464e+01 1.219758727517304031e+01
-2.499065356711035690e+01 1.237446900270693817e+01
-2.497508527753863916e+01 1.297254305135177255e+01
-2.495951698796692142e+01 1.415517541246297029e+01
-2.494394869839520368e+01 1.598147920419187784e+01
-2.492838040882348594e+01 1.838691736043386626e+01
-2.491281211925177175e+01 2.119185006357510304e+01
-2.489724382968005401e+01 2.413636178087575956e+01
-2.488167554010833626e+01 2.693268201989009825e+01
-2.486610725053661852e+01 2.932173618039182372e+01
-2.485053896096490078e+01 3.111946248515839031e+01
-2.483497067139318304e+01 3.224200202774429158e+01
-2.481940238182146885e+01 3.270562823743490810e+01
-2.480383409224975111e+01 3.260491649771354616e+01
-2.478826580267803337e+01 3.207839518067035556e+01
-2.477269751310631563e+01 3.127288325900824262e+01
-2.475712922353459788e+01 3.031572697482071987e+01
-2.474156093396288014e+01 2.929964870572276325e+01
-2.472599264439116240e+01 2.828011272349644400e+01
-2.471042435481944821e+01 2.728180062195063726e+01
-2.469485606524773047e+01 2.630964068127760669e+01
-2.467928777567601273e+01 2.536037487757635844e+01
-2.466371948610429499e+01 2.443187444147345744e+01
-2.464815119653257725e+01 2.352856825044685607e+01
-2.463258290696086306e+01 2.266229911759884175e+01
-2.461701461738914531e+01 2.184897419639619542e+01
-2.460144632781742757e+01 2.110268359168473751e+01
-2.458587803824570983e+01 2.043010144351174517e+01
-2.457030974867399209e+01 1.982810030922109235e+01
-2.455474145910227435e+01 1.928602341614380578e+01
-2.453917316953055661e+01 1.879139205494266918e+01
-2.452360487995883886e+01 1.833546271531962191e+01
-2.450803659038712468e+01 1.791470149986094285e+01
-2.449246830081540693e+01 1.752659372392440318e+01
-2.447690001124368919e+01 1.716216241176143242e+01
-2.446133172167197145e+01 1.680070227803823002e+01
-2.444576343210025371e+01 1.641225462725757467e+01
-2.443019514252853952e+01 1.596967414213023062e+01
-2.441462685295682178e+01 1.546649016629430129e+01
-2.439905856338510404e+01 1.493229256495465229e+01
-2.438349027381338630e+01 1.443682813648795182e+01
-2.436792198424166855e+01 1.407807551884416952e+01
-2.435235369466995081e+01 1.395644498970038150e+01
-2.433678540509823307e+01 1.414354784250074992e+01
-2.432121711552651533e+01 1.465660535166661305e+01
-2.430564882595480114e+01 1.544733515138540625e+01
-2.429008053638308340e+01 1.640832614698494041e+01
-2.427451224681136566e+01 1.739342368438027719e+01
-2.425894395723964792e+01 1.824448518168782840e+01
-2.424337566766793373e+01 1.881654528949965410e+01
-2.422780737809621598e+01 1.899634651194419632e+01
-2.421223908852449824e+01 1.871319617165454829e+01
-2.419667079895278050e+01 1.794389092164193045e+01
-2.418110250938106276e+01 1.671387477358672058e+01
-2.416553421980934502e+01 1.509541160076269684e+01
-2.414996593023762728e+01 1.320197842629636220e+01
-2.413439764066590953e+01 1.117778879473108056e+01
-2.411882935109419535e+01 9.182657413030380411e+00
-2.410326106152247760e+01 7.374379581982198673e+00
-2.408769277195075986e+01 5.891990196656040624e+00
-2.407212448237904212e+01 4.842813095693588643e+00
-2.405655619280732438e+01 4.294394988842822336e+00
-2.404098790323561019e+01 4.270460844353914709e+00
-2.402541961366389245e+01 4.749253182600842393e+00
-2.400985132409217471e+01 5.663563082944341964e+00
-2.399428303452045697e+01 6.903784217238984056e+00
-2.397871474494873922e+01 8.326929789014027250e+00
-2.396314645537702148e+01 9.774261102147852043e+00
-2.394757816580530374e+01 1.109743516427585242e+01
-2.393200987623358600e+01 1.218875412390787716e+01
-2.391644158666187181e+01 1.300721101707100757e+01
-2.390087329709015407e+01 1.359080369275713274e+01
-2.388530500751843633e+01 1.404829683063396040e+01
-2.386973671794671858e+01 1.452976503992355184e+01
-2.385416842837500084e+01 1.518267043750005563e+01
-2.383860013880328665e+01 1.610596366574358740e+01
-2.382303184923156891e+01 1.731634256427631513e+01
-2.380746355965985117e+01 1.873755663135379024e+01
-2.379189527008813343e+01 2.021660949082117043e+01
-2.377632698051641569e+01 2.156235988912048640e+01
-2.376075869094469795e+01 2.259518182127001040e+01
-2.374519040137298020e+01 2.319318515125946689e+01
-2.372962211180126246e+01 2.332189394559515705e+01
-2.371405382222954827e+01 2.303965983244805216e+01
-2.369848553265783053e+01 2.247868446815358823e+01
-2.368291724308611279e+01 2.180889539646668851e+01
-2.366734895351439505e+01 2.119665342588655221e+01
-2.365178066394267731e+01 2.077078787739086962e+01
-2.363621237437096312e+01 2.060466940683878079e+01
-2.362064408479924538e+01 2.071651865899852751e+01
-2.360507579522752764e+01 2.108360837156469714e+01
-2.358950750565580989e+01 2.166208035766044659e+01
-2.357393921608409215e+01 2.240408738685932732e+01
-2.355837092651237441e+01 2.326728199354355198e+01
-2.354280263694065667e+01 2.421622020379313511e+01
-2.352723434736894248e+01 2.521868124210283568e+01
-2.351166605779722474e+01 2.624088615481581144e+01
-2.349609776822550700e+01 2.724434109901375223e+01
-2.348052947865378925e+01 2.818487716243707197e+01
-2.346496118908207151e+01 2.901289811122676099e+01
-2.344939289951035732e+01 2.967366079437342563e+01
-2.343382460993863958e+01 3.010740842776882431e+01
-2.341825632036692184e+01 3.025051725834839544e+01
-2.340268803079520410e+01 3.003958259017582932e+01
-2.338711974122348636e+01 2.941999794784932831e+01
-2.337155145165176862e+01 2.835903725830116784e+01
-2.335598316208005087e+01 2.686119565522149344e+01
-2.334041487250833313e+01 2.498139752956219439e+01
-2.332484658293661894e+01 2.283059716545699303e+01
-2.330927829336490120e+01 2.056905966021052379e+01
-2.329371000379318346e+01 1.838546090855546211e+01
-2.327814171422146572e+01 1.646432491018624589e+01
-2.326257342464974798e+01 1.494888114610989760e+01
-2.324700513507803379e+01 1.390943813599225187e+01
-2.323143684550631605e+01 1.332736271860788868e+01
-2.321586855593459831e+01 1.310119657864298404e+01
-2.320030026636288056e+01 1.307511447560436935e+01
-2.318473197679116282e+01 1.308280270730319295e+01
-2.316916368721944508e+01 1.299442528075852188e+01
-2.315359539764772734e+01 1.275275329495225307e+01
-2.313802710807600960e+01 1.238757099705066800e+01
-2.312245881850429541e+01 1.200424164180755326e+01
-2.310689052893257767e+01 1.175048877539847325e+01
-2.309132223936085992e+01 1.177215036722223296e+01
-2.307575394978914218e+01 1.217159199766973643e+01
-2.306018566021742444e+01 1.298075429397811753e+01
-2.304461737064571025e+01 1.415529639870301004e+01
-2.302904908107399251e+01 1.558913028919903532e+01
-2.301348079150227477e+01 1.714242202560170369e+01
-2.299791250193055703e+01 1.867293760281352633e+01
-2.298234421235883929e+01 2.006123284577041943e+01
-2.296677592278712154e+01 2.122393572479218093e+01
-2.295120763321540380e+01 2.211445475216488532e+01
-2.293563934364368606e+01 2.271481362870149212e+01
-2.292007105407197187e+01 2.302450490977998854e+01
-2.290450276450025413e+01 2.305188875645227142e+01
-2.288893447492853639e+01 2.281132718629060463e+01
-2.287336618535681865e+01 2.232604094477897050e+01
-2.285779789578510446e+01 2.163375340400310876e+01
-2.284222960621338672e+01 2.079050021624533429e+01
-2.282666131664166898e+01 1.986820286749550135e+01
-2.281109302706995123e+01 1.894393042303566688e+01
-2.279552473749823349e+01 1.808264538720102266e+01
-2.277995644792651575e+01 1.731918966905175239e+01
-2.276438815835479801e+01 1.664735392208760345e+01
-2.274881986878308027e+01 1.602256666976645505e+01
-2.273325157921136608e+01 1.537997105795864350e+01
-2.271768328963964834e+01 1.466318271447352650e+01
-2.270211500006793059e+01 1.385374790547234802e+01
-2.268654671049621285e+01 1.298986382445784216e+01
-2.267097842092449511e+01 1.216622417143713442e+01
-2.265541013135278092e+01 1.151366015762288519e+01
-2.263984184178106318e+01 1.116473241435542185e+01
-2.262427355220934544e+01 1.121654998758732980e+01
-2.260870526263762770e+01 1.170292986281928727e+01
-2.259313697306590996e+01 1.258446907601374498e+01
-2.257756868349419221e+01 1.375877682084359854e+01
-2.256200039392247447e+01 1.508652686074858451e+01
-2.254643210435075673e+01 1.642455786422122443e+01
-2.253086381477904254e+01 1.765635321876525765e+01
-2.251529552520732480e+01 1.871270319705394414e+01
-2.249972723563560706e+01 1.957960898536142125e+01
-2.248415894606388932e+01 2.029436525952269932e+01
-2.246859065649217158e+01 2.093269617306791730e+01
-2.245302236692045739e+01 2.158974420585599674e+01
-2.243745407734873965e+01 2.235697396721333874e+01
-2.242188578777702190e+01 2.329734705575537745e+01
-2.240631749820530416e+01 2.442304484562851030e+01
-2.239074920863358642e+01 2.568233154316117606e+01
-2.237518091906186868e+01 2.696246568094877460e+01
-2.235961262949015094e+01 2.811208311505064117e+01
-2.234404433991843320e+01 2.897962449421395803e+01
-2.232847605034671901e+01 2.945709140831201722e+01
-2.231290776077500126e+01 2.951458626220767556e+01
-2.229733947120328352e+01 2.921319857489361738e+01
-2.228177118163156578e+01 2.869124195678718792e+01
-2.226620289205984804e+01 2.812819016224215218e+01
-2.225063460248813385e+01 2.769767785209029398e+01
-2.223506631291641611e+01 2.752302812872285642e+01
-2.221949802334469837e+01 2.764619554969400994e+01
-2.220392973377298063e+01 2.801614874182353887e+01
-2.218836144420126288e+01 2.849812207395789798e+01
-2.217279315462954514e+01 2.890192988140672270e+01
-2.215722486505782740e+01 2.902507102875775757e+01
-2.214165657548610966e+01 2.870359078814841070e+01
-2.212608828591439547e+01 2.786054595295062342e+01
-2.211051999634267773e+01 2.653986523942341336e+01
-2.209495170677095999e+01 2.491443479953676743e+01
-2.207938341719924225e+01 2.326241865992743030e+01
-2.206381512762752806e+01 2.191418189876562295e+01
-2.204824683805581031e+01 2.118098318861744644e+01
-2.203267854848409257e+01 2.128265051329670499e+01
-2.201711025891237483e+01 2.229259404371657638e+01
-2.200154196934065709e+01 2.411442576910954472e+01
-2.198597367976893935e+01 2.649651450456759250e+01
-2.197040539019722161e+01 2.908131520541278192e+01
-2.195483710062550387e+01 3.147773335407168105e+01
-2.193926881105378968e+01 3.333920476942003575e+01
-2.192370052148207193e+01 3.442898448364926622e+01
-2.190813223191035419e+01 3.465776775398188647e+01
-2.189256394233863645e+01 3.408639317657966217e+01
-2.187699565276691871e+01 3.289590750633047378e+01
-2.186142736319520452e+01 3.133579173474699786e+01
-2.184585907362348678e+01 2.966590281033962029e+01
-2.183029078405176904e+01 2.810721502244675918e+01
-2.181472249448005130e+01 2.681129793160017982e+01
-2.179915420490833355e+01 2.585101764355556142e+01
-2.178358591533661581e+01 2.522830614016170614e+01
-2.176801762576489807e+01 2.489139733010997446e+01
-2.175244933619318033e+01 2.475430192263530316e+01
-2.173688104662146614e+01 2.471427732526293042e+01
-2.172131275704974840e+01 2.466647428619890192e+01
-2.170574446747803066e+01 2.451691415986253730e+01
-2.169017617790631292e+01 2.419473943426860174e+01
-2.167460788833459517e+01 2.366287669428782081e+01
-2.165903959876288098e+01 2.292427494156683210e+01
-2.164347130919116324e+01 2.202020692188624196e+01
-2.162790301961944550e+01 2.101857747682531041e+01
-2.161233473004772776e+01 1.999354724160389196e+01
-2.159676644047601002e+01 1.900176151722761730e+01
-2.158119815090429228e+01 1.806316829230771503e+01
-2.156562986133257454e+01 1.715415363725325548e+01
-2.155006157176085679e+01 1.621703150862138187e+01
-2.153449328218914260e+01 1.518397563185059163e+01
-2.151892499261742486e+01 1.400773661993282637e+01
-2.150335670304570712e+01 1.268852543495379237e+01
-2.148778841347398938e+01 1.128761286738033931e+01
-2.147222012390227519e+01 9.922907655689570561e+00
-2.145665183433055745e+01 8.747887764357251683e+00
-2.144108354475883971e+01 7.920265639798156343e+00
-2.142551525518712197e+01 7.569055617163358285e+00
-2.140994696561540422e+01 7.768115500306109311e+00
-2.139437867604368648e+01 8.521696767227863845e+00
-2.137881038647196874e+01 9.764277990513287264e+00
-2.136324209690025100e+01 1.137381245107769345e+01
-2.134767380732853681e+01 1.319485756579378943e+01
-2.133210551775681907e+01 1.506609918707110651e+01
-2.131653722818510133e+01 1.684593295293563742e+01
-2.130096893861338359e+01 1.843047700586801341e+01
-2.128540064904166584e+01 1.976074707367824956e+01
-2.126983235946995165e+01 2.081907635941315249e+01
-2.125426406989823391e+01 2.161796469854500202e+01
-2.123869578032651617e+01 2.218617918178551918e+01
-2.122312749075479843e+01 2.255659719209611325e+01
-2.120755920118308069e+01 2.275842734152415048e+01
-2.119199091161136295e+01 2.281411053041000159e+01
-2.117642262203964520e+01 2.273941325509160905e+01
-2.116085433246792746e+01 2.254452983433862912e+01
-2.114528604289621327e+01 2.223444238140367091e+01
-2.112971775332449553e+01 2.180804643037700785e+01
-2.111414946375277779e+01 2.125713717051023366e+01
-2.109858117418106005e+01 2.056758510037790089e+01
-2.108301288460934231e+01 1.972514202154504659e+01
-2.106744459503762812e+01 1.872680951661531168e+01
-2.105187630546591038e+01 1.759582710296531971e+01
-2.103630801589419264e+01 1.639529461151593637e+01
-2.102073972632247489e+01 1.523393872098339230e+01
-2.100517143675075715e+01 1.425884315257911261e+01
-2.098960314717903941e+01 1.363406716041340871e+01
-2.097403485760732167e+01 1.350947460718197313e+01
-2.095846656803560393e+01 1.398846053158298375e+01
-2.094289827846388974e+01 1.510458181445316761e+01
-2.092732998889217200e+01 1.681464119345243446e+01
-2.091176169932045426e+01 1.901040127181014228e+01
-2.089619340974873651e+01 2.154486078342266353e+01
-2.088062512017701877e+01 2.426426942305208101e+01
-2.086505683060530458e+01 2.703554581472312179e+01
-2.084948854103358684e+01 2.976099892789456547e+01
-2.083392025146186910e+01 3.237730775167620578e+01
-2.081835196189015136e+01 3.484157848317644124e+01
-2.080278367231843362e+01 3.711167996276910230e+01
-2.078721538274671587e+01 3.912934772205611011e+01
-2.077164709317499813e+01 4.081253549257823465e+01
-2.075607880360328039e+01 4.205943078762429366e+01
-2.074051051403156620e+01 4.276244113914922451e+01
-2.072494222445984846e+01 4.282793177937590912e+01
-2.070937393488813072e+01 4.219696312129656235e+01
-2.069380564531641298e+01 4.086292801059447299e+01
-2.067823735574469879e+01 3.888266937786423227e+01
-2.066266906617298105e+01 3.637794785912177531e+01
-2.064710077660126331e+01 3.352474124135711264e+01
-2.063153248702954556e+01 3.052996634755689698e+01
-2.061596419745782782e+01 2.759917017299262909e+01
-2.060039590788611008e+01 2.490323575131862555e+01
-2.058482761831439234e+01 2.255464594419403213e+01
-2.056925932874267460e+01 2.060211293177686187e+01
-2.055369103917096041e+01 1.904615280989068893e+01
-2.053812274959924267e+01 1.786975369064753139e+01
-2.052255446002752493e+01 1.707149075425980556e+01
-2.050698617045580718e+01 1.668664992769755528e+01
-2.049141788088409299e+01 1.678621446575791865e+01
-2.047584959131237525e+01 1.745219303315684556e+01
-2.046028130174065751e+01 1.873709507083514580e+01
-2.044471301216893977e+01 2.062169302429950690e+01
-2.042914472259722203e+01 2.298639471541547863e+01
-2.041357643302550429e+01 2.560759395480141265e+01
-2.039800814345378654e+01 2.818300786799200353e+01
-2.038243985388206880e+01 3.038169382578060507e+01
-2.036687156431035106e+01 3.190742577703540661e+01
-2.035130327473863332e+01 3.256003761097215232e+01
-2.033573498516691913e+01 3.227917447284103503e+01
-2.032016669559520139e+01 3.115889160444270445e+01
-2.030459840602348365e+01 2.942903630296686046e+01
-2.028903011645176946e+01 2.740849803626818826e+01
-2.027346182688005172e+01 2.544335735769501028e+01
-2.025789353730833398e+01 2.384671092801619707e+01
-2.024232524773661623e+01 2.285474981823972840e+01
-2.022675695816489849e+01 2.260619030142055053e+01
-2.021118866859318075e+01 2.314260542228228346e+01
-2.019562037902146301e+01 2.442003537362145593e+01
-2.018005208944974527e+01 2.632095397430548189e+01
-2.016448379987802753e+01 2.866077812846951289e+01
-2.014891551030630978e+01 3.119166741192237780e+01
-2.013334722073459560e+01 3.361328866600262444e+01
-2.011777893116287785e+01 3.560101532527027501e+01
-2.010221064159116011e+01 3.685536160490720903e+01
-2.008664235201944592e+01 3.716512301416172903e+01
-2.007107406244772818e+01 3.646635855825404349e+01
-2.005550577287601044e+01 3.487560323300621690e+01
-2.003993748330429270e+01 3.268116207999337774e+01
-2.002436919373257496e+01 3.028929938770042085e+01
-2.000880090416085721e+01 2.813743041218748786e+01
-1.999323261458913947e+01 2.659791653846040660e+01
-1.997766432501742173e+01 2.589938721406957001e+01
-1.996209603544570399e+01 2.608670026563247291e+01
-1.994652774587398980e+01 2.702817974974276538e+01
-1.993095945630227206e+01 2.846426697530016980e+01
-1.991539116673055432e+01 3.008013481627257590e+01
-1.989982287715884013e+01 3.157973147968116479e+01
-1.988425458758712239e+01 3.274127030442237896e+01
-1.986868629801540465e+01 3.344279511183797382e+01
-1.985311800844368690e+01 3.365751003064562497e+01
-1.983754971887196916e+01 3.342783959764305735e+01
-1.982198142930025142e+01 3.283155306257675932e+01
-1.980641313972853368e+01 3.195197562464471375e+01
-1.979084485015681594e+01 3.085905042079460614e+01
-1.977527656058509820e+01 2.960197050601438207e+01
-1.975970827101338045e+01 2.821014030951246809e+01
-1.974413998144166627e+01 2.669851176293519046e+01
-1.972857169186994852e+01 2.507497964000412694e+01
-1.971300340229823078e+01 2.334942719917145837e+01
-1.969743511272651659e+01 2.154438026458445421e+01
-1.968186682315479885e+01 1.970569756320486476e+01
-1.966629853358308111e+01 1.790955741870553197e+01
-1.965073024401136337e+01 1.626118211026895821e+01
-1.963516195443964563e+01 1.488261793091599650e+01
-1.961959366486792788e+01 1.389117949903437221e+01
-1.960402537529621014e+01 1.337494764857324725e+01
-1.958845708572449240e+01 1.337438591053784087e+01
-1.957288879615277466e+01 1.387785416239068503e+01
-1.955732050658105692e+01 1.483352575863235678e+01
-1.954175221700934273e+01 1.617298097347466168e+01
-1.952618392743762499e+01 1.783583352277360490e+01
-1.951061563786590725e+01 1.978320627220605488e+01
-1.949504734829419306e+01 2.199202917731108897e+01
-1.947947905872247532e+01 2.443072435883789950e+01
-1.946391076915075757e+01 2.702632111752772914e+01
-1.944834247957903983e+01 2.963901750021204151e+01
-1.943277419000732209e+01 3.205946269649916047e+01
-1.941720590043560435e+01 3.403619415275927906e+01
-1.940163761086388661e+01 3.532859619582164612e+01
-1.938606932129216887e+01 3.576946315763837703e+01
-1.937050103172045112e+01 3.531569965211507878e+01
-1.935493274214873693e+01 3.406850269167975398e+01
-1.933936445257701919e+01 3.225461176788707007e+01
-1.932379616300530145e+01 3.017377465088483390e+01
-1.930822787343358371e+01 2.812901070607903975e+01
-1.929265958386186952e+01 2.636118972069453648e+01
-1.927709129429015178e+01 2.500643399224862407e+01
-1.926152300471843404e+01 2.408578187129102588e+01
-1.924595471514671630e+01 2.352550203665722961e+01
-1.923038642557499855e+01 2.319766415292210127e+01
-1.921481813600328081e+01 2.296664263972642672e+01
-1.919924984643156307e+01 2.272836364730342851e+01
-1.918368155685984533e+01 2.243366680932163248e+01
-1.916811326728812759e+01 2.209289935916457281e+01
-1.915254497771641340e+01 2.176400120604087718e+01
-1.913697668814469566e+01 2.152990535030044583e+01
-1.912140839857297792e+01 2.147269189967666136e+01
-1.910584010900126373e+01 2.165150988625656581e+01
-1.909027181942954599e+01 2.208903020823878549e+01
-1.907470352985782824e+01 2.276784697749926067e+01
-1.905913524028611050e+01 2.363506482610137027e+01
-1.904356695071439276e+01 2.461159864002022601e+01
-1.902799866114267502e+01 2.560304391099646537e+01
-1.901243037157095728e+01 2.651074173083467400e+01
-1.899686208199923954e+01 2.724338803377173690e+01
-1.898129379242752179e+01 2.772985173643744616e+01
-1.896572550285580405e+01 2.793246498064013394e+01
-1.895015721328408986e+01 2.785793124824441236e+01
-1.893458892371237212e+01 2.756179192247475740e+01
-1.891902063414065438e+01 2.714322488228869190e+01
-1.890345234456894019e+01 2.672966141981276778e+01
-1.888788405499722245e+01 2.645396875379134727e+01
-1.887231576542550471e+01 2.642915722919601862e+01
-1.885674747585378697e+01 2.672590587046694921e+01
-1.884117918628206922e+01 2.735701496234454666e+01
-1.882561089671035148e+01 2.827125640820124275e+01
-1.881004260713863374e+01 2.935782267163836323e+01
-1.879447431756691600e+01 3.046161165836744189e+01
-1.877890602799519826e+01 3.140820866390168220e+01
-1.876333773842348052e+01 3.203516476781796030e+01
-1.874776944885176633e+01 3.222358036401022474e+01
-1.873220115928004859e+01 3.192256315105916542e+01
-1.871663286970833084e+01 3.116020742658973575e+01
-1.870106458013661666e+01 3.003840628302805982e+01
-1.868549629056489891e+01 2.871352053956626094e+01
-1.866992800099318117e+01 2.736845147592662642e+01
-1.865435971142146343e+01 2.618256451598319501e+01
-1.863879142184974569e+01 2.530448088067230827e+01
-1.862322313227802795e+01 2.483063528715530666e+01
-1.860765484270631021e+01 2.479130879531037479e+01
-1.859208655313459246e+01 2.514592055254940561e+01
-1.857651826356287472e+01 2.578959079237919028e+01
-1.856094997399116053e+01 2.657186106476137155e+01
-1.854538168441944279e+01 2.732546230156182787e+01
-1.852981339484772505e+01 2.789927459629783257e+01
-1.851424510527601086e+01 2.818724778192319036e+01
-1.849867681570429312e+01 2.814574181306908329e+01
-1.848310852613257538e+01 2.779555393099170146e+01
-1.846754023656085764e+01 2.721010710735373550e+01
-1.845197194698913989e+01 2.649540855302985065e+01
-1.843640365741742215e+01 2.576867770075350705e+01
-1.842083536784570441e+01 2.514085553169105580e+01
-1.840526707827399022e+01 2.470491045371347028e+01
-1.838969878870227248e+01 2.452883528117282452e+01
-1.837413049913055474e+01 2.465079168006948152e+01
-1.835856220955883700e+01 2.507422907331876161e+01
-1.834299391998711926e+01 2.576238104699925557e+01
-1.832742563041540151e+01 2.663348232025534656e+01
-1.831185734084368733e+01 2.755966057141936787e+01
-1.829628905127196958e+01 2.837319013642004961e+01
-1.828072076170025184e+01 2.888312536952935972e+01
-1.826515247212853410e+01 2.890292235581298641e+01
-1.824958418255681636e+01 2.828581488779731146e+01
-1.823401589298509862e+01 2.696070258457803703e+01
-1.821844760341338088e+01 2.495904072413788555e+01
-1.820287931384166669e+01 2.242423601041173242e+01
-1.818731102426994894e+01 1.959946064768302421e+01
-1.817174273469823120e+01 1.679594541111124784e+01
-1.815617444512651346e+01 1.434905966618287110e+01
-1.814060615555479572e+01 1.257166814335716865e+01
-1.812503786598307798e+01 1.171290027579844839e+01
-1.810946957641136379e+01 1.192698069136425332e+01
-1.809390128683964605e+01 1.325346693764955930e+01
-1.807833299726792831e+01 1.560889202318577951e+01
-1.806276470769621056e+01 1.879057881660401819e+01
-1.804719641812449282e+01 2.249480508050870142e+01
-1.803162812855277508e+01 2.635141041734770084e+01
-1.801605983898106089e+01 2.997394683264734638e+01
-1.800049154940934315e+01 3.301896635586426498e+01
-1.798492325983762541e+01 3.524228089260405028e+01
-1.796935497026590767e+01 3.653720508274589918e+01
-1.795378668069418993e+01 3.694237280948316737e+01
-1.793821839112247218e+01 3.661495492116156214e+01
-1.792265010155075444e+01 3.577647169019613926e+01
-1.790708181197904025e+01 3.464839558499996741e+01
-1.789151352240732251e+01 3.339887716280176733e+01
-1.787594523283560477e+01 3.211789608480756897e+01
-1.786037694326388703e+01 3.082715047463099367e+01
-1.784480865369216929e+01 2.951743502399822816e+01
-1.782924036412045155e+01 2.819576295191043513e+01
-1.781367207454873736e+01 2.692139036865163604e+01
-1.779810378497701961e+01 2.581528387528355140e+01
-1.778253549540530187e+01 2.503888378038460516e+01
-1.776696720583358413e+01 2.475037052845911134e+01
-1.775139891626186639e+01 2.505506764342506187e+01
-1.773583062669014865e+01 2.596814242511238646e+01
-1.772026233711843446e+01 2.740244820368311096e+01
-1.770469404754671672e+01 2.918488481707117188e+01
-1.768912575797499898e+01 3.109495839486316271e+01
-1.767355746840328123e+01 3.291274896815729534e+01
-1.765798917883156349e+01 3.446201135263920179e+01
-1.764242088925984575e+01 3.563739216996282266e+01
-1.762685259968812801e+01 3.641096406750635595e+01
-1.761128431011641382e+01 3.682004470284493181e+01
-1.759571602054469608e+01 3.694340134309448587e+01
-1.758014773097297834e+01 3.687506441069497498e+01
-1.756457944140126060e+01 3.670376945136509050e+01
-1.754901115182954285e+01 3.650227608119389089e+01
-1.753344286225782511e+01 3.632608546433759500e+01
-1.751787457268611092e+01 3.621734439246142756e+01
-1.750230628311439318e+01 3.620850814964846620e+01
-1.748673799354267544e+01 3.632199495954606761e+01
-1.747116970397095770e+01 3.656552359466813584e+01
-1.745560141439923996e+01 3.692606737380052095e+01
-1.744003312482752222e+01 3.736654998017505136e+01
-1.742446483525580803e+01 3.782800383917782483e+01
-1.740889654568409028e+01 3.823698534971384078e+01
-1.739332825611237254e+01 3.851556501730827620e+01
-1.737775996654065480e+01 3.859070853247674648e+01
-1.736219167696893706e+01 3.840138604599304983e+01
-1.734662338739721932e+01 3.790390865965490974e+01
-1.733105509782550158e+01 3.707706754913989045e+01
-1.731548680825378739e+01 3.592788155793517291e+01
-1.729991851868206965e+01 3.449687272832993301e+01
-1.728435022911035190e+01 3.286035472556672232e+01
-1.726878193953863416e+01 3.112736625017625514e+01
-1.725321364996691642e+01 2.943044422635389168e+01
-1.723764536039519868e+01 2.791120436628762391e+01
-1.722207707082348449e+01 2.670255928623123509e+01
-1.720650878125176675e+01 2.590932390271940378e+01
-1.719094049168004901e+01 2.558896440348327062e+01
-1.717537220210833127e+01 2.573534666337778987e+01
-1.715980391253661352e+01 2.627028037236446423e+01
-1.714423562296489578e+01 2.704868532549326332e+01
-1.712866733339317804e+01 2.788123500228721241e+01
-1.711309904382146385e+01 2.857274078530746309e+01
-1.709753075424974611e+01 2.896724937883944051e+01
-1.708196246467802837e+01 2.898563007758064458e+01
-1.706639417510631063e+01 2.864181893393368128e+01
-1.705082588553459289e+01 2.803074327852931091e+01
-1.703525759596287514e+01 2.729167154042612609e+01
-1.701968930639116095e+01 2.656046663879777725e+01
-1.700412101681944321e+01 2.592845355079863978e+01
-1.698855272724772547e+01 2.542252383114918501e+01
-1.697298443767600773e+01 2.501231318861772834e+01
-1.695741614810428999e+01 2.463975114442579084e+01
-1.694184785853257225e+01 2.425818976262392823e+01
-1.692627956896085806e+01 2.386535653255236511e+01
-1.691071127938914032e+01 2.351706808851614028e+01
-1.689514298981742257e+01 2.331570727441378565e+01
-1.687957470024570483e+01 2.337656316726869576e+01
-1.686400641067398709e+01 2.378347093562509329e+01
-1.684843812110226935e+01 2.455001466414275768e+01
-1.683286983153055161e+01 2.560181902162410594e+01
-1.681730154195883742e+01 2.678871050741979687e+01
-1.680173325238711968e+01 2.792465789791932451e+01
-1.678616496281540194e+01 2.884242171433614388e+01
-1.677059667324368419e+01 2.944344910623103928e+01
-1.675502838367196645e+01 2.972488316025347643e+01
-1.673946009410024871e+01 2.977439986959245743e+01
-1.672389180452853452e+01 2.973619089286076189e+01
-1.670832351495681678e+01 2.976222266984592579e+01
-1.669275522538509904e+01 2.996732810792895663e+01
-1.667718693581338130e+01 3.040331181100660984e+01
-1.666161864624166355e+01 3.105828520818300120e+01
-1.664605035666994581e+01 3.187727793423103506e+01
-1.663048206709823162e+01 3.279300540778085349e+01
-1.661491377752651388e+01 3.375369952364157911e+01
-1.659934548795479614e+01 3.473783424094535377e+01
-1.658377719838307840e+01 3.575143284932224930e+01
-1.656820890881136066e+01 3.681006800539908141e+01
-1.655264061923964292e+01 3.791280853386496119e+01
-1.653707232966792517e+01 3.901810557954130587e+01
-1.652150404009621099e+01 4.003137139278202739e+01
-1.650593575052449324e+01 4.081068318410316920e+01
-1.649036746095277550e+01 4.119124197430910073e+01
-1.647479917138105776e+01 4.102252081445035259e+01
-1.645923088180934002e+01 4.020686304666682531e+01
-1.644366259223762228e+01 3.872700722910030180e+01
-1.642809430266590809e+01 3.665366469246017544e+01
-1.641252601309419035e+01 3.413167915354142679e+01
-1.639695772352247261e+01 3.135127668334175510e+01
-1.638138943395075486e+01 2.851575640822488467e+01
-1.636582114437903712e+01 2.581641822525665830e+01
-1.635025285480731938e+01 2.342008783530124916e+01
-1.633468456523560519e+01 2.146734413306955602e+01
-1.631911627566388745e+01 2.007437622885547768e+01
-1.630354798609216971e+01 1.933084137977041550e+01
-1.628797969652045197e+01 1.929002155020821263e+01
-1.627241140694873422e+01 1.995345262151078458e+01
-1.625684311737701648e+01 2.125672961231875746e+01
-1.624127482780529874e+01 2.306418621939828029e+01
-1.622570653823358455e+01 2.517751097229653112e+01
-1.621013824866186681e+01 2.735873822400036204e+01
-1.619456995909014907e+01 2.936359524191502857e+01
-1.617900166951843133e+01 3.097838806354087282e+01
-1.616343337994671359e+01 3.205286989002313192e+01
-1.614786509037499584e+01 3.252252016827063130e+01
-1.613229680080328166e+01 3.241589047322604955e+01
-1.611672851123156391e+01 3.184578233995395991e+01
-1.610116022165984617e+01 3.098656458213962850e+01
-1.608559193208812843e+01 3.004309068568567653e+01
-1.607002364251641069e+01 2.921834456829109428e+01
-1.605445535294469295e+01 2.868634152169869367e+01
-1.603888706337297876e+01 2.857411335934255092e+01
-1.602331877380126102e+01 2.895305908928127891e+01
-1.600775048422954328e+01 2.983723726613958149e+01
-1.599218219465782376e+01 3.118546205838804397e+01
-1.597661390508610779e+01 3.290528843532147363e+01
-1.596104561551439005e+01 3.485900309799494323e+01
-1.594547732594267231e+01 3.687314889879561974e+01
-1.592990903637095634e+01 3.875303218355504242e+01
-1.591434074679923860e+01 4.030217802752073908e+01
-1.589877245722752086e+01 4.134463830612568103e+01
-1.588320416765580489e+01 4.174646117947653323e+01
-1.586763587808408715e+01 4.143224435169642561e+01
-1.585206758851236941e+01 4.039370883152336233e+01
-1.583649929894065345e+01 3.868925345851701536e+01
-1.582093100936893570e+01 3.643566489323459479e+01
-1.580536271979721796e+01 3.379463795809627413e+01
-1.578979443022550200e+01 3.095691732198791613e+01
-1.577422614065378426e+01 2.812582774156407339e+01
-1.575865785108206651e+01 2.550058199979974560e+01
-1.574308956151034877e+01 2.325917250853416007e+01
-1.572752127193863281e+01 2.154148114038784811e+01
-1.571195298236691507e+01 2.043503448180625881e+01
-1.569638469279519732e+01 1.996722224499148624e+01
-1.568081640322348136e+01 2.010736297753811641e+01
-1.566524811365176362e+01 2.077930789022422786e+01
-1.564967982408004588e+01 2.188135281791097242e+01
-1.563411153450832991e+01 2.330710280236565879e+01
-1.561854324493661217e+01 2.496044316405507502e+01
-1.560297495536489443e+01 2.676044870351303473e+01
-1.558740666579317846e+01 2.863676766144879693e+01
-1.557183837622146072e+01 3.052051199730306763e+01
-1.555627008664974298e+01 3.233777618903058482e+01
-1.554070179707802701e+01 3.401150101251837299e+01
-1.552513350750630927e+01 3.547300248231432107e+01
-1.550956521793459153e+01 3.667900145130320055e+01
-1.549399692836287556e+01 3.762595625580657099e+01
-1.547842863879115782e+01 3.835304813395445223e+01
-1.546286034921944008e+01 3.892901246717480035e+01
-1.544729205964772234e+01 3.942490494230667508e+01
-1.543172377007600637e+01 3.988192400770234514e+01
-1.541615548050428863e+01 4.028718241018452062e+01
-1.540058719093257089e+01 4.056861631989921335e+01
-1.538501890136085493e+01 4.061329293349320579e+01
-1.536945061178913718e+01 4.030405664537487098e+01
-1.535388232221741944e+01 3.956187980318152597e+01
-1.533831403264570348e+01 3.837886254264925867e+01
-1.532274574307398574e+01 3.683051603222487813e+01
-1.530717745350226799e+01 3.506385533695836898e+01
-1.529160916393055203e+01 3.326624524987135345e+01
-1.527604087435883429e+01 3.162541099924558097e+01
-1.526047258478711655e+01 3.029196672556658854e+01
-1.524490429521540058e+01 2.935301062226528757e+01
-1.522933600564368284e+01 2.882101145950073828e+01
-1.521376771607196510e+01 2.863844150966890467e+01
-1.519819942650024736e+01 2.869615351421609972e+01
-1.518263113692853139e+01 2.886178586899769982e+01
-1.516706284735681365e+01 2.901263287088511333e+01
-1.515149455778509591e+01 2.906542055276850434e+01
-1.513592626821337994e+01 2.899449893968914083e+01
-1.512035797864166220e+01 2.883176467476128835e+01
-1.510478968906994446e+01 2.864687092660885881e+01
-1.508922139949822849e+01 2.851368785191059985e+01
-1.507365310992651075e+01 2.847546022721133241e+01
-1.505808482035479301e+01 2.852320520133499215e+01
-1.504251653078307704e+01 2.859770470422397892e+01
-1.502694824121135930e+01 2.861598058917622822e+01
-1.501137995163964156e+01 2.851220292379262133e+01
-1.499581166206792560e+01 2.827555950057202949e+01
-1.498024337249620785e+01 2.796748778817464043e+01
-1.496467508292449011e+01 2.770845487823862285e+01
-1.494910679335277415e+01 2.763710993036324837e+01
-1.493353850378105641e+01 2.785666495324212022e+01
-1.491797021420933866e+01 2.838940359497074084e+01
-1.490240192463762092e+01 2.915750833791098628e+01
-1.488683363506590496e+01 2.999811801075945894e+01
-1.487126534549418722e+01 3.070726045928851278e+01
-1.485569705592246947e+01 3.109682133489028288e+01
-1.484012876635075351e+01 3.104521067196897732e+01
-1.482456047677903577e+01 3.052661235448738708e+01
-1.480899218720731803e+01 2.961287571829597098e+01
-1.479342389763560206e+01 2.845169509278506226e+01
-1.477785560806388432e+01 2.723087153846290676e+01
-1.476228731849216658e+01 2.613972487624758401e+01
-1.474671902892045061e+01 2.533622205845939845e+01
-1.473115073934873287e+01 2.492447175131163206e+01
-1.471558244977701513e+01 2.494391299712773957e+01
-1.470001416020529916e+01 2.536955742902391009e+01
-1.468444587063358142e+01 2.612170955996626631e+01
-1.466887758106186368e+01 2.708304873241237942e+01
-1.465330929149014594e+01 2.812045262298458326e+01
-1.463774100191842997e+01 2.910847140045245851e+01
-1.462217271234671223e+01 2.995101500473627709e+01
-1.460660442277499449e+01 3.059763706330466349e+01
-1.459103613320327852e+01 3.105092927841491601e+01
-1.457546784363156078e+01 3.136240034511201813e+01
-1.455989955405984304e+01 3.161633549146774058e+01
-1.454433126448812708e+01 3.190458419337666029e+01
-1.452876297491640933e+01 3.229905363304398236e+01
-1.451319468534469159e+01 3.283099860612555432e+01
-1.449762639577297563e+01 3.348509550995304096e+01
-1.448205810620125789e+01 3.421122077530872474e+01
-1.446648981662954014e+01 3.494946451212583582e+01
-1.445092152705782418e+01 3.565758873383968108e+01
-1.443535323748610644e+01 3.632833120129987492e+01
-1.441978494791438870e+01 3.698813389852042377e+01
-1.440421665834267273e+01 3.767745056043509777e+01
-1.438864836877095499e+01 3.842172422805752774e+01
-1.437308007919923725e+01 3.920699097615660378e+01
-1.435751178962751951e+01 3.997236547342964741e+01
-1.434194350005580354e+01 4.062414743564868047e+01
-1.432637521048408580e+01 4.106653802558435729e+01
-1.431080692091236806e+01 4.123654317976062345e+01
-1.429523863134065209e+01 4.112886384139962104e+01
-1.427967034176893435e+01 4.080093326377273399e+01
-1.426410205219721661e+01 4.035640693588781147e+01
-1.424853376262550064e+01 3.991349285525824087e+01
-1.423296547305378290e+01 3.956919032508528034e+01
-1.421739718348206516e+01 3.937051267060551396e+01
-1.420182889391034919e+01 3.930017704381892685e+01
-1.418626060433863145e+01 3.927941341380279283e+01
-1.417069231476691371e+01 3.918650458858888186e+01
-1.415512402519519775e+01 3.888705579935124490e+01
-1.413955573562348000e+01 3.827021380843569176e+01
-1.412398744605176226e+01 3.728341800331205746e+01
-1.410841915648004452e+01 3.595705433788741345e+01
-1.409285086690832856e+01 3.441092845914241849e+01
-1.407728257733661081e+01 3.283806745314461040e+01
-1.406171428776489307e+01 3.146783712294181967e+01
-1.404614599819317711e+01 3.051754370995038457e+01
-1.403057770862145937e+01 3.014627084865896833e+01
-1.401500941904974162e+01 3.042413641357273946e+01
-1.399944112947802566e+01 3.132429580580613759e+01
-1.398387283990630792e+01 3.273642809498682027e+01
-1.396830455033459017e+01 3.449310231908067692e+01
-1.395273626076287421e+01 3.639764479347838488e+01
-1.393716797119115647e+01 3.824486494560472494e+01
-1.392159968161943873e+01 3.983244745508644513e+01
-1.390603139204772276e+01 4.096745148733972286e+01
-1.389046310247600502e+01 4.147571444034972643e+01
-1.387489481290428728e+01 4.122031492404863684e+01
-1.385932652333257131e+01 4.012939564706353934e+01
-1.384375823376085357e+01 3.822647288637490703e+01
-1.382818994418913583e+01 3.565149298645081899e+01
-1.381262165461741809e+01 3.266099575403324451e+01
-1.379705336504570212e+01 2.960122582151777948e+01
-1.378148507547398438e+01 2.685683398578272119e+01
-1.376591678590226664e+01 2.478632214864379790e+01
-1.375034849633055067e+01 2.366011252018435940e+01
-1.373478020675883293e+01 2.361626249956583479e+01
-1.371921191718711519e+01 2.464302775687976421e+01
-1.370364362761539923e+01 2.658932331641145907e+01
-1.368807533804368148e+01 2.919694820034312599e+01
-1.367250704847196374e+01 3.214467227525116044e+01
-1.365693875890024778e+01 3.509453176903947735e+01
-1.364137046932853004e+01 3.773366408539761352e+01
-1.362580217975681229e+01 3.980848104345708549e+01
-1.361023389018509633e+01 4.115002959126569948e+01
-1.359466560061337859e+01 4.168948513777784370e+01
-1.357909731104166084e+01 4.146184456260164097e+01
-1.356352902146994488e+01 4.059573261513354225e+01
-1.354796073189822714e+01 3.928899356665771592e+01
-1.353239244232650940e+01 3.777321396681259813e+01
-1.351682415275479165e+01 3.627399162188497428e+01
-1.350125586318307569e+01 3.497571113448417179e+01
-1.348568757361135795e+01 3.399864299476809038e+01
-1.347011928403964021e+01 3.339257190063813852e+01
-1.345455099446792424e+01 3.314626979124712136e+01
-1.343898270489620650e+01 3.320773233260782575e+01
-1.342341441532448876e+01 3.350757580239168476e+01
-1.340784612575277279e+01 3.397796954377916734e+01
-1.339227783618105505e+01 3.456184459588228464e+01
-1.337670954660933731e+01 3.521115330664395060e+01
-1.336114125703762134e+01 3.587742464681945620e+01
-1.334557296746590360e+01 3.650119351704503856e+01
-1.333000467789418586e+01 3.700763853473864629e+01
-1.331443638832246990e+01 3.731334657164037338e+01
-1.329886809875075215e+01 3.734432352496381924e+01
-1.328329980917903441e+01 3.706022331558103389e+01
-1.326773151960731667e+01 3.647660989659921427e+01
-1.325216323003560071e+01 3.567728947516332028e+01
-1.323659494046388296e+01 3.481202411395057794e+01
-1.322102665089216522e+01 3.407947237400010465e+01
-1.320545836132044926e+01 3.369886805077288727e+01
-1.318989007174873151e+01 3.387552607117921610e+01
-1.317432178217701377e+01 3.476502107806059882e+01
-1.315875349260529781e+01 3.644014656338106306e+01
-1.314318520303358007e+01 3.886483349841534363e+01
-1.312761691346186232e+01 4.188032949629382529e+01
-1.311204862389014636e+01 4.520995849469068162e+01
-1.309648033431842862e+01 4.848775770831828424e+01
-1.308091204474671088e+01 5.131178740254060244e+01
-1.306534375517499491e+01 5.331527445061959725e+01
-1.304977546560327717e+01 5.424055956002951007e+01
-1.303420717603155943e+01 5.399600731127897291e+01
-1.301863888645984346e+01 5.267793082025235663e+01
-1.300307059688812572e+01 5.054881736303273243e+01
-1.298750230731640798e+01 4.797679650784448313e+01
-1.297193401774469024e+01 4.535395118449661567e+01
-1.295636572817297427e+01 4.301740889566746517e+01
-1.294079743860125653e+01 4.119461202787700671e+01
-1.292522914902953879e+01 3.998419560167382514e+01
-1.290966085945782282e+01 3.937103906833031175e+01
-1.289409256988610508e+01 3.926356328449558930e+01
-1.287852428031438734e+01 3.953675746261798452e+01
-1.286295599074267137e+01 4.006635673144933207e+01
-1.284738770117095363e+01 4.074609030240262086e+01
-1.283181941159923589e+01 4.148781794008937140e+01
-1.281625112202751993e+01 4.221074639120842420e+01
-1.280068283245580218e+01 4.282898158816775691e+01
-1.278511454288408444e+01 4.324600560421934148e+01
-1.276954625331236848e+01 4.336101489036327195e+01
-1.275397796374065074e+01 4.308694660175563484e+01
-1.273840967416893299e+01 4.237527640961403108e+01
-1.272284138459721525e+01 4.123983879025607990e+01
-1.270727309502549929e+01 3.977173513505310609e+01
-1.269170480545378155e+01 3.813955846273800887e+01
-1.267613651588206380e+01 3.657261796745011395e+01
-1.266056822631034784e+01 3.532843125748088653e+01
-1.264499993673863010e+01 3.464881712235832367e+01
-1.262943164716691236e+01 3.471144650301135925e+01
-1.261386335759519639e+01 3.558583408886682520e+01
-1.259829506802347865e+01 3.720412474174010953e+01
-1.258272677845176091e+01 3.935658056190474241e+01
-1.256715848888004494e+01 4.171816753292655022e+01
-1.255159019930832720e+01 4.390570767820715048e+01
-1.253602190973661124e+01 4.555602767048143420e+01
-1.252045362016489349e+01 4.640734483275416977e+01
-1.250488533059317575e+01 4.636225881093201906e+01
-1.248931704102145801e+01 4.551353734844431642e+01
-1.247374875144974027e+01 4.412336995977188536e+01
-1.245818046187802253e+01 4.256018846854318838e+01
-1.244261217230630834e+01 4.121000539087423675e+01
-1.242704388273459060e+01 4.038693972332317372e+01
-1.241147559316287285e+01 4.026740073419020405e+01
-1.239590730359115511e+01 4.086440017186900064e+01
-1.238033901401943737e+01 4.204562006201823010e+01
-1.236477072444771963e+01 4.358576370232005814e+01
-1.234920243487600544e+01 4.523474588647673045e+01
-1.233363414530428770e+01 4.678097335844400817e+01
-1.231806585573256996e+01 4.809325613452814707e+01
-1.230249756616085222e+01 4.913345260857045105e+01
-1.228692927658913447e+01 4.994140947287272780e+01
-1.227136098701741673e+01 5.060107936809588125e+01
-1.225579269744569899e+01 5.120018243425678151e+01
-1.224022440787398480e+01 5.179530832892215386e+01
-1.222465611830226706e+01 5.239101382564622611e+01
-1.220908782873054932e+01 5.293682033409168497e+01
-1.219351953915883158e+01 5.334143482444015660e+01
-1.217795124958711384e+01 5.349983499865415837e+01
-1.216238296001539609e+01 5.332635412956281584e+01
-1.214681467044368190e+01 5.278558398572126009e+01
-1.213124638087196416e+01 5.191287824938302009e+01
-1.211567809130024642e+01 5.081781094471660509e+01
-1.210010980172852868e+01 4.966746446427619333e+01
-1.208454151215681094e+01 4.865171327289983338e+01
-1.206897322258509320e+01 4.793856766082365795e+01
-1.205340493301337901e+01 4.763205450901632787e+01
-1.203783664344166127e+01 4.774582781439284673e+01
-1.202226835386994352e+01 4.820163229487364021e+01
-1.200670006429822578e+01 4.885384202937918730e+01
-1.199113177472650804e+01 4.953245002842449196e+01
-1.197556348515479030e+01 5.009067027789815540e+01
-1.195999519558307256e+01 5.044225841980868807e+01
-1.194442690601135837e+01 5.057801199845135898e+01
-1.192885861643964063e+01 5.055862908393010002e+01
-1.191329032686792289e+01 5.048895821117390881e+01
-1.189772203729620514e+01 5.048379443476223827e+01
-1.188215374772448740e+01 5.063637130647907014e+01
-1.186658545815276966e+01 5.099790466620129337e+01
-1.185101716858105547e+01 5.157155535341112085e+01
-1.183544887900933773e+01 5.231905439815452041e+01
-1.181988058943761999e+01 5.317475950561124165e+01
-1.180431229986590225e+01 5.406105207540705493e+01
-1.178874401029418451e+01 5.490060658282062889e+01
-1.177317572072246676e+01 5.562401019864352492e+01
-1.175760743115074902e+01 5.617381301105833558e+01
-1.174203914157903483e+01 5.650701377145772852e+01
-1.172647085200731709e+01 5.659698279157011314e+01
-1.171090256243559935e+01 5.643389609616646396e+01
-1.169533427286388161e+01 5.602155613154443614e+01
-1.167976598329216387e+01 5.536925244270386770e+01
-1.166419769372044613e+01 5.448006457051258167e+01
-1.164862940414873194e+01 5.334035894708660663e+01
-1.163306111457701419e+01 5.191714327844434962e+01
-1.161749282500529645e+01 5.016880369251943961e+01
-1.160192453543357871e+01 4.807029002729145617e+01
-1.158635624586186097e+01 4.564740183100114734e+01
-1.157078795629014323e+01 4.300902624121999196e+01
-1.155521966671842904e+01 4.036372060388025318e+01
-1.153965137714671130e+01 3.800959649549250940e+01
-1.152408308757499356e+01 3.629378477759921395e+01
-1.150851479800327581e+01 3.554754723456858301e+01
-1.149294650843155807e+01 3.601187110215598608e+01
-1.147737821885984033e+01 3.777292231509610332e+01
-1.146180992928812259e+01 4.072540663045336373e+01
-1.144624163971640840e+01 4.457517387081195892e+01
-1.143067335014469066e+01 4.888246570855145734e+01
-1.141510506057297292e+01 5.313692051038192687e+01
-1.139953677100125518e+01 5.684746202771271584e+01
-1.138396848142953743e+01 5.962644789033906534e+01
-1.136840019185781969e+01 6.124895927974169751e+01
-1.135283190228610550e+01 6.167476078166588138e+01
-1.133726361271438776e+01 6.103070236907343826e+01
-1.132169532314267002e+01 5.956219235340262941e+01
-1.130612703357095228e+01 5.757018399067839454e+01
-1.129055874399923454e+01 5.535204972014542335e+01
-1.127499045442751680e+01 5.316022836663235296e+01
-1.125942216485580261e+01 5.118384823733249078e+01
-1.124385387528408486e+01 4.954960156523087278e+01
-1.122828558571236712e+01 4.833263155003409395e+01
-1.121271729614064938e+01 4.756769974949938273e+01
-1.119714900656893164e+01 4.725451286836610620e+01
-1.118158071699721390e+01 4.735630448194278586e+01
-1.116601242742549616e+01 4.779507112734154362e+01
-1.115044413785378197e+01 4.844887384582862211e+01
-1.113487584828206423e+01 4.915629153799407192e+01
-1.111930755871034648e+01 4.973117076835169570e+01
-1.110373926913862874e+01 4.998802121520363073e+01
-1.108817097956691100e+01 4.977523214711762733e+01
-1.107260268999519326e+01 4.901009541634735456e+01
-1.105703440042347907e+01 4.770705850020083005e+01
-1.104146611085176133e+01 4.598979244876890249e+01
-1.102589782128004359e+01 4.407973809030306711e+01
-1.101032953170832585e+01 4.225927770192480182e+01
-1.099476124213660810e+01 4.081556292635982430e+01
-1.097919295256489036e+01 3.997867386347503071e+01
-1.096362466299317617e+01 3.987179719954720269e+01
-1.094805637342145843e+01 4.048899617670488027e+01
-1.093248808384974069e+01 4.170784577476197086e+01
-1.091691979427802295e+01 4.333255171523780547e+01
-1.090135150470630521e+01 4.515277721630071994e+01
-1.088578321513458746e+01 4.699851646666472504e+01
-1.087021492556286972e+01 4.877383213888042945e+01
-1.085464663599115553e+01 5.046078424668009177e+01
-1.083907834641943779e+01 5.209571357180792717e+01
-1.082351005684772005e+01 5.372896723096324223e+01
-1.080794176727600231e+01 5.538321859945790493e+01
-1.079237347770428457e+01 5.702403207440177368e+01
-1.077680518813256683e+01 5.855065093918366159e+01
-1.076123689856085264e+01 5.980775039553994077e+01
-1.074566860898913490e+01 6.061279451249974670e+01
-1.073010031941741715e+01 6.079050317960300731e+01
-1.071453202984569941e+01 6.020619420690576362e+01
-1.069896374027398167e+01 5.879239533056962586e+01
-1.068339545070226393e+01 5.656623376394956182e+01
-1.066782716113054619e+01 5.363698156742231760e+01
-1.065225887155883200e+01 5.020320086556399986e+01
-1.063669058198711426e+01 4.653813601267606259e+01
-1.062112229241539652e+01 4.296212864764293471e+01
-1.060555400284367877e+01 3.980317967402006474e+01
-1.058998571327196103e+01 3.735100773178469780e+01
-1.057441742370024329e+01 3.581400109015175559e+01
-1.055884913412852910e+01 3.528971854454337631e+01
-1.054328084455681136e+01 3.575659130155948162e+01
-1.052771255498509362e+01 3.708798197423311649e+01
-1.051214426541337588e+01 3.908255117046690685e+01
-1.049657597584165813e+01 4.150031101324686489e+01
-1.048100768626994039e+01 4.409391200623979046e+01
-1.046543939669822620e+01 4.662934933766536716e+01
-1.044987110712650846e+01 4.889687634513266801e+01
-1.043430281755479072e+01 5.071798890686635986e+01
-1.041873452798307298e+01 5.195519598654098559e+01
-1.040316623841135524e+01 5.252742840512543410e+01
-1.038759794883963750e+01 5.242745715451093247e+01
-1.037202965926791975e+01 5.173234019296414488e+01
-1.035646136969620557e+01 5.059716872482464822e+01
-1.034089308012448782e+01 4.922746352494637989e+01
-1.032532479055277008e+01 4.783452371426624694e+01
-1.030975650098105234e+01 4.658653277644620516e+01
-1.029418821140933460e+01 4.557184104986535544e+01
-1.027861992183761686e+01 4.478746088210717602e+01
-1.026305163226590267e+01 4.415682397966288875e+01
-1.024748334269418493e+01 4.357034002392887828e+01
-1.023191505312246719e+01 4.293475798319464332e+01
-1.021634676355074944e+01 4.221540015440359639e+01
-1.020077847397903170e+01 4.145883601530992735e+01
-1.018521018440731396e+01 4.079023295543967720e+01
-1.016964189483559977e+01 4.038676565923988449e+01
-1.015407360526388203e+01 4.043425400240639789e+01
-1.013850531569216429e+01 4.107791310177812960e+01
-1.012293702612044655e+01 4.237953420651585645e+01
-1.010736873654872880e+01 4.429227889119871975e+01
-1.009180044697701106e+01 4.666026301971621137e+01
-1.007623215740529332e+01 4.924362320000518878e+01
-1.006066386783357913e+01 5.176245085146847202e+01
-1.004509557826186139e+01 5.394746940650770028e+01
-1.002952728869014365e+01 5.558398960647564735e+01
-1.001395899911842591e+01 5.653922189381343344e+01
-9.998390709546708166e+00 5.676991113175688497e+01
-9.982822419974990424e+00 5.631436388048858532e+01
-9.967254130403276235e+00 5.527712922698849241e+01
-9.951685840831558494e+00 5.381425862519448344e+01
-9.936117551259840752e+00 5.212279228462557512e+01
-9.920549261688123011e+00 5.043227984813472631e+01
-9.904980972116405269e+00 4.899179328397889321e+01
-9.889412682544687527e+00 4.804545541198920233e+01
-9.873844392972973338e+00 4.779376513103867552e+01
-9.858276103401255597e+00 4.834562289861381856e+01
-9.842707813829537855e+00 4.967382146290808009e+01
-9.827139524257820113e+00 5.159105521419427731e+01
-9.811571234686102372e+00 5.376135478144435353e+01
-9.796002945114384630e+00 5.575285012881122526e+01
-9.780434655542666889e+00 5.712448052605911641e+01
-9.764866365970952700e+00 5.752647237365980004e+01
-9.749298076399234958e+00 5.678716760783208883e+01
-9.733729786827517216e+00 5.496035916870578575e+01
-9.718161497255799475e+00 5.231772306018089580e+01
-9.702593207684081733e+00 4.928698467521405746e+01
-9.687024918112363991e+00 4.635275992361233932e+01
-9.671456628540649803e+00 4.394801819701286405e+01
-9.655888338968932061e+00 4.236605981361162776e+01
-9.640320049397214319e+00 4.171517982976484973e+01
-9.624751759825496578e+00 4.192364531204299993e+01
-9.609183470253778836e+00 4.278655882140202493e+01
-9.593615180682061094e+00 4.403441408582590100e+01
-9.578046891110346905e+00 4.539966223978911586e+01
-9.562478601538629164e+00 4.666296747008873780e+01
-9.546910311966911422e+00 4.767201730369202295e+01
-9.531342022395193680e+00 4.833757146852499886e+01
-9.515773732823475939e+00 4.861888491848830540e+01
-9.500205443251758197e+00 4.851111240470095964e+01
-9.484637153680040456e+00 4.804156881940446766e+01
-9.469068864108326267e+00 4.727334958822098088e+01
-9.453500574536608525e+00 4.630834270033855660e+01
-9.437932284964890783e+00 4.528042272718231231e+01
-9.422363995393173042e+00 4.433421730280947770e+01
-9.406795705821455300e+00 4.359292843993388544e+01
-9.391227416249737558e+00 4.312609793263285951e+01
-9.375659126678023370e+00 4.293091996382052855e+01
-9.360090837106305628e+00 4.293685602465127005e+01
-9.344522547534587886e+00 4.303419212388281068e+01
-9.328954257962870145e+00 4.311679096163647529e+01
-9.313385968391152403e+00 4.312250665308396691e+01
-9.297817678819434661e+00 4.305493834040387213e+01
-9.282249389247716920e+00 4.297757084077162659e+01
-9.266681099676002731e+00 4.298265234049661387e+01
-9.251112810104284989e+00 4.314730947627511881e+01
-9.235544520532567248e+00 4.349398842023698109e+01
-9.219976230960849506e+00 4.396973398340528405e+01
-9.204407941389131764e+00 4.445086863541176569e+01
-9.188839651817414023e+00 4.477027005895590861e+01
-9.173271362245699834e+00 4.475758498118010920e+01
-9.157703072673982092e+00 4.428038760525405593e+01
-9.142134783102264350e+00 4.327614638348705256e+01
-9.126566493530546609e+00 4.176903403707459717e+01
-9.110998203958828867e+00 3.987006039948535374e+01
-9.095429914387111126e+00 3.776242345532311617e+01
-9.079861624815396937e+00 3.567593945420079393e+01
-9.064293335243679195e+00 3.385507974566532852e+01
-9.048725045671961453e+00 3.252495261005266514e+01
-9.033156756100243712e+00 3.185912821198785494e+01
-9.017588466528525970e+00 3.195308753946670421e+01
-9.002020176956808228e+00 3.280742398081031297e+01
-8.986451887385090487e+00 3.432510890834916495e+01
-8.970883597813376298e+00 3.632594422096209286e+01
-8.955315308241658556e+00 3.857786376904881109e+01
-8.939747018669940815e+00 4.083946486605093895e+01
-8.924178729098223073e+00 4.290318858039849204e+01
-8.908610439526505331e+00 4.462682435607104026e+01
-8.893042149954787590e+00 4.594435633272824049e+01
-8.877473860383073401e+00 4.685490087163783102e+01
-8.861905570811355659e+00 4.739725380004880151e+01
-8.846337281239637917e+00 4.762298374736030127e+01
-8.830768991667920176e+00 4.758014033624905181e+01
-8.815200702096202434e+00 4.731284707308753212e+01
-8.799632412524484693e+00 4.687293840907063469e+01
-8.784064122952770504e+00 4.633329528027636002e+01
-8.768495833381052762e+00 4.579205831625211687e+01
-8.752927543809335020e+00 4.536244124043772530e+01
-8.737359254237617279e+00 4.515105352248203019e+01
-8.721790964665899537e+00 4.523377424621116205e+01
-8.706222675094181795e+00 4.563904669374181822e+01
-8.690654385522464054e+00 4.634399546479023968e+01
-8.675086095950749865e+00 4.728207386873497597e+01
-8.659517806379032123e+00 4.835612520960414429e+01
-8.643949516807314382e+00 4.945037033176777896e+01
-8.628381227235596640e+00 5.043852680917034803e+01
-8.612812937663878898e+00 5.119013491719649522e+01
-8.597244648092161157e+00 5.157981385189740564e+01
-8.581676358520446968e+00 5.150284341114215181e+01
-8.566108068948729226e+00 5.089601359279890147e+01
-8.550539779377011484e+00 4.975785807567091013e+01
-8.534971489805293743e+00 4.816007130363170319e+01
-8.519403200233576001e+00 4.624348972867674235e+01
-8.503834910661858260e+00 4.419682117528500243e+01
-8.488266621090144071e+00 4.222222189795540714e+01
-8.472698331518426329e+00 4.049650731366832446e+01
-8.457130041946708587e+00 3.913865285778240377e+01
-8.441561752374990846e+00 3.819280725898908457e+01
-8.425993462803273104e+00 3.763174297171467231e+01
-8.410425173231555362e+00 3.737960708045423530e+01
-8.394856883659837621e+00 3.734663219728366101e+01
-8.379288594088123432e+00 3.746411590512894207e+01
-8.363720304516405690e+00 3.770736211585337117e+01
-8.348152014944687949e+00 3.809828206600271727e+01
-8.332583725372970207e+00 3.868701924404814463e+01
-8.317015435801252465e+00 3.952041207048941374e+01
-8.301447146229534724e+00 4.061061374767769649e+01
-8.285878856657820535e+00 4.191702490583652008e+01
-8.270310567086102793e+00 4.334872306629909389e+01
-8.254742277514385052e+00 4.478553236569197082e+01
-8.239173987942667310e+00 4.610808049107311746e+01
-8.223605698370949568e+00 4.722430587986047357e+01
-8.208037408799231827e+00 4.808303446675844128e+01
-8.192469119227514085e+00 4.867249448078862173e+01
-8.176900829655799896e+00 4.900904409973594511e+01
-8.161332540084082154e+00 4.912511633940822975e+01
-8.145764250512364413e+00 4.906369744868550953e+01
-8.130195960940646671e+00 4.888077570985768716e+01
-8.114627671368928929e+00 4.865063813012271510e+01
-8.099059381797211188e+00 4.846555097467913242e+01
-8.083491092225496999e+00 4.842338362623068093e+01
-8.067922802653779257e+00 4.860328879955076786e+01
-8.052354513082061516e+00 4.903720095123797051e+01
-8.036786223510343774e+00 4.968945738717303584e+01
-8.021217933938626032e+00 5.045559624275006172e+01
-8.005649644366908291e+00 5.118461290976444644e+01
-7.990081354795194102e+00 5.171969545671031909e+01
-7.974513065223476360e+00 5.194485302685330197e+01
-7.958944775651758619e+00 5.182205670549801368e+01
-7.943376486080040877e+00 5.140635480937622503e+01
-7.927808196508323135e+00 5.083340597593652888e+01
-7.912239906936605394e+00 5.028226743378052532e+01
-7.896671617364887652e+00 4.992345938049115972e+01
-7.881103327793173463e+00 4.986657773670671645e+01
-7.865535038221455721e+00 5.012229215657739445e+01
-7.849966748649737980e+00 5.059036565844238709e+01
-7.834398459078020238e+00 5.107882916916197757e+01
-7.818830169506302497e+00 5.135083191551539983e+01
-7.803261879934584755e+00 5.118709581541205722e+01
-7.787693590362870566e+00 5.044612500649648013e+01
-7.772125300791152824e+00 4.910388279314179272e+01
-7.756557011219435083e+00 4.726052216161006214e+01
-7.740988721647717341e+00 4.511248259945677574e+01
-7.725420432075999599e+00 4.290010388780819994e+01
-7.709852142504281858e+00 4.084918203622425636e+01
-7.694283852932567669e+00 3.912604111265346063e+01
-7.678715563360849927e+00 3.781905824475510514e+01
-7.663147273789132186e+00 3.694797842771415475e+01
-7.647578984217414444e+00 3.649099211597039982e+01
-7.632010694645696702e+00 3.641359200456101064e+01
-7.616442405073978961e+00 3.668522777489819475e+01
-7.600874115502261219e+00 3.727830110561842503e+01
-7.585305825930547030e+00 3.815437174906446671e+01
-7.569737536358829288e+00 3.924911556124008172e+01
-7.554169246787111547e+00 4.046735662977093995e+01
-7.538600957215393805e+00 4.169309171689872073e+01
-7.523032667643676064e+00 4.281088123071400275e+01
-7.507464378071958322e+00 4.372917774200043084e+01
-7.491896088500244133e+00 4.439596213079383347e+01
-7.476327798928526391e+00 4.480183863830749402e+01
-7.460759509356808650e+00 4.497213296258787096e+01
-7.445191219785090908e+00 4.495373166894501082e+01
-7.429622930213373166e+00 4.480248130587739297e+01
-7.414054640641655425e+00 4.457383063967400716e+01
-7.398486351069941236e+00 4.431583544644581707e+01
-7.382918061498223494e+00 4.406230772507834814e+01
-7.367349771926505753e+00 4.382555487790717308e+01
-7.351781482354788011e+00 4.359130527361433138e+01
-7.336213192783070269e+00 4.332035206338282052e+01
-7.320644903211352528e+00 4.296012744900281888e+01
-7.305076613639634786e+00 4.246490452875979571e+01
-7.289508324067920597e+00 4.181791874700126499e+01
-7.273940034496202856e+00 4.104570687608138257e+01
-7.258371744924485114e+00 4.021672555320605369e+01
-7.242803455352767372e+00 3.942268698731442100e+01
-7.227235165781049631e+00 3.874918997527133513e+01
-7.211666876209331889e+00 3.824793789789880805e+01
-7.196098586637617700e+00 3.792284996169988176e+01
-7.180530297065899958e+00 3.773627055724380597e+01
-7.164962007494182217e+00 3.763213839208007272e+01
-7.149393717922464475e+00 3.756511924147346804e+01
-7.133825428350746733e+00 3.752233956854897912e+01
-7.118257138779028992e+00 3.752854402712621606e+01
-7.102688849207314803e+00 3.763381494447782671e+01
-7.087120559635597061e+00 3.789098526185804872e+01
-7.071552270063879320e+00 3.833360176295296640e+01
-7.055983980492161578e+00 3.896338631562324650e+01
-7.040415690920443836e+00 3.975028125423258274e+01
-7.024847401348726095e+00 4.064185000587456642e+01
-7.009279111777008353e+00 4.157530647911460875e+01
-6.993710822205294164e+00 4.248614998249066588e+01
-6.978142532633576423e+00 4.331130543253672016e+01
-6.962574243061858681e+00 4.398923450629663989e+01
-6.947005953490140939e+00 4.446199358104870925e+01
-6.931437663918423198e+00 4.468324961379077109e+01
-6.915869374346705456e+00 4.463236128051822504e+01
-6.900301084774991267e+00 4.432994853658815515e+01
-6.884732795203273525e+00 4.384754256745711842e+01
-6.869164505631555784e+00 4.330465688429124071e+01
-6.853596216059838042e+00 4.285086572150758855e+01
-6.838027926488120301e+00 4.263636256478322650e+01
-6.822459636916402559e+00 4.277931502597763114e+01
-6.806891347344684817e+00 4.333994622079843850e+01
-6.791323057772970628e+00 4.430898499938517432e+01
-6.775754768201252887e+00 4.561300138885638233e+01
-6.760186478629535145e+00 4.713337847520218560e+01
-6.744618189057817403e+00 4.873155987914042697e+01
-6.729049899486099662e+00 5.027218471338949257e+01
-6.713481609914381920e+00 5.163787781239939534e+01
-6.697913320342667731e+00 5.273367849462581347e+01
-6.682345030770949990e+00 5.348356809254764244e+01
-6.666776741199232248e+00 5.382454480691107079e+01
-6.651208451627514506e+00 5.370413362980818306e+01
-6.635640162055796765e+00 5.308509754075808473e+01
-6.620071872484079023e+00 5.195742135510347737e+01
-6.604503582912364834e+00 5.035390315236034553e+01
-6.588935293340647092e+00 4.836331843445562129e+01
-6.573367003768929351e+00 4.613485849949160666e+01
-6.557798714197211609e+00 4.386931703940670957e+01
-6.542230424625493868e+00 4.179570314548107035e+01
-6.526662135053776126e+00 4.013585149086861037e+01
-6.511093845482058384e+00 3.906346234105711090e+01
-6.495525555910344195e+00 3.866699413477908109e+01
-6.479957266338626454e+00 3.892684170389806297e+01
-6.464388976766908712e+00 3.971516234670986734e+01
-6.448820687195190970e+00 4.082122466842787389e+01
-6.433252397623473229e+00 4.199744113426051939e+01
-6.417684108051755487e+00 4.301404106726442222e+01
-6.402115818480041298e+00 4.370685374010213309e+01
-6.386547528908323557e+00 4.400485209173909595e+01
-6.370979239336605815e+00 4.393133961216926764e+01
-6.355410949764888073e+00 4.358183134414831983e+01
-6.339842660193170332e+00 4.308874389842993935e+01
-6.324274370621452590e+00 4.258518009575959695e+01
-6.308706081049738401e+00 4.217726818305261105e+01
-6.293137791478020659e+00 4.192907201614806212e+01
-6.277569501906302918e+00 4.185922742449965739e+01
-6.262001212334585176e+00 4.194622006786821800e+01
-6.246432922762867435e+00 4.213947420361157015e+01
-6.230864633191149693e+00 4.237442789479970884e+01
-6.215296343619431951e+00 4.258975943199931891e+01
-6.199728054047717762e+00 4.274352304472969877e+01
-6.184159764476000021e+00 4.282339958807991565e+01
-6.168591474904282279e+00 4.284641858403826120e+01
-6.153023185332564537e+00 4.284633715364265072e+01
-6.137454895760846796e+00 4.285163923112786222e+01
-6.121886606189129054e+00 4.286174984749852968e+01
-6.106318316617414865e+00 4.283126323619128328e+01
-6.090750027045697124e+00 4.267048071855226965e+01
-6.075181737473979382e+00 4.226559668867627551e+01
-6.059613447902261640e+00 4.151501679298112180e+01
-6.044045158330543899e+00 4.037177663253454796e+01
-6.028476868758826157e+00 3.887810348737093591e+01
-6.012908579187111968e+00 3.717852025326168075e+01
-5.997340289615394227e+00 3.550311483851070449e+01
-5.981772000043676485e+00 3.412169526141593678e+01
-5.966203710471958743e+00 3.327984687692514143e+01
-5.950635420900241002e+00 3.313566628554072224e+01
-5.935067131328523260e+00 3.371772638851647486e+01
-5.919498841756805518e+00 3.491910296209815812e+01
-5.903930552185091329e+00 3.653050035027892761e+01
-5.888362262613373588e+00 3.830183481060453943e+01
-5.872793973041655846e+00 4.001142900706826566e+01
-5.857225683469938105e+00 4.151948663255948446e+01
-5.841657393898220363e+00 4.278893667096460973e+01
-5.826089104326502621e+00 4.386953358366552180e+01
-5.810520814754788432e+00 4.485502991540600704e+01
-5.794952525183070691e+00 4.583257742414811275e+01
-5.779384235611352949e+00 4.684453997645344003e+01
-5.763815946039635207e+00 4.787552967050103092e+01
-5.748247656467917466e+00 4.886529616956129729e+01
-5.732679366896199724e+00 4.973675631575101619e+01
-5.717111077324481982e+00 5.042305708907053940e+01
-5.701542787752767794e+00 5.088029257814376649e+01
-5.685974498181050052e+00 5.108155458138266880e+01
-5.670406208609332310e+00 5.099856353719589919e+01
-5.654837919037614569e+00 5.058382660314340029e+01
-5.639269629465896827e+00 4.976593015049740387e+01
-5.623701339894179085e+00 4.846375871594525364e+01
-5.608133050322464896e+00 4.661592433915666334e+01
-5.592564760750747155e+00 4.421428227970822888e+01
-5.576996471179029413e+00 4.132835189390685571e+01
-5.561428181607311672e+00 3.811103752169675118e+01
-5.545859892035593930e+00 3.478293377734598124e+01
-5.530291602463876188e+00 3.159943894312480595e+01
-5.514723312892161999e+00 2.880943009554346546e+01
-5.499155023320444258e+00 2.661554277784236433e+01
-5.483586733748726516e+00 2.514465347587470134e+01
-5.468018444177008774e+00 2.443401289585023051e+01
-5.452450154605291033e+00 2.443456897389783578e+01
-5.436881865033573291e+00 2.502912659202665679e+01
-5.421313575461855550e+00 2.605988514108694787e+01
-5.405745285890141361e+00 2.735833001775118944e+01
-5.390176996318423619e+00 2.877086094359214741e+01
-5.374608706746705877e+00 3.017568564696810185e+01
-5.359040417174988136e+00 3.148949415769097016e+01
-5.343472127603270394e+00 3.266512558096926711e+01
-5.327903838031552652e+00 3.368306197754937159e+01
-5.312335548459838463e+00 3.454001804940977394e+01
-5.296767258888120722e+00 3.523756483680132590e+01
-5.281198969316402980e+00 3.577316648884856676e+01
-5.265630679744685239e+00 3.613548416334658953e+01
-5.250062390172967497e+00 3.630520428385481324e+01
-5.234494100601249755e+00 3.626169984447363959e+01
-5.218925811029535566e+00 3.599438077572598615e+01
-5.203357521457817825e+00 3.551581929961195527e+01
-5.187789231886100083e+00 3.487220481692473584e+01
-5.172220942314382341e+00 3.414616715296632776e+01
-5.156652652742664600e+00 3.344820782682622706e+01
-5.141084363170946858e+00 3.289612332953087304e+01
-5.125516073599229117e+00 3.258627767306597178e+01
-5.109947784027514928e+00 3.256484050141438047e+01
-5.094379494455797186e+00 3.280911933676540571e+01
-5.078811204884079444e+00 3.322731487425443220e+01
-5.063242915312361703e+00 3.367936263127705843e+01
-5.047674625740643961e+00 3.401388862502736288e+01
-5.032106336168926219e+00 3.410989903079451580e+01
-5.016538046597212031e+00 3.390959357105629124e+01
-5.000969757025494289e+00 3.343175248969865265e+01
-4.985401467453776547e+00 3.276214985226373244e+01
-4.969833177882058806e+00 3.202533924644681207e+01
-4.954264888310341064e+00 3.134781705233882221e+01
-4.938696598738623322e+00 3.082425633777967278e+01
-4.923128309166909133e+00 3.049633967003657631e+01
-4.907560019595191392e+00 3.034911009914176105e+01
-4.891991730023473650e+00 3.032443911706196715e+01
-4.876423440451755908e+00 3.034657565265363033e+01
-4.860855150880038167e+00 3.035172756052160281e+01
-4.845286861308320425e+00 3.031283550706871210e+01
-4.829718571736602684e+00 3.025236849619952295e+01
-4.814150282164888495e+00 3.023974278170608088e+01
-4.798581992593170753e+00 3.037472701544323073e+01
-4.783013703021453011e+00 3.076232797220413318e+01
-4.767445413449735270e+00 3.148670031058480134e+01
-4.751877123878017528e+00 3.259100631758214917e+01
-4.736308834306299786e+00 3.406741884790645258e+01
-4.720740544734585598e+00 3.585795070207822022e+01
-4.705172255162867856e+00 3.786390798491976284e+01
-4.689603965591150114e+00 3.996033126839729732e+01
-4.674035676019432373e+00 4.201184178441843642e+01
-4.658467386447714631e+00 4.388730374414342350e+01
-4.642899096875996889e+00 4.547192792658673710e+01
-4.627330807304282700e+00 4.667633459491600689e+01
-4.611762517732564959e+00 4.744247693545833755e+01
-4.596194228160847217e+00 4.774635363327652726e+01
-4.580625938589129476e+00 4.759745085602558845e+01
-4.565057649017411734e+00 4.703513055776436858e+01
-4.549489359445693992e+00 4.612272692029982579e+01
-4.533921069873976251e+00 4.494061295383828281e+01
-4.518352780302262062e+00 4.357953737506803549e+01
-4.502784490730544320e+00 4.213492821491121276e+01
-4.487216201158826578e+00 4.070188258345142884e+01
-4.471647911587108837e+00 3.936981129498739307e+01
-4.456079622015391095e+00 3.821572593774571658e+01
-4.440511332443673354e+00 3.729605332736517909e+01
-4.424943042871959165e+00 3.663822067798440685e+01
-4.409374753300241423e+00 3.623437695506937217e+01
-4.393806463728523681e+00 3.603991649598249580e+01
-4.378238174156805940e+00 3.597875338114999266e+01
-4.362669884585088198e+00 3.595578001953222724e+01
-4.347101595013370456e+00 3.587510397143389440e+01
-4.331533305441652715e+00 3.566100543099984321e+01
-4.315965015869938526e+00 3.527750028569196417e+01
-4.300396726298220784e+00 3.474217898772890578e+01
-4.284828436726503043e+00 3.413071140724418484e+01
-4.269260147154785301e+00 3.356999491805837010e+01
-4.253691857583067559e+00 3.322012425953330705e+01
-4.238123568011349818e+00 3.324772372633908191e+01
-4.222555278439635629e+00 3.379511720044747847e+01
-4.206986988867917887e+00 3.495078331997193999e+01
-4.191418699296200145e+00 3.672630802147370588e+01
-4.175850409724482404e+00 3.904378896424267964e+01
-4.160282120152764662e+00 4.173587088532310219e+01
-4.144713830581046921e+00 4.455880821227339794e+01
-4.129145541009332732e+00 4.721738126721425743e+01
-4.113577251437614990e+00 4.939903917430373781e+01
-4.098008961865897248e+00 5.081317838819344246e+01
-4.082440672294179507e+00 5.123017567599332267e+01
-4.066872382722461765e+00 5.051423600392721625e+01
-4.051304093150744023e+00 4.864486745054988148e+01
-4.035735803579026282e+00 4.572393615054001259e+01
-4.020167514007312093e+00 4.196811468520489541e+01
-4.004599224435594351e+00 3.768898525893062157e+01
-3.989030934863877054e+00 3.326417318184153515e+01
-3.973462645292159312e+00 2.910254930000829177e+01
-3.957894355720441570e+00 2.560552584763312467e+01
-3.942326066148723829e+00 2.312595484496135256e+01
-3.926757776577009640e+00 2.192695021996227567e+01
-3.911189487005291898e+00 2.214501891041176762e+01
-3.895621197433574157e+00 2.376416094159384684e+01
-3.880052907861856415e+00 2.660852603844073627e+01
-3.864484618290138673e+00 3.035947205235488155e+01
-3.848916328718420932e+00 3.459811282149178169e+01
-3.833348039146706743e+00 3.886771176177182241e+01
-3.817779749574989001e+00 4.274382673124613774e+01
-3.802211460003271259e+00 4.589658997290747777e+01
-3.786643170431553518e+00 4.813075995971394150e+01
-3.771074880859835776e+00 4.939524465891449267e+01
-3.755506591288118035e+00 4.976267147101215471e+01
-3.739938301716400293e+00 4.938803460256974631e+01
-3.724370012144686104e+00 4.846045826313041260e+01
-3.708801722572968362e+00 4.716215905518726714e+01
-3.693233433001250621e+00 4.564425371459296343e+01
-3.677665143429532879e+00 4.402212966370679936e+01
-3.662096853857815137e+00 4.238616920692127366e+01
-3.646528564286097396e+00 4.081879652466909647e+01
-3.630960274714383207e+00 3.940737597136949688e+01
-3.615391985142665465e+00 3.824479041057745832e+01
-3.599823695570947724e+00 3.741497317539251100e+01
-3.584255405999229982e+00 3.696763297853429009e+01
-3.568687116427512240e+00 3.689240656692094689e+01
-3.553118826855794499e+00 3.710504871373664315e+01
-3.537550537284080310e+00 3.745540202165054211e+01
-3.521982247712362568e+00 3.775926111054802448e+01
-3.506413958140644826e+00 3.784662854382347774e+01
-3.490845668568927085e+00 3.761127459874067824e+01
-3.475277378997209343e+00 3.704439328821055000e+01
-3.459709089425491602e+00 3.623968644320736132e+01
-3.444140799853773860e+00 3.536678617851603690e+01
-3.428572510282059671e+00 3.462086190067371660e+01
-3.413004220710341929e+00 3.416441020351943791e+01
-3.397435931138624188e+00 3.407964298861089247e+01
-3.381867641566906446e+00 3.434584971915400331e+01
-3.366299351995188704e+00 3.484728064274258230e+01
-3.350731062423470963e+00 3.540685359787980246e+01
-3.335162772851756774e+00 3.583313204868474600e+01
-3.319594483280039032e+00 3.596531681180658779e+01
-3.304026193708321291e+00 3.570403382443670637e+01
-3.288457904136603549e+00 3.502267893281418054e+01
-3.272889614564885807e+00 3.396164635455158987e+01
-3.257321324993168066e+00 3.261262841582954763e+01
-3.241753035421450324e+00 3.110066146700140877e+01
-3.226184745849736135e+00 2.956836808197976296e+01
-3.210616456278018394e+00 2.816239241395287607e+01
-3.195048166706300652e+00 2.701922032714485766e+01
-3.179479877134582910e+00 2.624810927645199499e+01
-3.163911587562865169e+00 2.591232872735765724e+01
-3.148343297991147427e+00 2.601408571297613648e+01
-3.132775008419433238e+00 2.649054129482183839e+01
-3.117206718847715496e+00 2.722638722233917719e+01
-3.101638429275997755e+00 2.808284459079831663e+01
-3.086070139704280013e+00 2.893605972390082925e+01
-3.070501850132562272e+00 2.971301018330308708e+01
-3.054933560560844530e+00 3.041269639210298337e+01
-3.039365270989130341e+00 3.110498107038097260e+01
-3.023796981417412599e+00 3.190707478880545622e+01
-3.008228691845694858e+00 3.294520562465854852e+01
-2.992660402273977116e+00 3.431358837419478647e+01
-2.977092112702259374e+00 3.604305248160043362e+01
-2.961523823130541633e+00 3.808801984806595442e+01
-2.945955533558823891e+00 4.033459377879141528e+01
-2.930387243987109702e+00 4.262631380037196038e+01
-2.914818954415391961e+00 4.479931723553722378e+01
-2.899250664843674219e+00 4.671635917502896973e+01
-2.883682375271956477e+00 4.828995814773536921e+01
-2.868114085700238736e+00 4.948877009016322148e+01
-2.852545796128520994e+00 5.032716136293342402e+01
-2.836977506556806805e+00 5.084392803269606986e+01
-2.821409216985089063e+00 5.107984564569927954e+01
-2.805840927413371322e+00 5.106349730289844047e+01
-2.790272637841653580e+00 5.081052884888713095e+01
-2.774704348269935839e+00 5.033498332359189220e+01
-2.759136058698218097e+00 4.966571140121316574e+01
-2.743567769126503908e+00 4.885870824127001555e+01
-2.727999479554786166e+00 4.799845787054881896e+01
-2.712431189983068425e+00 4.718660976503146287e+01
-2.696862900411350683e+00 4.652181775968988831e+01
-2.681294610839632941e+00 4.607778947961813998e+01
-2.665726321267915200e+00 4.588650851049486334e+01
-2.650158031696197458e+00 4.593100121703366057e+01
-2.634589742124483269e+00 4.614872280963189866e+01
-2.619021452552765528e+00 4.644417577057626545e+01
-2.603453162981047786e+00 4.670822045898292885e+01
-2.587884873409330044e+00 4.684116156132157727e+01
-2.572316583837612303e+00 4.677628320371747606e+01
-2.556748294265894561e+00 4.649971619437523174e+01
-2.541180004694180372e+00 4.606174065005541252e+01
-2.525611715122462630e+00 4.557468936961263495e+01
-2.510043425550744889e+00 4.519426968144904322e+01
-2.494475135979027147e+00 4.508459208240102356e+01
-2.478906846407309406e+00 4.537198900449400440e+01
-2.463338556835591664e+00 4.609761112379622716e+01
-2.447770267263877475e+00 4.718205895862136146e+01
-2.432201977692159733e+00 4.841514896655651512e+01
-2.416633688120441992e+00 4.947925588870911184e+01
-2.401065398548724250e+00 5.000598961010675225e+01
-2.385497108977006508e+00 4.965560311925526804e+01
-2.369928819405288767e+00 4.820011203769616515e+01
-2.354360529833571025e+00 4.558806847159233655e+01
-2.338792240261856836e+00 4.197286570102352243e+01
-2.323223950690139095e+00 3.769621798027354487e+01
-2.307655661118421353e+00 3.323063076450672781e+01
-2.292087371546703611e+00 2.909508343579512513e+01
-2.276519081974985870e+00 2.576369247772815285e+01
-2.260950792403268128e+00 2.358687975946377335e+01
-2.245382502831553939e+00 2.273970289576996962e+01
-2.229814213259836198e+00 2.320477981372149756e+01
-2.214245923688118456e+00 2.478983900324392664e+01
-2.198677634116400714e+00 2.717373037778141409e+01
-2.183109344544682973e+00 2.997030726505808218e+01
-2.167541054972965231e+00 3.279713192807476219e+01
-2.151972765401247489e+00 3.533569080422685715e+01
-2.136404475829533300e+00 3.737201299260834730e+01
-2.120836186257815559e+00 3.881124618468253118e+01
-2.105267896686097817e+00 3.966610503308586289e+01
-2.089699607114380076e+00 4.002557083208808564e+01
-2.074131317542662334e+00 4.001476928631475261e+01
-2.058563027970944592e+00 3.975797709395116186e+01
-2.042994738399230403e+00 3.935383837889487069e+01
-2.027426448827512662e+00 3.886630571011239255e+01
-2.011858159255794920e+00 3.832887908241960417e+01
-1.996289869684077178e+00 3.775578754412546090e+01
-1.980721580112359437e+00 3.715316470755541900e+01
-1.965153290540641695e+00 3.652569382247533980e+01
-1.949585000968927506e+00 3.587798607559269470e+01
-1.934016711397209765e+00 3.521309061884825553e+01
-1.918448421825492023e+00 3.453168304057219018e+01
-1.902880132253774281e+00 3.383451215197114692e+01
-1.887311842682056540e+00 3.312847195443867321e+01
-1.871743553110338798e+00 3.243440569509465377e+01
-1.856175263538621056e+00 3.179334201721587760e+01
-1.840606973966906867e+00 3.126766750690270413e+01
-1.825038684395189126e+00 3.093470906590838965e+01
-1.809470394823471384e+00 3.087212480320015118e+01
-1.793902105251753643e+00 3.113709056379116547e+01
-1.778333815680035901e+00 3.174401868584444131e+01
-1.762765526108318159e+00 3.264761533741692290e+01
-1.747197236536603970e+00 3.373840881330014696e+01
-1.731628946964886229e+00 3.485562084352049084e+01
-1.716060657393168487e+00 3.581738695929123395e+01
-1.700492367821450745e+00 3.646207156647641767e+01
-1.684924078249733004e+00 3.668907699915168763e+01
-1.669355788678015262e+00 3.648571086843163158e+01
-1.653787499106301073e+00 3.592998081740257987e+01
-1.638219209534583332e+00 3.516716257932385048e+01
-1.622650919962865590e+00 3.436778668841067486e+01
-1.607082630391147848e+00 3.368205930544870341e+01
-1.591514340819430107e+00 3.320701038396437355e+01
-1.575946051247712365e+00 3.297681384866735499e+01
-1.560377761675994623e+00 3.297622134404370087e+01
-1.544809472104280434e+00 3.316688283486601563e+01
-1.529241182532562693e+00 3.351150584001842958e+01
-1.513672892960844951e+00 3.398368580002797046e+01
-1.498104603389127210e+00 3.456019790674036329e+01
-1.482536313817409468e+00 3.520280834542794679e+01
-1.466968024245691726e+00 3.584288444947894448e+01
-1.451399734673977537e+00 3.638113719003499824e+01
-1.435831445102259796e+00 3.670735190272681336e+01
-1.420263155530542054e+00 3.673481425488074592e+01
-1.404694865958824312e+00 3.643626040711091463e+01
-1.389126576387106571e+00 3.586613776913095109e+01
-1.373558286815388829e+00 3.515845320996790946e+01
-1.357989997243674640e+00 3.449837911727043149e+01
-1.342421707671956899e+00 3.407536832632086288e+01
-1.326853418100239157e+00 3.403213399034657272e+01
-1.311285128528521415e+00 3.442519383852952330e+01
-1.295716838956803674e+00 3.520851920837124283e+01
-1.280148549385085932e+00 3.624393801387834912e+01
-1.264580259813368190e+00 3.733341055512023132e+01
-1.249011970241654002e+00 3.826233764341800736e+01
-1.233443680669936260e+00 3.884164619365861171e+01
-1.217875391098218518e+00 3.893939343830918887e+01
-1.202307101526500777e+00 3.849795810817779085e+01
-1.186738811954783035e+00 3.753774553724525020e+01
-1.171170522383065293e+00 3.615079163615418167e+01
-1.155602232811351104e+00 3.448758219183197582e+01
-1.140033943239633363e+00 3.273917932522478935e+01
-1.124465653667915621e+00 3.111597408527192599e+01
-1.108897364096197879e+00 2.982468973333361006e+01
-1.093329074524480138e+00 2.904601707427619672e+01
-1.077760784952762396e+00 2.891537866293840864e+01
-1.062192495381048207e+00 2.950834549263962714e+01
-1.046624205809330466e+00 3.083083684587004569e+01
-1.031055916237612724e+00 3.281364839226271357e+01
-1.015487626665894982e+00 3.531175369394094332e+01
-9.999193370941772407e-01 3.811061556154602670e+01
-9.843510475224594991e-01 4.094283197605115987e+01
-9.687827579507417575e-01 4.351732601201352679e+01
-9.532144683790275685e-01 4.555968293917959500e+01
-9.376461788073098269e-01 4.685742695454951701e+01
-9.220778892355920853e-01 4.730025432130661756e+01
-9.065095996638743436e-01 4.690450863137838411e+01
-8.909413100921566020e-01 4.581423658845670843e+01
-8.753730205204388604e-01 4.427710209598684088e+01
-8.598047309487246714e-01 4.260015406819058370e+01
-8.442364413770069298e-01 4.109556558762573530e+01
-8.286681518052891882e-01 4.002835099076676784e+01
-8.130998622335714465e-01 3.957642794654912421e+01
-7.975315726618537049e-01 3.980923804247415632e+01
-7.819632830901359632e-01 4.068619355282161365e+01
-7.663949935184182216e-01 4.207208895597590725e+01
-7.508267039467040327e-01 4.376419471371623615e+01
-7.352584143749862911e-01 4.552507822294593609e+01
-7.196901248032685494e-01 4.711575147171473787e+01
-7.041218352315508078e-01 4.832488738434551578e+01
-6.885535456598330661e-01 4.899114156337898862e+01
-6.729852560881153245e-01 4.901690861791736609e+01
-6.574169665164011356e-01 4.837313579765626770e+01
-6.418486769446833939e-01 4.709608046596435571e+01
-6.262803873729656523e-01 4.527794452528225122e+01
-6.107120978012479107e-01 4.305384182043585639e+01
-5.951438082295301690e-01 4.058732683409801467e+01
-5.795755186578124274e-01 3.805582519654675622e+01
-5.640072290860982385e-01 3.563624692681743511e+01
-5.484389395143804968e-01 3.349050715437880399e+01
-5.328706499426627552e-01 3.175106310154897926e+01
-5.173023603709450136e-01 3.050774308671131152e+01
-5.017340707992272719e-01 2.979835187552739839e+01
-4.861657812275095303e-01 2.960588882288288204e+01
-4.705974916557917886e-01 2.986422892865459389e+01
-4.550292020840775997e-01 3.047204123755390626e+01
-4.394609125123598581e-01 3.131237809978905773e+01
-4.238926229406421164e-01 3.227367946177582780e+01
-4.083243333689243748e-01 3.326746320216603436e+01
-3.927560437972066332e-01 3.423878857061281877e+01
-3.771877542254888915e-01 3.516740276555885458e+01
-3.616194646537747026e-01 3.605985201417789909e+01
-3.460511750820569610e-01 3.693518331318246339e+01
-3.304828855103392193e-01 3.780850757395161565e+01
-3.149145959386214777e-01 3.867703550963269521e+01
-2.993463063669037361e-01 3.951205036819990113e+01
-2.837780167951859944e-01 4.025815255817845184e+01
-2.682097272234718055e-01 4.083904046493603346e+01
-2.526414376517540639e-01 4.116802380930426608e+01
-2.370731480800363222e-01 4.116156271636801733e+01
-2.215048585083185806e-01 4.075462273842097005e+01
-2.059365689366008390e-01 3.991647931627264967e+01
-1.903682793648830973e-01 3.866443243681156616e+01
-1.747999897931653557e-01 3.707152801086910898e+01
-1.592317002214511668e-01 3.526432119156514489e+01
-1.436634106497334251e-01 3.340890139443393991e+01
-1.280951210780156835e-01 3.168726148837406953e+01
-1.125268315062979418e-01 3.026970607311329786e+01
-9.695854193458020021e-02 2.929031187854155860e+01
-8.139025236286245857e-02 2.883074597431362562e+01
-6.582196279114826964e-02 2.891411969406574300e+01
-5.025367321943052801e-02 2.950717356803717806e+01
-3.468538364771278637e-02 3.052769710908257750e+01
-1.911709407599504473e-02 3.185491140580806757e+01
-3.548804504277303096e-03 3.334229804281393683e+01
1.201948506744043854e-02 3.483327976096109779e+01
2.758777463915462747e-02 3.617927302950823076e+01
4.315606421087236910e-02 3.725743331836581262e+01
5.872435378259011074e-02 3.798355076764579508e+01
7.429264335430785238e-02 3.831576875103881719e+01
8.986093292602559401e-02 3.824773870529627828e+01
1.054292224977433357e-01 3.779443882452149239e+01
1.209975120694610773e-01 3.697779658446143713e+01
1.365658016411752662e-01 3.582002456323338180e+01
1.521340912128930078e-01 3.434919271732945845e+01
1.677023807846107495e-01 3.261527248745544938e+01
1.832706703563284911e-01 3.070878086264979601e+01
1.988389599280462328e-01 2.877152394940380020e+01
2.144072494997639744e-01 2.699140528733468614e+01
2.299755390714781633e-01 2.557973918005354008e+01
2.455438286431959050e-01 2.473676179050145407e+01
2.611121182149136466e-01 2.461552314182791079e+01
2.766804077866313882e-01 2.529422452299246871e+01
2.922486973583491299e-01 2.676309863614119777e+01
3.078169869300668715e-01 2.892676522952821117e+01
3.233852765017846131e-01 3.161934725623688891e+01
3.389535660734988021e-01 3.462858442527343783e+01
3.545218556452165437e-01 3.772574697479109318e+01
3.700901452169342853e-01 4.069834319304592896e+01
3.856584347886520270e-01 4.338119296140575187e+01
4.012267243603697686e-01 4.567907982807918188e+01
4.167950139320875103e-01 4.757316983364361107e+01
4.323633035038016992e-01 4.910596215073628201e+01
4.479315930755194408e-01 5.034614748908860093e+01
4.634998826472371825e-01 5.134320751350287537e+01
4.790681722189549241e-01 5.208792134137983965e+01
4.946364617906726657e-01 5.249543595534589713e+01
5.102047513623904074e-01 5.242084297260430503e+01
5.257730409341045963e-01 5.170528430008280196e+01
5.413413305058223379e-01 5.023819544515350799e+01
5.569096200775400796e-01 4.801376921550639310e+01
5.724779096492578212e-01 4.516064207832587840e+01
5.880461992209755628e-01 4.193313948315241646e+01
6.036144887926933045e-01 3.866639805185958778e+01
6.191827783644110461e-01 3.571043901655033181e+01
6.347510679361252350e-01 3.336450984886538862e+01
6.503193575078429767e-01 3.183048292424891912e+01
6.658876470795607183e-01 3.119455285239227393e+01
6.814559366512784599e-01 3.143468761380242427e+01
6.970242262229962016e-01 3.244267357262067719e+01
7.125925157947139432e-01 3.404762668717713581e+01
7.281608053664281321e-01 3.603258433628687385e+01
7.437290949381458738e-01 3.814411653300353322e+01
7.592973845098636154e-01 4.010215883015818861e+01
7.748656740815813571e-01 4.161956511390991409e+01
7.904339636532990987e-01 4.243684021826571495e+01
8.060022532250168403e-01 4.236892236769257636e+01
8.215705427967310293e-01 4.135186426599263143e+01
8.371388323684487709e-01 3.947239261831384738e+01
8.527071219401665125e-01 3.696553041444128951e+01
8.682754115118842542e-01 3.417458848815446260e+01
8.838437010836019958e-01 3.148060489486209690e+01
8.994119906553197374e-01 2.921972670665398653e+01
9.149802802270374791e-01 2.761247516326428908e+01
9.305485697987516680e-01 2.672598997347775907e+01
9.461168593704694096e-01 2.648005175171862646e+01
9.616851489421871513e-01 2.669352180759331361e+01
9.772534385139048929e-01 2.715476398965997973e+01
9.928217280856226346e-01 2.769216475956200796e+01
1.008390017657340376e+00 2.822163043840908259e+01
1.023958307229054565e+00 2.875665572042630913e+01
1.039526596800772307e+00 2.938015029486535212e+01
1.055094886372490048e+00 3.019078893795565932e+01
1.070663175944207790e+00 3.124524549847103572e+01
1.086231465515925532e+00 3.251815190004215594e+01
1.101799755087643273e+00 3.389401064257155838e+01
1.117368044659357462e+00 3.519280961973733923e+01
1.132936334231075204e+00 3.621882107898587577e+01
1.148504623802792945e+00 3.681473929306587678e+01
1.164072913374510687e+00 3.690327576744656568e+01
1.179641202946228429e+00 3.650471191143184058e+01
1.195209492517946170e+00 3.572831107853107824e+01
1.210777782089663912e+00 3.474381905421324745e+01
1.226346071661378101e+00 3.374367207440344885e+01
1.241914361233095843e+00 3.290641008210337048e+01
1.257482650804813584e+00 3.236862221946992690e+01
1.273050940376531326e+00 3.220879748927342234e+01
1.288619229948249068e+00 3.244340601872257679e+01
1.304187519519966809e+00 3.303379779670053296e+01
1.319755809091680998e+00 3.390146298324314245e+01
1.335324098663398740e+00 3.494813122771897440e+01
1.350892388235116481e+00 3.607607359500614308e+01
1.366460677806834223e+00 3.720356885009086767e+01
1.382028967378551965e+00 3.827167697787255918e+01
1.397597256950269706e+00 3.924133870016916603e+01
1.413165546521983895e+00 4.008339434947744451e+01
1.428733836093701637e+00 4.076677766180154094e+01
1.444302125665419378e+00 4.125065273561748569e+01
1.459870415237137120e+00 4.148450984146607112e+01
1.475438704808854862e+00 4.141718992379774278e+01
1.491006994380572603e+00 4.101279796068229189e+01
1.506575283952290345e+00 4.026936812688004608e+01
1.522143573524004534e+00 3.923511148726808528e+01
1.537711863095722276e+00 3.801692049310783972e+01
1.553280152667440017e+00 3.677656438779757053e+01
1.568848442239157759e+00 3.571210333900501155e+01
1.584416731810875500e+00 3.502577913140608956e+01
1.599985021382593242e+00 3.488445522434119539e+01
1.615553310954307431e+00 3.538288538801973715e+01
1.631121600526025173e+00 3.652144312446221619e+01
1.646689890097742914e+00 3.820689840593158948e+01
1.662258179669460656e+00 4.027769041250783744e+01
1.677826469241178398e+00 4.254633891843434412e+01
1.693394758812896139e+00 4.484480173253964352e+01
1.708963048384613881e+00 4.705691377361166872e+01
1.724531337956328070e+00 4.912670543326542116e+01
1.740099627528045811e+00 5.104084438797036682e+01
1.755667917099763553e+00 5.279393242041147971e+01
1.771236206671481295e+00 5.435251267997155367e+01
1.786804496243199036e+00 5.563424031982638240e+01
1.802372785814916778e+00 5.651229049764582868e+01
1.817941075386630967e+00 5.684434469954150870e+01
1.833509364958348709e+00 5.651507070413309464e+01
1.849077654530066450e+00 5.547549797383003778e+01
1.864645944101784192e+00 5.376441516073221294e+01
1.880214233673501933e+00 5.150474854758612508e+01
1.895782523245219675e+00 4.887783577704994542e+01
1.911350812816933864e+00 4.608590135251891695e+01
1.926919102388651606e+00 4.331496768434224975e+01
1.942487391960369347e+00 4.070713765191197808e+01
1.958055681532087089e+00 3.834549596277442163e+01
1.973623971103804831e+00 3.625023491057206826e+01
1.989192260675522572e+00 3.438297822353753475e+01
2.004760550247240314e+00 3.265727478967455966e+01
2.020328839818954503e+00 3.095486511345197655e+01
2.035897129390672244e+00 2.914760014872481264e+01
2.051465418962389986e+00 2.712319689792038346e+01
2.067033708534107728e+00 2.481037452202324900e+01
2.082601998105825469e+00 2.219718498668303752e+01
2.098170287677543211e+00 1.933697616976676414e+01
2.113738577249257400e+00 1.633955835218129593e+01
2.129306866820975142e+00 1.334959606943608534e+01
2.144875156392692883e+00 1.051815331465142833e+01
2.160443445964410625e+00 7.975102141967689739e+00
2.176011735536128366e+00 5.809187288401659544e+00
2.191580025107846108e+00 4.059512738917072205e+00
2.207148314679560297e+00 2.718439939122772042e+00
2.222716604251278039e+00 1.742803381599709045e+00
2.238284893822995780e+00 1.068870161718097123e+00
2.253853183394713522e+00 6.267152204767010293e-01
2.269421472966431264e+00 3.511156634379610786e-01
2.284989762538149005e+00 1.878744519190247986e-01
2.300558052109866747e+00 9.597458818288054361e-02
2.316126341681580936e+00 4.679233800025293238e-02
2.331694631253298677e+00 2.176725032976838461e-02
2.347262920825016419e+00 9.659201366990909088e-03
2.362831210396734161e+00 4.087911825885457741e-03
2.378399499968451902e+00 1.649724176003795071e-03
2.393967789540169644e+00 6.347586609811153510e-04
2.409536079111883833e+00 2.328310005642522521e-04
2.425104368683601574e+00 8.140728512440137214e-05
2.440672658255319316e+00 2.712928143934157591e-05
2.456240947827037058e+00 8.616560089210020308e-06
2.471809237398754799e+00 2.608093451307971149e-06
2.487377526970472541e+00 7.522862823630423259e-07
2.502945816542186730e+00 2.067733751964367394e-07
2.518514106113904472e+00 5.415534010315827658e-08
2.534082395685622213e+00 1.351479345381828234e-08
2.549650685257339955e+00 3.213567300695807029e-09
2.565218974829057696e+00 7.280571514048204672e-10
2.580787264400773662e+00 1.571576003010929553e-10
