material_id,Chemical formula,CN,Rm,Rx,Pm,Px,Adsorption energy (eV),cif_file,Formation energy (eV/atom),Band gap (eV),Bulk modulus (GPa),Shear modulus (GPa)
mp-493,Co2B,4,152,87,1.88,2.04,2.5646361592111595,mp-493_Co2B.cif,-0.20944,0.0,274.66,94.71
mp-1194075,CoN12,6,152,56,1.88,3.04,4.365059259259258,mp-1194075_CoN12.cif,0.42907000000000045,0.0,299.56757409958533,58.19524036335939
mp-1412630,CoN12,4,152,56,1.88,3.04,4.365059259259258,mp-1412630_CoN12.cif,-0.01854,0.0,253.90000000000038,54.18000000000002
mp-1009078,CoN,6,152,56,1.88,3.04,5.3142571428571435,mp-1009078_CoN.cif,0.34269,0.0,304.7001209503701,57.683652429117096
mp-448,CoN,4,152,56,1.88,3.04,5.281516402116402,mp-448_CoN.cif,-0.01854,0.0,253.9,54.18
mp-22762,CoN3,6,152,56,1.88,3.04,4.9978756613756605,mp-22762_CoN3.cif,0.51545,0.0,295.56479035763766,62.02360642319576
mp-856161,CoO2,6,152,48,1.88,3.44,4.365059259259258,mp-856161_CoO2.cif,-0.98533,0.0,111.83,61.69
mp-19275,CoO,6,152,48,1.88,3.44,1.5813675925925927,mp-19275_CoO.cif,-0.66065,0.0,165.31,35.41
mp-1226115,CoO2,4,152,48,1.88,3.44,4.365059259259258,mp-1226115_CoO2.cif,-0.98533,0.0,111.83,61.69
mp-754748,CoO2,6,152,48,1.88,3.44,4.384599999999999,mp-754748_CoO2.cif,-0.9899,0.0,111.83,61.69
mp-32686,CoO2,6,152,48,1.88,3.44,4.365059259259258,mp-32686_CoO2.cif,-0.99171,0.0,115.7,70.44
mp-754720,CoO2,6,152,48,1.88,3.44,4.754766666666666,mp-754720_CoO2.cif,-0.98759,0.0,111.83,61.69
mp-766681,Co15O28,6,152,48,1.88,3.44,4.384599999999999,mp-766681_Co15O28.cif,-1.14545919732558,0.4835,121.80631320097308,63.22071655873888
mp-1178540,CoO2,6,152,48,1.88,3.44,4.754766666666666,mp-1178540_CoO2.cif,-0.98533,0.0,111.83,61.69
mp-755508,CoO2,6,152,48,1.88,3.44,4.365059259259258,mp-755508_CoO2.cif,-1.02939,0.0,111.83,61.69
mp-796278,CoO2,6,152,48,1.88,3.44,4.365059259259258,mp-796278_CoO2.cif,-0.98533,0.0,111.83,61.69
mp-1062939,CoO2,6,152,48,1.88,3.44,4.365059259259258,mp-1062939_CoO2.cif,-0.97527,0.0,107.1,54.08
mp-22408,CoO,4,152,48,1.88,3.44,5.145962962962963,mp-22408_CoO.cif,-0.80249,0.0,167.37,29.230000000000004
mp-1281832,CoO2,6,152,48,1.88,3.44,4.384599999999999,mp-1281832_CoO2.cif,-0.98533,0.0,111.83,61.69
mp-1272749,CoO2,6,152,48,1.88,3.44,4.365059259259258,mp-1272749_CoO2.cif,-0.97546,0.0,106.6,54.2
mp-25234,CoO2,6,152,48,1.88,3.44,4.365059259259258,mp-25234_CoO2.cif,-0.98533,0.0,111.83,61.69
mp-1047639,CoO2,6,152,48,1.88,3.44,4.365059259259258,mp-1047639_CoO2.cif,-0.98533,0.0,111.83,61.69
mp-1400906,CoO2,6,152,48,1.88,3.44,4.384599999999999,mp-1400906_CoO2.cif,-0.98533,0.0,111.83,61.69
mp-19128,CoO,4,152,48,1.88,3.44,5.145962962962963,mp-19128_CoO.cif,-0.75155,0.0,140.09,25.19
mp-1275937,CoO2,6,152,48,1.88,3.44,4.365059259259258,mp-1275937_CoO2.cif,-0.98533,0.0,111.83,61.69
mp-1079523,CoO4,4,152,48,1.88,3.44,4.365059259259258,mp-1079523_CoO4.cif,-0.8811749999999993,0.0,142.76900000000015,28.291350000000033
mp-756900,Co7O12,6,152,48,1.88,3.44,4.754766666666666,mp-756900_Co7O12.cif,-1.01827,0.0,112.79749999999999,63.7736999999999
mp-1063268,CoO2,4,152,48,1.88,3.44,4.365059259259258,mp-1063268_CoO2.cif,-0.98533,0.0,111.83,61.69
mp-1062643,CoO2,6,152,48,1.88,3.44,4.365059259259258,mp-1062643_CoO2.cif,-0.51038,0.0,106.5,44.14
mp-1344053,CoO2,6,152,48,1.88,3.44,4.365059259259258,mp-1344053_CoO2.cif,-0.98533,0.0,111.83,61.69
mp-1278455,CoO2,6,152,48,1.88,3.44,4.754766666666666,mp-1278455_CoO2.cif,-0.98533,0.0,111.83,61.69
mp-1272680,CoO2,6,152,48,1.88,3.44,4.754766666666666,mp-1272680_CoO2.cif,-0.98533,0.0,111.83,61.69
mp-550206,CoO2,6,152,48,1.88,3.44,4.754766666666666,mp-550206_CoO2.cif,-0.98533,0.0,111.83,61.69
mp-19079,CoO,6,152,48,1.88,3.44,1.513405555555556,mp-19079_CoO.cif,-0.66645,0.0,170.52,33.27
mp-1278937,CoO2,6,152,48,1.88,3.44,4.384599999999999,mp-1278937_CoO2.cif,-0.98533,0.0,111.83,61.69
mp-504097,CoO2,6,152,48,1.88,3.44,4.365059259259258,mp-504097_CoO2.cif,-0.96687,0.0,111.83,61.69
mp-556750,CoO2,6,152,48,1.88,3.44,4.365059259259258,mp-556750_CoO2.cif,-0.92667,0.0,79.16,51.43
mp-1043418,Co2O3,6,152,48,1.88,3.44,1.4688342592592594,mp-1043418_Co2O3.cif,-1.07766,0.0,112.00909999999995,62.000699999999895
mp-22270,CoP,6,152,98,1.88,2.19,2.304183915343915,mp-22270_CoP.cif,-0.555,0.0,185.32,104.35
mp-14285,CoP2,6,152,98,1.88,2.19,2.303821767676768,mp-14285_CoP2.cif,-0.53885,0.429,163.16539836117926,121.79985976557528
mp-1944,CoP3,6,152,98,1.88,2.19,2.12004962962963,mp-1944_CoP3.cif,-0.49316,0.0,148.90319263904462,114.52804651154587
mp-1183733,Co3S,4,152,88,1.88,2.58,2.2666013708513706,mp-1183733_Co3S.cif,0.03685,0.0,170.13,61.56
mp-1042106,CoS2,4,152,88,1.88,2.58,1.1320415343915344,mp-1042106_CoS2.cif,-0.410775,0.0,88.66999999999999,23.14
mp-1183728,Co2S3,6,152,88,1.88,2.58,2.248030343915344,mp-1183728_Co2S3.cif,-0.51176,0.0,120.84040000000012,72.8721329119246
mp-1390701,CoS2,6,152,88,1.88,2.58,1.177606216931217,mp-1390701_CoS2.cif,-0.410775,0.0,88.66999999999999,23.14
mp-1274,CoS,6,152,88,1.88,2.58,2.305441693121693,mp-1274_CoS.cif,-0.36014,0.0,159.69235388571332,49.118659539226186
mp-2070,CoS2,6,152,88,1.88,2.58,2.1512431962481964,mp-2070_CoS2.cif,-0.44998,0.0,124.03,74.18
mp-850049,CoS2,6,152,88,1.88,2.58,2.1512431962481964,mp-850049_CoS2.cif,-0.44679,0.0,88.66999999999999,23.14
mp-1147746,CoS,4,152,88,1.88,2.58,1.1790222222222224,mp-1147746_CoS.cif,-0.20956,0.0,159.69235388571332,49.118659539226186
mp-1387852,CoS2,6,152,88,1.88,2.58,1.1189396825396825,mp-1387852_CoS2.cif,-0.410775,0.0,88.66999999999999,23.14
mp-684829,Co27Se32,6,152,103,1.88,2.55,2.309533315295815,mp-684829_Co27Se32.cif,-0.21986983093220414,0.0,118.38419789223734,50.607142338068904
mp-1183684,Co3Se,4,152,103,1.88,2.55,2.3074496031746032,mp-1183684_Co3Se.cif,-0.25743999999999984,0.0,45.13000000000008,26.40000000000005
mp-20862,CoSe2,6,152,103,1.88,2.55,2.279269624819625,mp-20862_CoSe2.cif,-0.31576,0.0,110.73,55.8
mp-685129,Co17Se20,6,152,103,1.88,2.55,2.3585920454545453,mp-685129_Co17Se20.cif,-0.2165701346452699,0.0,118.96979789223732,51.524542338068905
mp-426,CoSe,6,152,103,1.88,2.55,2.3757853174603176,mp-426_CoSe.cif,-0.1505,0.0,133.67,44.06
mp-22309,CoSe2,6,152,103,1.88,2.55,2.157489466089466,mp-22309_CoSe2.cif,-0.29853,0.0,99.19706859505207,66.10741495905965
mp-11800,Co3Se4,6,152,103,1.88,2.55,2.3257849025974022,mp-11800_Co3Se4.cif,-0.28012,0.0,104.39,48.03
mp-604908,CoSe,4,152,103,1.88,2.55,1.147775925925926,mp-604908_CoSe.cif,-0.25744,0.0,45.13,26.4
mp-1390196,CoSe2,6,152,103,1.88,2.55,1.1570488095238096,mp-1390196_CoSe2.cif,-0.31576,0.0,110.73,55.8
mp-788,CoTe,6,152,123,1.88,2.1,2.2026512962962967,mp-788_CoTe.cif,-0.03209,0.0,112.92,48.97
mp-1103359,CoTe2,6,152,123,1.88,2.1,2.2777666666666665,mp-1103359_CoTe2.cif,-0.1607,0.0,71.775,36.45
mp-9945,CoTe2,6,152,123,1.88,2.1,2.2026620851370855,mp-9945_CoTe2.cif,-0.16864,0.0,86.64,45.79
mp-684822,Co19Te34,6,152,123,1.88,2.1,2.1694773629148627,mp-684822_Co19Te34.cif,-0.18791380018867884,0.0,61.956300000000034,29.512670709997348
mp-1226090,Co5Te6,6,152,123,1.88,2.1,2.2463692676767675,mp-1226090_Co5Te6.cif,-0.09184,0.0,96.57314999999996,51.80279319672478
mp-1009641,CoTe2,6,152,123,1.88,2.1,2.1893546296296296,mp-1009641_CoTe2.cif,-0.19234,0.0,56.71,27.11
mp-1183699,Co3Te,4,152,123,1.88,2.1,2.1862670851370853,mp-1183699_Co3Te.cif,-0.03873796737144992,0.01968,39.49926121705699,15.918158851870384
mp-569424,Cr2B,4,166,87,1.66,2.04,2.7150533597883597,mp-569424_Cr2B.cif,-0.34643,0.0,290.94,181.33
mp-15809,Cr2B,4,166,87,1.66,2.04,2.601571878306878,mp-15809_Cr2B.cif,-0.34607,0.0,290.94,181.33
mp-1018050,CrC,6,166,67,1.66,2.55,2.646007037037037,mp-1018050_CrC.cif,-0.07135,0.0,341.7788932070904,243.63202334870653
mp-579,CrC,6,166,67,1.66,2.55,2.6090894925444927,mp-579_CrC.cif,0.0961,0.0,305.9,152.28
mp-1232782,CrN,6,166,56,1.66,3.04,2.5133403703703703,mp-1232782_CrN.cif,-0.48831,0.0,272.17,69.7
mp-2132,CrN,6,166,56,1.66,3.04,2.4812265295815297,mp-2132_CrN.cif,-0.48831,0.0,272.17,69.7
mp-1096914,CrN2,4,166,56,1.66,3.04,3.739308068783069,mp-1096914_CrN2.cif,0.06677,0.0,243.51,136.25
mp-1014478,CrN2,4,166,56,1.66,3.04,3.739308068783069,mp-1014478_CrN2.cif,0.309,0.0,243.51,136.25
mp-1015612,CrN2,4,166,56,1.66,3.04,3.9824170634920635,mp-1015612_CrN2.cif,0.26737,0.0,243.51,136.25
mp-1016059,CrN2,4,166,56,1.66,3.04,3.739308068783069,mp-1016059_CrN2.cif,-0.08209916262833161,0.0,243.51,136.25
mp-1016073,CrN2,4,166,56,1.66,3.04,3.739308068783069,mp-1016073_CrN2.cif,-0.062143771308887125,0.0,243.51,136.25
mp-1096909,CrN2,4,166,56,1.66,3.04,3.739308068783069,mp-1096909_CrN2.cif,0.11793,0.0,243.51,136.25
mp-1014366,CrN2,6,166,56,1.66,3.04,3.9824170634920635,mp-1014366_CrN2.cif,0.10679,0.0,252.78,149.01
mp-1016063,CrN2,4,166,56,1.66,3.04,3.739308068783069,mp-1016063_CrN2.cif,-0.034358869086665564,0.1766,243.51,136.25
mp-1096903,CrN2,4,166,56,1.66,3.04,3.739308068783069,mp-1096903_CrN2.cif,0.11793,0.0,243.51,136.25
mp-1096910,CrN2,4,166,56,1.66,3.04,3.739308068783069,mp-1096910_CrN2.cif,0.11793,0.0,243.51,136.25
mp-1096889,CrN2,4,166,56,1.66,3.04,3.739308068783069,mp-1096889_CrN2.cif,0.11793,0.0,243.51,136.25
mp-1096934,CrN2,4,166,56,1.66,3.04,3.739308068783069,mp-1096934_CrN2.cif,0.11793,0.0,243.51,136.25
mp-1096911,CrN2,4,166,56,1.66,3.04,3.739308068783069,mp-1096911_CrN2.cif,0.11793,0.0,243.51,136.25
mp-1096922,CrN2,4,166,56,1.66,3.04,3.739308068783069,mp-1096922_CrN2.cif,0.11793,0.0,243.51,136.25
mp-1096919,CrN2,4,166,56,1.66,3.04,3.739308068783069,mp-1096919_CrN2.cif,0.11793,0.0,243.51,136.25
mp-1096961,CrN2,4,166,56,1.66,3.04,3.739308068783069,mp-1096961_CrN2.cif,0.11793,0.0,243.51,136.25
mp-1096901,CrN2,4,166,56,1.66,3.04,3.739308068783069,mp-1096901_CrN2.cif,0.11793,0.0,243.51,136.25
mp-1096931,CrN2,4,166,56,1.66,3.04,3.739308068783069,mp-1096931_CrN2.cif,0.11793,0.0,243.51,136.25
mp-1096890,CrN2,4,166,56,1.66,3.04,3.739308068783069,mp-1096890_CrN2.cif,0.11793,0.0,243.51,136.25
mp-1096894,CrN2,4,166,56,1.66,3.04,3.739308068783069,mp-1096894_CrN2.cif,0.11793,0.0,243.51,136.25
mp-1096957,CrN2,4,166,56,1.66,3.04,3.739308068783069,mp-1096957_CrN2.cif,0.11793,0.0,243.51,136.25
mp-1096951,CrN2,4,166,56,1.66,3.04,4.1307238095238095,mp-1096951_CrN2.cif,0.11793,0.0,243.51,136.25
mp-1014345,Cr3N4,6,166,56,1.66,3.04,4.736268915343914,mp-1014345_Cr3N4.cif,-0.5272245349314285,0.0,288.77,126.46
mp-1015076,CrN2,4,166,56,1.66,3.04,3.739308068783069,mp-1015076_CrN2.cif,0.25709,0.0,243.51,136.25
mp-1232897,CrN,6,166,56,1.66,3.04,2.5133403703703703,mp-1232897_CrN.cif,-0.48831,0.0,272.17,69.7
mp-1096968,CrN2,4,166,56,1.66,3.04,3.739308068783069,mp-1096968_CrN2.cif,0.11793,0.0,243.51,136.25
mp-1096962,CrN2,4,166,56,1.66,3.04,3.739308068783069,mp-1096962_CrN2.cif,0.11793,0.0,243.51,136.25
mp-1183691,CrN,6,166,56,1.66,3.04,4.688505952380952,mp-1183691_CrN.cif,-0.68955,0.0,272.17,69.7
mp-1096924,CrN2,4,166,56,1.66,3.04,3.739308068783069,mp-1096924_CrN2.cif,0.11793,0.0,243.51,136.25
mp-1096928,CrN2,4,166,56,1.66,3.04,3.739308068783069,mp-1096928_CrN2.cif,0.11793,0.0,243.51,136.25
mp-1096896,CrN2,4,166,56,1.66,3.04,3.739308068783069,mp-1096896_CrN2.cif,0.11793,0.0,243.51,136.25
mp-1016078,CrN2,4,166,56,1.66,3.04,3.7588488095238097,mp-1016078_CrN2.cif,0.06203287355222484,0.3777000000000008,243.51,136.25
mp-1097018,CrN2,4,166,56,1.66,3.04,3.739308068783069,mp-1097018_CrN2.cif,0.11793,0.0,243.51,136.25
mp-1014993,CrN2,6,166,56,1.66,3.04,2.6357843338143336,mp-1014993_CrN2.cif,-0.04567,0.0,243.51,136.25
mp-1080200,CrN2,6,166,56,1.66,3.04,2.65006436026936,mp-1080200_CrN2.cif,-0.18791,0.0,243.51,157.09
mp-1014347,Cr3N4,4,166,56,1.66,3.04,4.736268915343914,mp-1014347_Cr3N4.cif,-0.36585,0.0,288.77,126.46
mp-1096907,CrN2,4,166,56,1.66,3.04,3.739308068783069,mp-1096907_CrN2.cif,0.11793,0.0,243.51,136.25
mp-1014444,Cr3N2,4,166,56,1.66,3.04,5.077362433862433,mp-1014444_Cr3N2.cif,-0.41592,0.0,144.87,78.605
mp-1096886,CrN2,4,166,56,1.66,3.04,3.739308068783069,mp-1096886_CrN2.cif,0.11793,0.0,243.51,136.25
mp-1014995,CrN2,4,166,56,1.66,3.04,3.739308068783069,mp-1014995_CrN2.cif,-0.10907206130888704,0.0,243.51,136.25
mp-1096882,Cr3N2,4,166,56,1.66,3.04,5.077362433862433,mp-1096882_Cr3N2.cif,-0.54483,0.0,144.87,78.605
mp-1018157,CrN,4,166,56,1.66,3.04,4.655765211640212,mp-1018157_CrN.cif,-0.59582,0.0,228.63,10.0
mp-1014460,Cr3N4,6,166,56,1.66,3.04,4.692120767195767,mp-1014460_Cr3N4.cif,-0.28703,0.0,288.77,126.46
mp-1014339,CrN2,4,166,56,1.66,3.04,3.739308068783069,mp-1014339_CrN2.cif,-0.11215124908666496,0.0,243.51,136.25
mp-1096893,CrN2,4,166,56,1.66,3.04,3.739308068783069,mp-1096893_CrN2.cif,0.11793,0.0,243.51,136.25
mp-1096935,CrN2,6,166,56,1.66,3.04,4.373832804232804,mp-1096935_CrN2.cif,0.11793,0.0,243.51,136.25
mp-1097039,CrN2,4,166,56,1.66,3.04,3.739308068783069,mp-1097039_CrN2.cif,0.11793,0.0,243.51,136.25
mp-1015780,CrN2,4,166,56,1.66,3.04,4.1307238095238095,mp-1015780_CrN2.cif,-0.1321648901160781,0.2319,243.51,136.25
mp-1014318,Cr3N2,4,166,56,1.66,3.04,5.077362433862433,mp-1014318_Cr3N2.cif,-0.483738387452,0.0,144.87,78.605
mp-1016058,CrN2,4,166,56,1.66,3.04,3.739308068783069,mp-1016058_CrN2.cif,0.08876,0.0,243.51,136.25
mp-1097059,CrN2,4,166,56,1.66,3.04,3.739308068783069,mp-1097059_CrN2.cif,0.11793,0.0,243.51,136.25
mp-1097766,CrN2,4,166,56,1.66,3.04,3.739308068783069,mp-1097766_CrN2.cif,0.11793,0.0,243.51,136.25
mp-1014365,Cr3N4,6,166,56,1.66,3.04,5.113717989417989,mp-1014365_Cr3N4.cif,-0.4094219563599992,0.0,288.77,126.46
mp-1014369,Cr3N4,4,166,56,1.66,3.04,4.736268915343914,mp-1014369_Cr3N4.cif,-0.486035745288571,0.0,288.77,126.46
mp-1014910,CrN2,4,166,56,1.66,3.04,3.739308068783069,mp-1014910_CrN2.cif,0.04045475258000172,0.15909999999999996,243.51,136.25
mp-1097032,CrN2,4,166,56,1.66,3.04,3.739308068783069,mp-1097032_CrN2.cif,0.11793,0.0,243.51,136.25
mp-1096906,CrN2,4,166,56,1.66,3.04,3.739308068783069,mp-1096906_CrN2.cif,0.11793,0.0,243.51,136.25
mp-1015582,CrN2,6,166,56,1.66,3.04,3.9824170634920635,mp-1015582_CrN2.cif,0.09878,0.0,243.51,136.25
mp-1096966,CrN2,4,166,56,1.66,3.04,3.739308068783069,mp-1096966_CrN2.cif,0.11793,0.0,243.51,136.25
mp-1232560,CrN,6,166,56,1.66,3.04,2.4781079629629628,mp-1232560_CrN.cif,-0.48831,0.0,272.17,69.7
mp-1096965,CrN2,4,166,56,1.66,3.04,3.739308068783069,mp-1096965_CrN2.cif,0.11793,0.0,243.51,136.25
mp-1096912,CrN2,4,166,56,1.66,3.04,4.1307238095238095,mp-1096912_CrN2.cif,0.11793,0.0,243.51,136.25
mp-1097738,CrN2,4,166,56,1.66,3.04,3.739308068783069,mp-1097738_CrN2.cif,0.11793,0.0,243.51,136.25
mp-1015026,CrN2,4,166,56,1.66,3.04,3.739308068783069,mp-1015026_CrN2.cif,-0.03682612575333148,0.211,243.51,136.25
mp-1096908,CrN2,4,166,56,1.66,3.04,4.1307238095238095,mp-1096908_CrN2.cif,0.11793,0.0,243.51,136.25
mp-1096918,CrN2,4,166,56,1.66,3.04,3.739308068783069,mp-1096918_CrN2.cif,0.11793,0.0,243.51,136.25
mp-1015567,CrN2,4,166,56,1.66,3.04,3.739308068783069,mp-1015567_CrN2.cif,0.27865,0.175,243.51,136.25
mp-1014342,CrN2,4,166,56,1.66,3.04,3.739308068783069,mp-1014342_CrN2.cif,-0.13566215325333295,0.0,243.51,136.25
mp-1096888,CrN2,4,166,56,1.66,3.04,3.739308068783069,mp-1096888_CrN2.cif,0.11793,0.0,243.51,136.25
mp-1016076,CrN2,4,166,56,1.66,3.04,3.7588488095238097,mp-1016076_CrN2.cif,0.30294,0.364,243.51,136.25
mp-1096900,CrN2,4,166,56,1.66,3.04,3.739308068783069,mp-1096900_CrN2.cif,0.11793,0.0,243.51,136.25
mp-1097042,CrN2,4,166,56,1.66,3.04,3.739308068783069,mp-1097042_CrN2.cif,0.11793,0.0,243.51,136.25
mp-1014373,CrN2,4,166,56,1.66,3.04,3.739308068783069,mp-1014373_CrN2.cif,0.0771,0.0,243.51,136.25
mp-1096913,CrN2,4,166,56,1.66,3.04,3.739308068783069,mp-1096913_CrN2.cif,0.11793,0.0,243.51,136.25
mp-1014558,Cr3N4,4,166,56,1.66,3.04,5.113717989417989,mp-1014558_Cr3N4.cif,-0.4936849563599992,0.0,288.77,126.46
mp-1096917,CrN2,4,166,56,1.66,3.04,3.739308068783069,mp-1096917_CrN2.cif,0.11793,0.0,243.51,136.25
mp-1016070,CrN2,4,166,56,1.66,3.04,3.739308068783069,mp-1016070_CrN2.cif,-0.13766249658666396,0.0858000000000001,243.51,136.25
mp-1232890,CrN,6,166,56,1.66,3.04,2.5133403703703703,mp-1232890_CrN.cif,-0.48831,0.0,272.17,69.7
mp-1097757,CrN2,4,166,56,1.66,3.04,3.739308068783069,mp-1097757_CrN2.cif,0.11793,0.0,243.51,136.25
mp-1016081,CrN2,4,166,56,1.66,3.04,3.739308068783069,mp-1016081_CrN2.cif,-0.11492211012833192,0.0,243.51,136.25
mp-1097796,Cr3N2,4,166,56,1.66,3.04,5.077362433862433,mp-1097796_Cr3N2.cif,-0.41592,0.0,144.87,78.605
mp-1014565,CrN2,4,166,56,1.66,3.04,3.739308068783069,mp-1014565_CrN2.cif,-0.12731577991999798,0.0,243.51,136.25
mp-1399869,CrN2,6,166,56,1.66,3.04,3.739308068783069,mp-1399869_CrN2.cif,0.11793,0.0,243.51,136.25
mp-1016048,CrN2,4,166,56,1.66,3.04,3.739308068783069,mp-1016048_CrN2.cif,-0.10745710408666537,0.1477999999999997,243.51,136.25
mp-755749,Cr2O3,6,166,48,1.66,3.44,4.741842989417989,mp-755749_Cr2O3.cif,-2.08761,0.524,156.99453221406958,65.24207642931695
mp-1198417,Cr4O15,4,166,48,1.66,3.44,3.7733821428571424,mp-1198417_Cr4O15.cif,-1.531297058823528,0.6719411764705889,110.04910000000001,57.26820171219349
mp-1302566,CrO,4,166,48,1.66,3.44,1.4542832010582012,mp-1302566_CrO.cif,-1.50484,0.0,163.74,57.17
mp-1429856,CrO3,6,166,48,1.66,3.44,3.739308068783069,mp-1429856_CrO3.cif,-1.67403,1.167,23.165,11.99
mp-1273363,CrO,4,166,48,1.66,3.44,1.4370443121693122,mp-1273363_CrO.cif,-1.50484,0.0,163.74,57.17
mp-1046050,Cr5O7,6,166,48,1.66,3.44,1.3464128306878307,mp-1046050_Cr5O7.cif,-2.013521993229168,0.7811999999999997,89.05807067107115,43.79052093290312
mp-1041961,CrO2,6,166,48,1.66,3.44,3.739308068783069,mp-1041961_CrO2.cif,-1.89202,0.0,93.81,50.96
mp-778667,CrO3,4,166,48,1.66,3.44,3.7733821428571424,mp-778667_CrO3.cif,-1.69837,1.153,23.165,11.99
mp-19177,CrO2,6,166,48,1.66,3.44,3.739308068783069,mp-19177_CrO2.cif,-2.09953,0.0,233.96,117.27
mp-1389926,CrO3,6,166,48,1.66,3.44,3.7733821428571424,mp-1389926_CrO3.cif,-1.67403,1.167,23.165,11.99
mp-776873,Cr2O3,6,166,48,1.66,3.44,5.113717989417989,mp-776873_Cr2O3.cif,-2.3162498394999984,1.7751,67.47474741233617,45.44515651784407
mp-753740,CrO3,4,166,48,1.66,3.44,3.7733821428571424,mp-753740_CrO3.cif,-1.64956,1.588,28.66,12.53
mp-1400837,CrO2,6,166,48,1.66,3.44,3.739308068783069,mp-1400837_CrO2.cif,-1.89202,0.0,93.81,50.96
mp-1388338,Cr3O8,6,166,48,1.66,3.44,3.739308068783069,mp-1388338_Cr3O8.cif,-1.45833,0.0,149.51222953326192,56.67379620144151
mp-772550,CrO3,4,166,48,1.66,3.44,3.688567328042328,mp-772550_CrO3.cif,-1.69295,2.111,23.42,12.61
mp-1178416,CrO,4,166,48,1.66,3.44,1.4407990740740744,mp-1178416_CrO.cif,-1.50484,0.0,163.74,57.17
mp-25302,CrO2,6,166,48,1.66,3.44,4.1307238095238095,mp-25302_CrO2.cif,-1.90518,0.0,93.81,50.96
mp-19091,CrO,6,166,48,1.66,3.44,2.668139492544493,mp-19091_CrO.cif,-1.27248,0.0,163.74,57.17
mp-1310867,Cr3O4,6,166,48,1.66,3.44,1.4850489417989419,mp-1310867_Cr3O4.cif,-1.81165,0.0,103.0893905126016,54.486258778996756
mp-20609,Cr3O,6,166,48,1.66,3.44,1.4755711640211642,mp-20609_Cr3O.cif,-0.08440499999999998,0.0,161.34439777583188,55.154834275218526
mp-755211,CrO3,4,166,48,1.66,3.44,3.7733821428571424,mp-755211_CrO3.cif,-1.67403,1.543,15.0,10.0
mp-1421109,CrO2,6,166,48,1.66,3.44,4.1307238095238095,mp-1421109_CrO2.cif,-1.89202,0.0,93.81,50.96
mp-1043013,Cr3O8,6,166,48,1.66,3.44,3.739308068783069,mp-1043013_Cr3O8.cif,-1.45833,0.0,149.51222953326192,56.67379620144151
mp-19399,Cr2O3,6,166,48,1.66,3.44,5.113717989417989,mp-19399_Cr2O3.cif,-2.10553,0.735,142.8240529536577,58.4619836729416
mp-1181747,CrO2,6,166,48,1.66,3.44,3.7588488095238097,mp-1181747_CrO2.cif,-1.89202,0.0,93.81,50.96
mp-1102170,CrO2,6,166,48,1.66,3.44,3.9824170634920635,mp-1102170_CrO2.cif,-1.95811,0.0,93.81,50.96
mp-21395,CrO2,6,166,48,1.66,3.44,3.739308068783069,mp-21395_CrO2.cif,-1.89202,0.0,93.81,50.96
mp-1399565,CrO2,6,166,48,1.66,3.44,3.7588488095238097,mp-1399565_CrO2.cif,-1.89202,0.0,93.81,50.96
mp-1047121,CrO2,6,166,48,1.66,3.44,3.739308068783069,mp-1047121_CrO2.cif,-1.89202,0.0,93.81,50.96
mp-1043379,Cr2O3,6,166,48,1.66,3.44,1.3970128306878307,mp-1043379_Cr2O3.cif,-2.08761,0.556,152.07218221406958,62.64363794442057
mp-1213798,Cr6O11,6,166,48,1.66,3.44,4.1307238095238095,mp-1213798_Cr6O11.cif,-1.8260691703498466,0.24833124999999975,94.6113866080313,51.48177724038421
mp-1047643,CrO2,6,166,48,1.66,3.44,3.739308068783069,mp-1047643_CrO2.cif,-1.89202,0.0,93.81,50.96
mp-753829,Cr2O3,6,166,48,1.66,3.44,4.722302248677249,mp-753829_Cr2O3.cif,-2.08761,0.556,152.07218221406958,62.64363794442057
mp-1281333,CrO2,6,166,48,1.66,3.44,3.739308068783069,mp-1281333_CrO2.cif,-1.89202,0.0,93.81,50.96
mp-755073,CrO,4,166,48,1.66,3.44,4.69991335978836,mp-755073_CrO.cif,-1.50484,0.0,163.74,57.17
mp-1045826,Cr9O13,6,166,48,1.66,3.44,1.3970128306878307,mp-1045826_Cr9O13.cif,-2.0345166184659083,0.6852999999999998,116.33750367327221,61.67507672345246
mp-1206821,Cr2O,4,166,48,1.66,3.44,1.6007044973544975,mp-1206821_Cr2O.cif,-0.65461,0.1,181.01,40.81
mp-1272524,CrO,4,166,48,1.66,3.44,1.5227767195767195,mp-1272524_CrO.cif,-1.50484,0.0,163.74,57.17
mp-1283577,CrO,4,166,48,1.66,3.44,1.4374776455026457,mp-1283577_CrO.cif,-1.51546,0.0,163.74,57.17
mp-2214915,CrO2,6,166,48,1.66,3.44,3.739308068783069,mp-2214915_CrO2.cif,-1.89202,0.0,93.81,50.96
mp-715566,CrO3,4,166,48,1.66,3.44,3.688567328042328,mp-715566_CrO3.cif,-1.70516,1.902,22.91,12.05
mp-510421,CrO3,4,166,48,1.66,3.44,3.688567328042328,mp-510421_CrO3.cif,-1.70512,1.866,15.0,10.0
mp-1394584,CrO2,6,166,48,1.66,3.44,3.7588488095238097,mp-1394584_CrO2.cif,-1.89202,0.0,93.81,50.96
mp-754983,CrO,4,166,48,1.66,3.44,1.4136637566137569,mp-754983_CrO.cif,-1.50484,0.0,163.74,57.17
mp-1102412,CrO2,6,166,48,1.66,3.44,3.9824170634920635,mp-1102412_CrO2.cif,-1.89202,0.0,93.81,50.96
mp-1044871,CrO2,6,166,48,1.66,3.44,3.739308068783069,mp-1044871_CrO2.cif,-1.89202,0.0,93.81,50.96
mp-1178414,CrO,4,166,48,1.66,3.44,1.6012044973544972,mp-1178414_CrO.cif,-1.50484,0.0,163.74,57.17
mp-756041,CrO3,4,166,48,1.66,3.44,3.7733821428571424,mp-756041_CrO3.cif,-1.69807,1.16,23.165,11.99
mp-714929,CrO2,6,166,48,1.66,3.44,3.739308068783069,mp-714929_CrO2.cif,-1.89174,0.0,92.33,39.8
mp-756253,Cr3O4,6,166,48,1.66,3.44,1.5126239417989418,mp-756253_Cr3O4.cif,-1.81749,0.0,103.0893905126016,54.486258778996756
mp-755286,CrO,4,166,48,1.66,3.44,1.6012044973544972,mp-755286_CrO.cif,-1.50484,0.0,163.74,57.17
mp-7302,CrP4,6,166,98,1.66,2.19,2.088027407407407,mp-7302_CrP4.cif,-0.29387,0.0,123.76,101.45
mp-21048,CrP,6,166,98,1.66,2.19,2.224113915343916,mp-21048_CrP.cif,-0.5091,0.0,185.16,130.85
mp-1042111,CrS2,4,166,88,1.66,2.58,1.1322015873015874,mp-1042111_CrS2.cif,-0.58982,0.0,45.59,30.87
mp-1311,Cr5S6,6,166,88,1.66,2.58,2.105954743867244,mp-1311_Cr5S6.cif,-0.66862,0.0,51.292400000000036,35.092449999999985
mp-684674,Cr5S8,6,166,88,1.66,2.58,1.1368814814814814,mp-684674_Cr5S8.cif,-1.062219740192308,0.0,74.188981416622,43.40140000000003
mp-1226578,Cr19S30,6,166,88,1.66,2.58,1.1368814814814814,mp-1226578_Cr19S30.cif,-0.7180293794768617,6.250000000000004e-05,63.83300000000006,44.31728740492504
mp-523,CrS,6,166,88,1.66,2.58,2.2802521645021643,mp-523_CrS.cif,-0.52631,0.0,102.07,41.52
mp-755263,CrS2,6,166,88,1.66,2.58,1.1263933862433861,mp-755263_CrS2.cif,-0.64387,0.0,47.28,30.35
mp-555569,Cr2S3,6,166,88,1.66,2.58,1.1289092592592593,mp-555569_Cr2S3.cif,-0.75011,0.0,65.69899732631583,47.04730000000007
mp-849081,Cr2S3,6,166,88,1.66,2.58,2.1209705026455024,mp-849081_Cr2S3.cif,-0.68634,0.0,56.44940000000003,41.749400000000016
mp-28910,CrS2,6,166,88,1.66,2.58,1.1540130952380954,mp-28910_CrS2.cif,-0.59109,0.0,55.31,40.61
mp-849071,Cr3S4,6,166,88,1.66,2.58,2.1047505772005777,mp-849071_Cr3S4.cif,-0.72593,0.0,66.38,48.05
mp-1181961,Cr5S8,6,166,88,1.66,2.58,1.1289092592592593,mp-1181961_Cr5S8.cif,-0.76993,0.0,65.10152716566705,46.41709370246255
mp-849084,Cr5S8,6,166,88,1.66,2.58,1.1289092592592593,mp-849084_Cr5S8.cif,-0.75214,0.0,65.69899732631583,47.04730000000007
mp-964,Cr3S4,6,166,88,1.66,2.58,1.129175925925926,mp-964_Cr3S4.cif,-0.72592,0.0,66.38,48.05
mp-1407236,CrS2,6,166,88,1.66,2.58,1.0614382275132275,mp-1407236_CrS2.cif,-0.58982,0.0,45.59,30.87
mp-1442954,CrS2,6,166,88,1.66,2.58,1.1217425925925928,mp-1442954_CrS2.cif,-0.58982,0.0,45.59,30.87
mp-1413688,CrS2,6,166,88,1.66,2.58,1.0129275132275133,mp-1413688_CrS2.cif,-0.58982,0.0,45.59,30.87
mp-849083,Cr2S3,6,166,88,1.66,2.58,2.2014599025974024,mp-849083_Cr2S3.cif,-0.73469,0.001,66.44840691913228,48.05000000000009
mp-13685,Cr2S3,6,166,88,1.66,2.58,1.1289092592592593,mp-13685_Cr2S3.cif,-1.0818403314375005,0.0,73.10146200874323,42.79840000000003
mp-1226930,Cr19S30,6,166,88,1.66,2.58,1.1368814814814814,mp-1226930_Cr19S30.cif,-0.7180293794768617,6.250000000000004e-05,63.83300000000006,44.31728740492504
mp-1189023,Cr2Se3,6,166,103,1.66,2.55,1.1255878306878306,mp-1189023_Cr2Se3.cif,-0.42814,0.0,57.65,34.59
mp-984712,Cr3Se,4,166,103,1.66,2.55,2.2352161375661375,mp-984712_Cr3Se.cif,0.36249,0.0,199.04,39.15
mp-1226358,Cr7Se10,6,166,103,1.66,2.55,1.1289092592592593,mp-1226358_Cr7Se10.cif,-0.4361883333333337,0.0,54.99649999999996,32.44119999999998
mp-1407787,CrSe2,6,166,103,1.66,2.55,1.118421164021164,mp-1407787_CrSe2.cif,-0.45685,0.0,48.5,31.69
mp-1104327,Cr5Se8,6,166,103,1.66,2.55,1.1255878306878306,mp-1104327_Cr5Se8.cif,-0.5274,0.0,66.19220000000003,36.01859999999997
mp-1226456,Cr2Se3,6,166,103,1.66,2.55,1.0705533068783069,mp-1226456_Cr2Se3.cif,-0.52017,0.0,65.46,35.89
mp-2189,CrSe,6,166,103,1.66,2.55,1.196453703703704,mp-2189_CrSe.cif,-0.27321,0.0,63.27,22.92
mp-696673,Cr7Se8,6,166,103,1.66,2.55,1.129175925925926,mp-696673_Cr7Se8.cif,-0.37975,0.0,52.61749999999998,32.23909999999999
mp-2832,Cr2Se3,6,166,103,1.66,2.55,1.1255878306878306,mp-2832_Cr2Se3.cif,-0.50763,0.0,49.84,33.29
mp-1061769,CrSe2,6,166,103,1.66,2.55,1.2120964285714286,mp-1061769_CrSe2.cif,-0.35,0.0,48.5,31.86
mp-1226371,Cr2Se3,6,166,103,1.66,2.55,1.1255878306878306,mp-1226371_Cr2Se3.cif,-0.50787,0.0,57.65,34.59
mp-1399418,CrSe2,6,166,103,1.66,2.55,1.118421164021164,mp-1399418_CrSe2.cif,-0.45685,0.0,48.5,31.69
mp-1009581,CrSe2,6,166,103,1.66,2.55,1.1263933862433861,mp-1009581_CrSe2.cif,-0.34939,0.0,48.91,31.69
mp-604915,CrSe,4,166,103,1.66,2.55,1.0664100529100529,mp-604915_CrSe.cif,-0.30108,0.0,59.67,19.44
mp-27840,Cr3Se4,6,166,103,1.66,2.55,1.129175925925926,mp-27840_Cr3Se4.cif,-0.477,0.0,54.86,31.95
mp-794,CrTe,6,166,123,1.66,2.1,2.192964466089466,mp-794_CrTe.cif,0.02764,0.0,48.07,17.08
mp-1213750,Cr5Te8,6,166,123,1.66,2.1,2.1271394660894662,mp-1213750_Cr5Te8.cif,-0.17618,0.0,34.19000000000005,18.76850000000003
mp-540922,CrTe3,6,166,123,1.66,2.1,1.1217425925925928,mp-540922_CrTe3.cif,-0.1291965712499996,0.0176999999999996,50.91295726025688,27.5379801612869
mp-2750,Cr2Te3,6,166,123,1.66,2.1,2.0994352994227996,mp-2750_Cr2Te3.cif,-0.16643,0.0,41.46398141511257,26.017546003649212
mp-685055,CrTe2,6,166,123,1.66,2.1,2.3308362914862917,mp-685055_CrTe2.cif,-0.17037,0.0,34.19,18.65
mp-1009079,CrTe,6,166,123,1.66,2.1,2.236775577200577,mp-1009079_CrTe.cif,0.05599,0.0,47.73,13.4
mp-1213754,Cr5Te8,6,166,123,1.66,2.1,2.243604347041847,mp-1213754_Cr5Te8.cif,-0.18752,0.0,34.19000000000005,18.76850000000003
mp-1008926,CrTe,4,166,123,1.66,2.1,1.1258544973544975,mp-1008926_CrTe.cif,0.20145,0.0,37.63,10.82
mp-1079818,CrTe,6,166,123,1.66,2.1,2.192964466089466,mp-1079818_CrTe.cif,0.02768,0.0,47.73,13.4
mp-1226350,Cr3Te5,6,166,123,1.66,2.1,2.0599477994227993,mp-1226350_Cr3Te5.cif,0.05771,0.0,47.62899999999995,14.113600000000012
mp-1213756,Cr7Te8,6,166,123,1.66,2.1,2.141879743867244,mp-1213756_Cr7Te8.cif,-0.06883,0.0,33.37875808205601,17.347773931653364
mp-570122,Cr3Te4,6,166,123,1.66,2.1,2.271308513708514,mp-570122_Cr3Te4.cif,-0.09309,0.0,29.67157260256998,16.123146851182355
mp-1226086,Cr5Te6,6,166,123,1.66,2.1,2.105954743867244,mp-1226086_Cr5Te6.cif,-0.07992388093749986,0.0014749999999999668,31.9068838902616,16.77912091330503
mp-1078012,Cr3Te4,6,166,123,1.66,2.1,2.2008505772005775,mp-1078012_Cr3Te4.cif,-0.13649,0.0,53.49,28.99
mp-1213653,CuC6,6,145,67,1.9,2.55,1.9721390211640213,mp-1213653_CuC6.cif,1.1021254666666667,0.015557947368421053,113.46486168775502,48.111305536986066
mp-1198545,CuN8,4,145,56,1.9,3.04,4.3991333333333325,mp-1198545_CuN8.cif,0.8524450000000017,0.0,139.23619999999974,41.47297051762549
mp-1008922,CuN,6,145,56,1.9,3.04,2.4531973809523806,mp-1008922_CuN.cif,0.90893,0.0,207.33,69.62
mp-13117,CuN,4,145,56,1.9,3.04,5.325664550264551,mp-13117_CuN.cif,0.87645,0.0,169.07,35.74
mp-13480,Cu3N,4,145,56,1.9,3.04,2.4250560846560845,mp-13480_Cu3N.cif,0.82844,0.0,116.73,48.74
mp-25378,CuO2,6,145,48,1.9,3.44,4.754766666666666,mp-25378_CuO2.cif,-0.18283,0.0,95.04,32.63
mp-1045694,Cu9O13,6,145,48,1.9,3.44,5.1049444444444445,mp-1045694_Cu9O13.cif,-0.680448716647727,0.0,171.74266798700398,39.2642341381412
mp-654801,CuO2,4,145,48,1.9,3.44,4.365059259259258,mp-654801_CuO2.cif,-0.1982,0.0,95.04,32.63
mp-1064456,CuO,4,145,48,1.9,3.44,5.325664550264551,mp-1064456_CuO.cif,-0.74255,0.0,162.06,35.31
mp-1147673,Cu3O4,4,145,48,1.9,3.44,5.499718518518518,mp-1147673_Cu3O4.cif,-0.56298,0.0,117.84515767711582,42.70008150472962
mp-1181499,CuO2,6,145,48,1.9,3.44,4.365059259259258,mp-1181499_CuO2.cif,-0.20634,0.0,95.04,32.63
mp-704645,CuO,4,145,48,1.9,3.44,5.325664550264551,mp-704645_CuO.cif,-0.74327,0.0,146.0,25.0
mp-14549,CuO,6,145,48,1.9,3.44,2.5602242063492064,mp-14549_CuO.cif,-0.58215,0.0,177.74276527884084,32.46005703092968
mp-1120722,CuO,4,145,48,1.9,3.44,5.325664550264551,mp-1120722_CuO.cif,-0.73194,0.0,157.77,35.2
mp-601195,CuO2,4,145,48,1.9,3.44,4.365059259259258,mp-601195_CuO2.cif,-0.33318,0.0,95.04,32.63
mp-614565,CuO2,4,145,48,1.9,3.44,4.365059259259258,mp-614565_CuO2.cif,-0.00421,0.0,95.04,32.63
mp-771359,Cu2O3,6,145,48,1.9,3.44,5.737760846560846,mp-771359_Cu2O3.cif,-0.8429194447500009,0.0,159.26943807835443,55.565914047006906
mp-1692,CuO,4,145,48,1.9,3.44,5.325664550264551,mp-1692_CuO.cif,-0.7428,0.0,162.17,35.3
mp-1213626,Cu64O,6,145,48,1.9,3.44,5.70140529100529,mp-1213626_Cu64O.cif,-0.35213761132054977,0.0078125,101.72851444493152,41.39617803668002
mp-1046820,Cu2O3,6,145,48,1.9,3.44,1.7709628306878311,mp-1046820_Cu2O3.cif,-0.52508,0.0625,125.94537908783153,50.177843445296006
mp-760432,Cu2O3,4,145,48,1.9,3.44,5.1049444444444445,mp-760432_Cu2O3.cif,-0.56418,0.125,92.62132009730864,44.78977284358511
mp-705439,CuO2,6,145,48,1.9,3.44,1.8886945767195769,mp-705439_CuO2.cif,0.7309605475000005,0.0,95.04,32.63
mp-504100,CuO2,6,145,48,1.9,3.44,4.365059259259258,mp-504100_CuO2.cif,-0.5282932766666661,0.0,95.04,32.63
mp-600604,CuO2,4,145,48,1.9,3.44,4.365059259259258,mp-600604_CuO2.cif,0.01522,0.0,95.04,32.63
mp-606644,CuP10,4,145,98,1.9,2.19,1.5151367724867726,mp-606644_CuP10.cif,-0.04820137963203437,1.0585000000000004,86.5139677584741,51.20359999999998
mp-927,CuP2,4,145,98,1.9,2.19,2.1215106565656563,mp-927_CuP2.cif,-0.12391,0.941,88.02,52.61
mp-28034,Cu2P7,4,145,98,1.9,2.19,2.2785074819624818,mp-28034_Cu2P7.cif,-0.11319,0.776,87.33416336590037,51.73498782735065
mp-849086,CuS2,6,145,88,1.9,2.58,2.1818097883597884,mp-849086_CuS2.cif,-0.19977,0.0,77.48977616085091,34.59506872249635
mp-558139,CuS,6,145,88,1.9,2.58,2.2048220899470903,mp-558139_CuS.cif,0.00274,0.0,87.0,19.5
mp-760381,CuS,4,145,88,1.9,2.58,1.5751236772486774,mp-760381_CuS.cif,-0.25291,0.0,77.26684309068003,16.934893316306756
mp-684710,Cu9S5,4,145,88,1.9,2.58,2.325819312169312,mp-684710_Cu9S5.cif,-0.339393438236607,0.0,77.73248250523912,31.276672194048057
mp-850099,CuS2,4,145,88,1.9,2.58,1.5472867724867727,mp-850099_CuS2.cif,-0.009301364375000176,0.0,77.48977616085091,34.59506872249635
mp-1147712,CuS2,4,145,88,1.9,2.58,1.5472867724867727,mp-1147712_CuS2.cif,-0.19824,0.0,77.48977616085091,34.59506872249635
mp-684604,CuS2,4,145,88,1.9,2.58,1.5195367724867725,mp-684604_CuS2.cif,-0.16082,0.0,77.48977616085091,34.59506872249635
mp-12087,Cu2S,4,145,88,1.9,2.58,2.2132189153439152,mp-12087_Cu2S.cif,-0.08309,0.0,95.27,18.52
mp-675278,Cu11S16,4,145,88,1.9,2.58,1.5555619047619047,mp-675278_Cu11S16.cif,-0.3088423335185184,0.0,78.4774509361459,30.24521631663638
mp-1068,CuS2,6,145,88,1.9,2.58,2.1818097883597884,mp-1068_CuS2.cif,-0.19824,0.0,77.48977616085091,34.59506872249635
mp-1023128,CuS,6,145,88,1.9,2.58,2.1632415343915343,mp-1023128_CuS.cif,-0.16376,0.0,104.82740632444252,39.5520008615554
mp-936248,Cu9Se8,4,145,103,1.9,2.55,1.551077380952381,mp-936248_Cu9Se8.cif,-0.12924255639705878,0.0,74.89999999999988,20.119999999999948
mp-20683,Cu3Se2,4,145,103,1.9,2.55,1.6092035714285717,mp-20683_Cu3Se2.cif,-0.12914,0.0,74.9,20.12
mp-580226,CuSe,4,145,103,1.9,2.55,1.551077380952381,mp-580226_CuSe.cif,-0.08099,0.0,36.1,14.44
mp-673255,Cu9Se8,4,145,103,1.9,2.55,1.551077380952381,mp-673255_Cu9Se8.cif,-0.12924255639705878,0.0,74.89999999999988,20.119999999999948
mp-1341349,Cu9Se8,4,145,103,1.9,2.55,1.5459477513227515,mp-1341349_Cu9Se8.cif,-0.12924255639705878,0.0,74.89999999999988,20.119999999999948
mp-673655,Cu9Se5,4,145,103,1.9,2.55,1.6188915343915344,mp-673655_Cu9Se5.cif,-0.04267975199776787,0.0,49.67389776160851,23.158672052262645
mp-685189,Cu29Se19,4,145,103,1.9,2.55,1.6018007936507939,mp-685189_Cu29Se19.cif,-0.03755019402669232,0.0,52.96389776160852,23.07759353990381
mp-16366,Cu2Se,4,145,103,1.9,2.55,2.348208201058201,mp-16366_Cu2Se.cif,0.02244,0.0,83.1,10.0
mp-684606,Cu27Se20,4,145,103,1.9,2.55,1.546234126984127,mp-684606_Cu27Se20.cif,-0.07518476131648932,0.0,39.33389776160845,15.917423108769832
mp-2280,CuSe2,6,145,103,1.9,2.55,1.5687236772486772,mp-2280_CuSe2.cif,-0.1032,0.0,64.81509124766467,26.09783211409761
mp-2000,CuSe2,6,145,103,1.9,2.55,1.5687236772486772,mp-2000_CuSe2.cif,-0.10697,0.0,67.98,25.19
mp-32857,Cu13Se8,4,145,103,1.9,2.55,1.6137619047619047,mp-32857_Cu13Se8.cif,-0.05267539375000007,0.07119999999999926,45.46279776160848,23.556354953276955
mp-1183984,Cu3Te,4,145,123,1.9,2.1,2.2026512962962967,mp-1183984_Cu3Te.cif,0.20641,0.0,23.826823142667816,10.0
mp-623012,CuTe,6,145,123,1.9,2.1,2.288533835978836,mp-623012_CuTe.cif,0.02253,0.0,15.0,10.0
mp-1207193,CuTe2,6,145,123,1.9,2.1,2.105699074074074,mp-1207193_CuTe2.cif,-0.01398,0.0,20.0,11.49658401656997
mp-1238498,CuTe,6,145,123,1.9,2.1,2.281453835978836,mp-1238498_CuTe.cif,-0.03638,0.0,15.0,10.0
mp-1103235,CuTe2,6,145,123,1.9,2.1,2.105699074074074,mp-1103235_CuTe2.cif,-0.00724,0.0,20.0,11.49658401656997
mp-20826,CuTe,4,145,123,1.9,2.1,2.1637582010582013,mp-20826_CuTe.cif,-0.03638,0.0,15.0,10.0
mp-1978391,CuTe,6,145,123,1.9,2.1,2.281453835978836,mp-1978391_CuTe.cif,-0.03638,0.0,15.0,10.0
mp-1915,Fe2B,4,156,87,1.83,2.04,2.58558854016354,mp-1915_Fe2B.cif,-0.28434,0.0,262.91,80.23
mp-568748,Fe2B,4,156,87,1.83,2.04,1.5838105555555557,mp-568748_Fe2B.cif,0.07844,0.0,195.0,64.5
mp-6988,FeN,4,156,56,1.83,3.04,5.3142571428571435,mp-6988_FeN.cif,-0.29828,0.0,272.7,81.48
mp-12120,FeN,6,156,56,1.83,3.04,2.4812265295815297,mp-12120_FeN.cif,-0.09781,0.0,313.98,86.33
mp-1008929,FeN,6,156,56,1.83,3.04,2.4812265295815297,mp-1008929_FeN.cif,0.09449,0.0,300.3,46.38
mp-1080202,FeN2,6,156,56,1.83,3.04,4.564020105820106,mp-1080202_FeN2.cif,-0.0016599999999999948,0.0,308.3636667962123,63.633336524291195
mp-714904,FeO2,6,156,48,1.83,3.44,4.365059259259258,mp-714904_FeO2.cif,-1.28122,0.0,98.62,49.03
mp-764417,Fe14O15,6,156,48,1.83,3.44,1.6393092592592593,mp-764417_Fe14O15.cif,-1.5421035271982764,1.0187,178.2610877603304,57.56301943339772
mp-705414,Fe13O14,6,156,48,1.83,3.44,1.6393092592592593,mp-705414_Fe13O14.cif,-1.3807997358333333,0.0,258.7119000000003,123.53873430029547
mp-756693,Fe13O15,6,156,48,1.83,3.44,1.5185259259259258,mp-756693_Fe13O15.cif,-1.5705676206696435,1.2639,135.57465791827894,50.587102891802445
mp-18905,FeO,6,156,48,1.83,3.44,2.4694381697931695,mp-18905_FeO.cif,-1.00363,0.0,138.13,10.0
mp-1205415,Fe2O3,6,156,48,1.83,3.44,1.4370203703703706,mp-1205415_Fe2O3.cif,-1.32973,0.0,228.76,46.474999999999994
mp-1181340,Fe3O4,6,156,48,1.83,3.44,1.561875,mp-1181340_Fe3O4.cif,-1.34309,0.0,129.74,55.55
mp-1181334,Fe4O13,6,156,48,1.83,3.44,1.5374048941798943,mp-1181334_Fe4O13.cif,-1.3698774599755255,0.4279000000000005,228.1401999999998,44.396947452133354
mp-612405,Fe3O4,6,156,48,1.83,3.44,1.6546500000000002,mp-612405_Fe3O4.cif,-1.566423692857143,1.2369999999999997,129.74,55.55
mp-1178392,Fe2O3,6,156,48,1.83,3.44,1.6003925925925928,mp-1178392_Fe2O3.cif,-1.34535,0.0,228.76,46.474999999999994
mp-705417,Fe11O12,6,156,48,1.83,3.44,1.5231537037037037,mp-705417_Fe11O12.cif,-1.694969427173913,1.3876,151.51704750967463,60.639916422494586
mp-796259,FeO2,6,156,48,1.83,3.44,4.365059259259258,mp-796259_FeO2.cif,-1.2729,0.0,98.62,49.03
mp-759037,Fe9O10,6,156,48,1.83,3.44,1.6607703703703702,mp-759037_Fe9O10.cif,-1.7153265343421045,1.6011999999999995,160.52910044730325,63.14983992013727
mp-863766,Fe32O35,6,156,48,1.83,3.44,1.6477259259259258,mp-863766_Fe32O35.cif,-1.6888692018470148,0.6813000000000002,194.99435791827906,65.23190429351058
mp-715572,Fe2O3,6,156,48,1.83,3.44,1.4649925925925926,mp-715572_Fe2O3.cif,-1.886165127750001,2.019,178.32579182791255,78.67579394068271
mp-32939,Fe7O8,6,156,48,1.83,3.44,1.6393092592592593,mp-32939_Fe7O8.cif,-1.12485,0.0,156.12579999999974,40.88116247715393
mp-1456,Fe2O3,4,156,48,1.83,3.44,1.6315027777777782,mp-1456_Fe2O3.cif,-1.34535,0.0,228.76,46.474999999999994
mp-705588,Fe8O9,6,156,48,1.83,3.44,1.6477259259259258,mp-705588_Fe8O9.cif,-1.6750832465441174,1.1978000000000004,165.81315791827885,61.560253270187594
mp-510080,Fe2O3,6,156,48,1.83,3.44,1.499427777777778,mp-510080_Fe2O3.cif,-1.34535,0.0,228.76,46.474999999999994
mp-753682,FeO,4,156,48,1.83,3.44,1.5077287037037042,mp-753682_FeO.cif,-1.11099,0.0,185.88,48.785
mp-715262,FeO,6,156,48,1.83,3.44,2.638062169312169,mp-715262_FeO.cif,-1.00244,0.0,119.55759520213213,42.67164559622465
mp-1205429,FeO2,6,156,48,1.83,3.44,4.365059259259258,mp-1205429_FeO2.cif,-1.2729,0.0,98.62,49.03
mp-1356129,Fe2O3,6,156,48,1.83,3.44,1.6050203703703705,mp-1356129_Fe2O3.cif,-1.34535,0.0,228.76,46.474999999999994
mp-1178247,FeO,6,156,48,1.83,3.44,1.4221182539682538,mp-1178247_FeO.cif,-1.00407,0.0,185.88,48.785
mp-754765,FeO,4,156,48,1.83,3.44,1.368776851851852,mp-754765_FeO.cif,-1.00407,0.0,185.88,48.785
mp-1062652,FeO2,6,156,48,1.83,3.44,4.365059259259258,mp-1062652_FeO2.cif,-1.27293,0.0,87.51,52.29
mp-1431292,FeO2,6,156,48,1.83,3.44,4.754766666666666,mp-1431292_FeO2.cif,-1.2729,0.0,98.62,49.03
mp-1395285,FeO2,6,156,48,1.83,3.44,4.365059259259258,mp-1395285_FeO2.cif,-1.2729,0.0,98.62,49.03
mp-1181411,Fe4O13,6,156,48,1.83,3.44,4.365059259259258,mp-1181411_Fe4O13.cif,-1.3698774599755255,0.4279000000000005,228.1401999999998,44.396947452133354
mp-715614,Fe3O4,6,156,48,1.83,3.44,1.6052870370370371,mp-715614_Fe3O4.cif,-1.24501,0.0,129.74,55.55
mp-821313,FeO2,6,156,48,1.83,3.44,4.365059259259258,mp-821313_FeO2.cif,-1.2729,0.0,98.62,49.03
mp-1192788,Fe3O4,6,156,48,1.83,3.44,1.5922425925925927,mp-1192788_Fe3O4.cif,-1.34309,0.0,129.74,55.55
mp-1378486,Fe2O3,6,156,48,1.83,3.44,1.4504583333333336,mp-1378486_Fe2O3.cif,-1.34535,0.0,228.76,46.474999999999994
mp-756436,FeO,6,156,48,1.83,3.44,1.4604342592592594,mp-756436_FeO.cif,-0.9914,0.0,139.7911870285058,45.79560741495768
mp-1384466,FeO2,6,156,48,1.83,3.44,4.365059259259258,mp-1384466_FeO2.cif,-1.2729,0.0,98.62,49.03
mp-763787,Fe8O9,6,156,48,1.83,3.44,1.5231537037037037,mp-763787_Fe8O9.cif,-1.11436,0.0,158.37139999999974,41.80474555064371
mp-1182503,Fe8O17,6,156,48,1.83,3.44,4.365059259259258,mp-1182503_Fe8O17.cif,-1.3698774599755255,0.4279000000000005,228.1401999999998,44.396947452133354
mp-25236,FeO2,6,156,48,1.83,3.44,4.754766666666666,mp-25236_FeO2.cif,-1.2729,0.0,98.62,49.03
mp-705424,Fe17O18,6,156,48,1.83,3.44,1.5315703703703705,mp-705424_Fe17O18.cif,-1.6875010366428584,1.5382999999999996,157.98496877418677,62.58569024733199
mp-850222,FeO2,6,156,48,1.83,3.44,4.365059259259258,mp-850222_FeO2.cif,-1.39242,0.0,269.79,141.71
mp-764326,Fe12O13,6,156,48,1.83,3.44,1.6393092592592593,mp-764326_Fe12O13.cif,-1.6631075078499995,0.0,246.97011094045413,101.47011715014779
mp-705753,Fe38O39,6,156,48,1.83,3.44,1.6607703703703702,mp-705753_Fe38O39.cif,-1.6797428327110402,1.3910999999999998,151.28010542795374,60.45013542393657
mp-796324,FeO2,6,156,48,1.83,3.44,4.365059259259258,mp-796324_FeO2.cif,-1.2729,0.0,98.62,49.03
mp-1178232,FeO,6,156,48,1.83,3.44,1.4314342592592595,mp-1178232_FeO.cif,-1.01396,0.0,185.88,48.785
mp-849689,FeO,6,156,48,1.83,3.44,1.6523537037037037,mp-849689_FeO.cif,-1.5928052881249997,1.1609999999999996,185.88,48.785
mp-759504,Fe10O11,6,156,48,1.83,3.44,1.6607703703703702,mp-759504_Fe10O11.cif,-1.7003020555357145,1.3058999999999998,148.7893158365581,59.39053387678328
mp-1181766,FeO2,6,156,48,1.83,3.44,4.365059259259258,mp-1181766_FeO2.cif,-1.2729,0.0,98.62,49.03
mp-705553,Fe23O25,6,156,48,1.83,3.44,1.6393092592592593,mp-705553_Fe23O25.cif,-1.6934120871093759,1.2771000000000003,148.61491583655808,59.267583876783284
mp-715333,Fe7O8,6,156,48,1.83,3.44,1.6052870370370371,mp-715333_Fe7O8.cif,-1.7158651236666669,1.1974,167.3008579182789,63.45954017159553
mp-755189,FeO,6,156,48,1.83,3.44,1.4520175925925927,mp-755189_FeO.cif,-1.00407,0.0,185.88,48.785
mp-1047285,FeO2,6,156,48,1.83,3.44,4.365059259259258,mp-1047285_FeO2.cif,-1.2729,0.0,98.62,49.03
mp-715276,Fe2O3,6,156,48,1.83,3.44,1.4416120370370373,mp-715276_Fe2O3.cif,-1.8298481987500004,2.1029,228.76,46.474999999999994
mp-25332,FeO2,6,156,48,1.83,3.44,4.365059259259258,mp-25332_FeO2.cif,-1.2729,0.0,98.62,49.03
mp-1283030,FeO,6,156,48,1.83,3.44,1.228157142857143,mp-1283030_FeO.cif,-1.01407,0.0,185.88,48.785
mp-19770,Fe2O3,6,156,48,1.83,3.44,1.6543833333333335,mp-19770_Fe2O3.cif,-1.44962,0.409,228.76,46.474999999999994
mp-694910,Fe35O36,6,156,48,1.83,3.44,1.6393092592592593,mp-694910_Fe35O36.cif,-1.6059517183802818,1.1300000000000003,185.53405791827893,51.07558740699843
mp-863316,FeO3,6,156,48,1.83,3.44,1.5374048941798943,mp-863316_FeO3.cif,-0.60392,0.0,140.17070281100933,45.58466687302341
mp-1188678,Fe4O5,6,156,48,1.83,3.44,1.6393092592592593,mp-1188678_Fe4O5.cif,-1.3698774599755255,0.4279000000000005,228.1401999999998,44.396947452133354
mp-540003,FeO2,6,156,48,1.83,3.44,4.365059259259258,mp-540003_FeO2.cif,-1.2729,0.0,98.62,49.03
mp-705555,Fe10O11,6,156,48,1.83,3.44,1.6523537037037037,mp-705555_Fe10O11.cif,-1.7067550999404768,1.4182999999999997,153.75633710107022,61.208529673239475
mp-1178239,FeO,4,156,48,1.83,3.44,1.5563175925925927,mp-1178239_FeO.cif,-1.00407,0.0,185.88,48.785
mp-1097003,FeO2,6,156,48,1.83,3.44,1.5550937830687832,mp-1097003_FeO2.cif,-1.2729,0.0,98.62,49.03
mp-565814,Fe2O3,6,156,48,1.83,3.44,1.6050203703703705,mp-565814_Fe2O3.cif,-1.34535,0.0,228.76,46.474999999999994
mp-706875,Fe21O23,6,156,48,1.83,3.44,1.6523537037037037,mp-706875_Fe21O23.cif,-1.6995436156534085,1.4806999999999997,156.3428029376285,61.892437999006695
mp-776606,Fe2O3,6,156,48,1.83,3.44,1.6003925925925928,mp-776606_Fe2O3.cif,-1.34535,0.0,228.76,46.474999999999994
mp-1274279,FeO,6,156,48,1.83,3.44,1.228157142857143,mp-1274279_FeO.cif,-1.00407,0.0,185.88,48.785
mp-1147691,Fe2O5,6,156,48,1.83,3.44,4.365059259259258,mp-1147691_Fe2O5.cif,-1.3698774599755255,0.4279000000000005,228.1401999999998,44.396947452133354
mp-568328,FeP4,6,156,98,1.83,2.19,2.1472967676767674,mp-568328_FeP4.cif,-0.37447,0.801,135.6,121.84
mp-1005,FeP,6,156,98,1.83,2.19,2.3567146031746034,mp-1005_FeP.cif,-0.58506,0.0,201.06,118.07
mp-570553,FeP4,6,156,98,1.83,2.19,2.1472967676767674,mp-570553_FeP4.cif,-0.38776,0.681,140.58844749283506,113.80659668815836
mp-20027,FeP2,6,156,98,1.83,2.19,2.407805894660895,mp-20027_FeP2.cif,-0.54893,0.382,174.89,156.19
mp-27164,FeP4,6,156,98,1.83,2.19,2.1472967676767674,mp-27164_FeP4.cif,-0.38643,0.89,138.0,112.0
mp-1184373,Fe3S,4,156,88,1.83,2.58,2.2666013708513706,mp-1184373_Fe3S.cif,-0.6845084501875007,0.08260999999999992,82.58895000000015,35.374301780044355
mp-1430160,FeS2,6,156,88,1.83,2.58,1.1356063492063493,mp-1430160_FeS2.cif,-0.38158499999999995,0.409,114.41,64.09
mp-850032,Fe3S4,6,156,88,1.83,2.58,2.3498232010582005,mp-850032_Fe3S4.cif,-0.44112,0.0,74.89,23.11
mp-21688,Fe7S8,6,156,88,1.83,2.58,2.3192894264069266,mp-21688_Fe7S8.cif,-0.7167539330555555,0.022800000000000157,133.0905999999999,77.34020000000005
mp-850083,Fe4S5,4,156,88,1.83,2.58,1.1574178571428575,mp-850083_Fe4S5.cif,-0.8200994572569458,0.002700000000000008,73.60196600108698,36.376524099825545
mp-850249,Fe4S5,4,156,88,1.83,2.58,1.1574178571428575,mp-850249_Fe4S5.cif,-0.8196720433680567,0.0,73.60196600108698,36.34252409982554
mp-1522,FeS2,6,156,88,1.83,2.58,2.310221767676768,mp-1522_FeS2.cif,-0.63529,0.866,147.66,127.19
mp-685128,Fe7S8,6,156,88,1.83,2.58,2.3192894264069266,mp-685128_Fe7S8.cif,-0.6886316695000005,0.0,133.0905999999999,75.14070000000005
mp-1383615,FeS2,4,156,88,1.83,2.58,1.0854952380952383,mp-1383615_FeS2.cif,-0.38158499999999995,0.409,114.41,64.09
mp-7096,Fe3S4,6,156,88,1.83,2.58,2.446710458152958,mp-7096_Fe3S4.cif,-0.4008,0.0,74.89,23.11
mp-870701,Fe4S5,4,156,88,1.83,2.58,1.1574178571428575,mp-870701_Fe4S5.cif,-0.8198857503125012,0.001350000000000004,73.60196600108698,36.376524099825545
mp-10188,Fe3S4,6,156,88,1.83,2.58,2.1208241883116883,mp-10188_Fe3S4.cif,-0.25612,0.0,74.89,23.11
mp-21410,FeS,6,156,88,1.83,2.58,2.3303172486772485,mp-21410_FeS.cif,-0.38087,0.0,153.48,74.93
mp-1404610,FeS2,6,156,88,1.83,2.58,1.1250425925925926,mp-1404610_FeS2.cif,-0.38158499999999995,0.409,114.41,64.09
mp-2099,FeS,6,156,88,1.83,2.58,2.386296212121212,mp-2099_FeS.cif,-0.35097,0.0,172.9,86.66
mp-952567,Fe2S3,6,156,88,1.83,2.58,2.259850696248196,mp-952567_Fe2S3.cif,-0.7819430304375004,0.0,133.0905999999999,75.24510000000005
mp-616476,FeS,6,156,88,1.83,2.58,2.2165083152958154,mp-616476_FeS.cif,-0.38059,0.0,163.175,80.775
mp-615366,FeS2,6,156,88,1.83,2.58,1.122325925925926,mp-615366_FeS2.cif,-0.5480016468749996,0.0,114.41,64.09
mp-850009,FeS2,6,156,88,1.83,2.58,1.133014814814815,mp-850009_FeS2.cif,-0.17789,0.0,114.41,64.09
mp-226,FeS2,6,156,88,1.83,2.58,2.275471767676768,mp-226_FeS2.cif,-0.62728,0.433,154.93,136.76
mp-505531,FeS,4,156,88,1.83,2.58,1.084464814814815,mp-505531_FeS.cif,-0.5813,0.0,65.81,39.41
mp-1393120,FeS2,6,156,88,1.83,2.58,1.1250425925925926,mp-1393120_FeS2.cif,-0.38158499999999995,0.409,114.41,64.09
mp-850411,Fe7S8,6,156,88,1.83,2.58,2.3192894264069266,mp-850411_Fe7S8.cif,-0.6968217154999999,0.0,133.0905999999999,75.14070000000005
mp-849057,FeS,6,156,88,1.83,2.58,2.3284890476190476,mp-849057_FeS.cif,-0.35023,0.0,163.175,80.775
mp-2779,FeS,6,156,88,1.83,2.58,2.3137892676767677,mp-2779_FeS.cif,-0.37356,0.0,163.175,80.775
mp-569240,Fe3Se4,6,156,103,1.83,2.55,1.1548342592592593,mp-569240_Fe3Se4.cif,-0.1591,0.0,67.97,25.56
mp-1184256,Fe3Se,4,156,103,1.83,2.55,2.306637481962482,mp-1184256_Fe3Se.cif,-0.020977466026785848,0.0,58.648700000000055,25.13383471452005
mp-1078945,FeSe,6,156,103,1.83,2.55,2.4242648629148627,mp-1078945_FeSe.cif,-0.09218,0.0,82.81,40.785
mp-20311,FeSe,4,156,103,1.83,2.55,1.1097907407407408,mp-20311_FeSe.cif,-0.28331,0.0,46.59,29.15
mp-1078538,FeSe,6,156,103,1.83,2.55,2.5852145502645505,mp-1078538_FeSe.cif,-0.09223,0.0,82.81,40.785
mp-1090,FeSe,6,156,103,1.83,2.55,2.4242648629148627,mp-1090_FeSe.cif,-0.09207,0.0,82.81,40.785
mp-1103177,FeSe2,6,156,103,1.83,2.55,2.261567328042328,mp-1103177_FeSe2.cif,-0.37258,0.0,120.78,96.12
mp-760,FeSe2,6,156,103,1.83,2.55,2.2662902597402597,mp-760_FeSe2.cif,-0.38686,0.328,118.73,92.8
mp-2780,Fe3Se4,6,156,103,1.83,2.55,2.5214426406926407,mp-2780_Fe3Se4.cif,-0.2524,0.0,88.34754072615438,51.47677244626827
mp-684963,Fe3Se4,4,156,103,1.83,2.55,2.4086851010101005,mp-684963_Fe3Se4.cif,0.24135506794642836,0.0,67.97,25.56
mp-540702,Fe7Se8,6,156,103,1.83,2.55,2.525149981962482,mp-540702_Fe7Se8.cif,-0.13259395236111182,0.0,74.1178000000001,29.9291795262797
mp-1224800,FeTe2,6,156,123,1.83,2.1,2.2205620851370855,mp-1224800_FeTe2.cif,-0.1392,0.0,94.545,75.155
mp-21273,FeTe,4,156,123,1.83,2.1,2.3772735930735927,mp-21273_FeTe.cif,-0.02648,0.0,44.57,22.46
mp-19880,FeTe2,6,156,123,1.83,2.1,2.3004187566137566,mp-19880_FeTe2.cif,-0.17447,0.0,93.06,72.35
mp-1102002,FeTe2,6,156,123,1.83,2.1,2.2603826455026454,mp-1102002_FeTe2.cif,-0.1392,0.0,94.545,75.155
mp-10761,FeTe,6,156,123,1.83,2.1,2.2263031962481965,mp-10761_FeTe.cif,0.07621,0.0,91.88,39.09
mp-685077,Fe2Te3,6,156,123,1.83,2.1,2.1436901851851853,mp-685077_Fe2Te3.cif,1.3573578199999994,0.0,94.8557,48.229493014490714
mp-1184492,In3B,6,156,87,1.78,2.04,2.659854470899471,mp-1184492_In3B.cif,-0.021566143094164426,0.1667051600877194,210.1865153187394,90.85228907404499
mp-1184483,In3B,6,156,87,1.78,2.04,2.5768641269841273,mp-1184483_In3B.cif,-0.021566143094164426,0.1667051600877194,210.1865153187394,90.85228907404499
mp-1184819,InC,4,156,67,1.78,2.55,2.66947873015873,mp-1184819_InC.cif,0.4511721602292016,0.2883079999999999,153.4172964882721,59.12204093867593
mp-1212000,InC6,6,156,67,1.78,2.55,1.6293771164021165,mp-1212000_InC6.cif,0.477470250779887,0.07305271929824554,208.87438924121042,83.2426110546086
mp-20411,InN,4,156,56,1.78,3.04,2.5955604761904763,mp-20411_InN.cif,0.01711,0.0,125.13,58.16
mp-20812,InN,6,156,56,1.78,3.04,2.4117385185185185,mp-20812_InN.cif,0.19843,0.035,162.07,99.82
mp-22205,InN,4,156,56,1.78,3.04,2.5955604761904763,mp-22205_InN.cif,0.00906,0.0,126.27,53.84
mp-22598,In2O3,6,156,48,1.78,3.44,1.6130759259259262,mp-22598_In2O3.cif,-2.024267296750001,0.9324000000000005,145.18146267217668,57.62370727075968
mp-1181272,InO3,6,156,48,1.78,3.44,1.4053489417989418,mp-1181272_InO3.cif,-1.6492964593500015,0.7862800000000003,164.96759999999978,63.68205588260789
mp-1194571,In2O3,6,156,48,1.78,3.44,1.6601425925925926,mp-1194571_In2O3.cif,-1.698575,0.827,161.14999999999998,65.22
mp-22323,In2O3,6,156,48,1.78,3.44,1.6232287037037036,mp-22323_In2O3.cif,-1.70288,1.195,159.14,62.43
mp-1105681,In2O3,6,156,48,1.78,3.44,2.7440405507455505,mp-1105681_In2O3.cif,-1.69873,0.827,161.14999999999998,65.22
mp-1181008,InO2,6,156,48,1.78,3.44,1.4680907407407409,mp-1181008_InO2.cif,-1.12203,0.15,166.5943999999998,55.33509087118061
mp-1184809,InO,4,156,48,1.78,3.44,2.3341741269841267,mp-1184809_InO.cif,-0.89425,0.0,184.89401187028488,48.60572395777013
mp-20050,InP3,6,156,98,1.78,2.19,2.103073677248677,mp-20050_InP3.cif,-0.09553,0.0,50.75694600011636,22.816347578175105
mp-20351,InP,4,156,98,1.78,2.19,1.0620247354497356,mp-20351_InP.cif,-0.22434,0.331,59.7,32.04
mp-966800,InP,4,156,98,1.78,2.19,1.0788302910052912,mp-966800_InP.cif,-0.21708,0.375,59.49,30.37
mp-20457,InP,6,156,98,1.78,2.19,2.050747486772487,mp-20457_InP.cif,-0.01096,0.0,71.43,37.58
mp-1147622,InS2,6,156,88,1.78,2.58,2.1188070105820107,mp-1147622_InS2.cif,-0.27108,0.0,59.28,28.85
mp-22375,In2S3,6,156,88,1.78,2.58,1.0845414021164022,mp-22375_In2S3.cif,-0.60199,0.264,57.58045313783843,34.95981986498883
mp-630528,InS,4,156,88,1.78,2.58,2.2675410533910534,mp-630528_InS.cif,-0.58205,0.958,38.52,23.53
mp-673633,In2S3,4,156,88,1.78,2.58,1.097073015873016,mp-673633_In2S3.cif,-0.57892,1.001,38.57269999999998,23.491200000000006
mp-1147625,InS2,4,156,88,1.78,2.58,2.0808847883597883,mp-1147625_InS2.cif,-0.20513,0.0,59.28,28.85
mp-1147607,InS2,6,156,88,1.78,2.58,1.0849933862433863,mp-1147607_InS2.cif,-0.27108,0.0,59.28,28.85
mp-1223831,In2S3,4,156,88,1.78,2.58,1.026910052910053,mp-1223831_In2S3.cif,-0.58451,0.686,44.53205313783837,28.50314999999999
mp-1184892,In3S,6,156,88,1.78,2.58,2.2538137566137566,mp-1184892_In3S.cif,-0.12868,0.0,37.27,10.0
mp-1017565,In2Se3,6,156,103,1.78,2.55,1.041028439153439,mp-1017565_In2Se3.cif,-0.47992,0.0,37.12,18.43
mp-1232036,InSe2,4,156,103,1.78,2.55,1.0688080687830688,mp-1232036_InSe2.cif,-0.22428,0.0,47.653850814523096,27.96459179692276
mp-1184883,In3Se,4,156,103,1.78,2.55,2.391582804232804,mp-1184883_In3Se.cif,-0.16938,0.0,50.53090000000001,26.66355917583149
mp-1068510,In2Te3,6,156,123,1.78,2.1,1.0688080687830688,mp-1068510_In2Te3.cif,-0.25325,0.0,44.96080000000004,22.81880651920314
mp-541885,In3Te4,6,156,123,1.78,2.1,2.2221927248677247,mp-541885_In3Te4.cif,-0.28563638142857123,0.08389999999999986,43.12190000000004,21.91449919179865
mp-1223866,In2Te3,4,156,123,1.78,2.1,1.0180137566137566,mp-1223866_In2Te3.cif,-0.09131,0.0,44.9513976130824,22.62859042734527
mp-1197742,In2Te5,4,156,123,1.78,2.1,1.0079915343915344,mp-1197742_In2Te5.cif,-0.213025,0.7135,46.995416161030946,24.280581424362364
mp-622511,In2Te3,4,156,123,1.78,2.1,1.0250822751322752,mp-622511_In2Te3.cif,-0.09131,0.0,44.9513976130824,22.62859042734527
mp-2597,InTe,6,156,123,1.78,2.1,2.046980423280423,mp-2597_InTe.cif,-0.31322,0.0,40.67,14.02
mp-1224450,In2Te3,4,156,123,1.78,2.1,1.0180137566137566,mp-1224450_In2Te3.cif,-0.09131,0.0,44.9513976130824,22.62859042734527
mp-582549,In2Te5,4,156,123,1.78,2.1,1.0079915343915344,mp-582549_In2Te5.cif,-0.21747,0.7,47.20801616103094,24.198281424362364
mp-20318,Mn2B,4,161,87,1.55,2.04,2.6015352116402117,mp-20318_Mn2B.cif,-0.3543,0.0,316.11,169.67
mp-6933,MnN,6,161,56,1.55,3.04,2.4747765295815296,mp-6933_MnN.cif,-0.31255,0.0,262.3,52.02
mp-999517,MnN,4,161,56,1.55,3.04,4.814609656084656,mp-999517_MnN.cif,-0.3344,0.0,271.65,41.85
mp-637576,Mn4N,6,161,56,1.55,3.04,1.5059757936507936,mp-637576_Mn4N.cif,1.81048,0.0,176.78364944940145,48.04749207185981
mp-1009130,MnN,4,161,56,1.55,3.04,4.847350396825397,mp-1009130_MnN.cif,-0.43985,0.059,271.0,31.68
mp-25424,MnO2,6,161,48,1.55,3.44,4.289568253968254,mp-25424_MnO2.cif,-1.75636,0.705,97.17,53.63
mp-796077,MnO2,6,161,48,1.55,3.44,3.898152513227513,mp-796077_MnO2.cif,-1.74728,0.3535,97.17,53.63
mp-1272141,MnO2,6,161,48,1.55,3.44,4.289568253968254,mp-1272141_MnO2.cif,-1.74728,0.3535,97.17,53.63
mp-1043363,Mn2O3,6,161,48,1.55,3.44,1.4346794973544974,mp-1043363_Mn2O3.cif,-1.75368,0.0,150.1147697439831,51.17092144275271
mp-796340,MnO2,6,161,48,1.55,3.44,3.917693253968254,mp-796340_MnO2.cif,-1.74728,0.3535,97.17,53.63
mp-752536,Mn5O8,6,161,48,1.55,3.44,1.6222202380952382,mp-752536_Mn5O8.cif,-1.65409,0.0,136.2026511087339,52.8116941575121
mp-33009,MnO2,6,161,48,1.55,3.44,3.898152513227513,mp-33009_MnO2.cif,-1.80492,0.157,195.16,123.71
mp-776603,Mn15O32,6,161,48,1.55,3.44,3.898152513227513,mp-776603_Mn15O32.cif,-1.6363941786042546,0.0,138.64201855329705,50.668927245983376
mp-19326,MnO2,6,161,48,1.55,3.44,3.898152513227513,mp-19326_MnO2.cif,-1.78783,0.391,97.17,53.63
mp-1172875,Mn2O3,6,161,48,1.55,3.44,1.5598128306878307,mp-1172875_Mn2O3.cif,-1.75368,0.0,150.1147697439831,51.17092144275271
mp-510408,MnO2,6,161,48,1.55,3.44,3.898152513227513,mp-510408_MnO2.cif,-1.7745383428200003,0.05690000000000017,173.38905126016522,137.2878814110508
mp-1371977,MnO2,6,161,48,1.55,3.44,3.898152513227513,mp-1371977_MnO2.cif,-1.74728,0.3535,97.17,53.63
mp-1354190,MnO2,6,161,48,1.55,3.44,3.917693253968254,mp-1354190_MnO2.cif,-1.74728,0.3535,97.17,53.63
mp-25223,MnO2,6,161,48,1.55,3.44,3.917693253968254,mp-25223_MnO2.cif,-1.73944,0.679,103.69,73.33
mp-1271850,MnO2,6,161,48,1.55,3.44,3.898152513227513,mp-1271850_MnO2.cif,-1.74728,0.3535,97.17,53.63
mp-770543,Mn2O3,6,161,48,1.55,3.44,1.6581452380952382,mp-770543_Mn2O3.cif,-1.74308,0.0,150.1147697439831,51.17092144275271
mp-796336,MnO2,6,161,48,1.55,3.44,3.917693253968254,mp-796336_MnO2.cif,-1.74728,0.3535,97.17,53.63
mp-18922,Mn5O8,6,161,48,1.55,3.44,4.657578439153439,mp-18922_Mn5O8.cif,-1.9493028534461525,0.4946999999999999,136.4053022174678,52.6233883150242
mp-755489,MnO2,6,161,48,1.55,3.44,3.917693253968254,mp-755489_MnO2.cif,-1.74728,0.3535,97.17,53.63
mp-1238899,MnO,4,161,48,1.55,3.44,1.434946164021164,mp-1238899_MnO.cif,-1.31265,0.0,184.99,54.115
mp-1221542,MnO2,6,161,48,1.55,3.44,3.898152513227513,mp-1221542_MnO2.cif,-1.74728,0.3535,97.17,53.63
mp-28338,Mn2O7,4,161,48,1.55,3.44,4.289568253968254,mp-28338_Mn2O7.cif,-0.9006752759077775,1.8058000000000003,96.01533422139094,43.3770205613911
mp-19395,MnO2,6,161,48,1.55,3.44,3.917693253968254,mp-19395_MnO2.cif,-1.77491,0.643,96.88,51.93
mp-25275,MnO2,6,161,48,1.55,3.44,3.917693253968254,mp-25275_MnO2.cif,-1.73739,0.363,97.17,53.63
mp-644514,MnO2,6,161,48,1.55,3.44,4.289568253968254,mp-644514_MnO2.cif,-1.79554,0.217,97.17,53.63
mp-1221594,MnO4,4,161,48,1.55,3.44,3.898152513227513,mp-1221594_MnO4.cif,-1.1307217586359277,0.6019333333333345,140.7164999999999,47.47498546159396
mp-1221945,Mn8O17,6,161,48,1.55,3.44,3.898152513227513,mp-1221945_Mn8O17.cif,-1.7128046162192043,0.24249696969696927,100.62755107106703,57.226451626496
mp-1303934,Mn2O3,6,161,48,1.55,3.44,1.5957378306878305,mp-1303934_Mn2O3.cif,-1.75368,0.0,150.1147697439831,51.17092144275271
mp-510732,MnO2,6,161,48,1.55,3.44,3.898152513227513,mp-510732_MnO2.cif,-1.74728,0.3535,97.17,53.63
mp-999539,MnO,4,161,48,1.55,3.44,1.4429183862433863,mp-999539_MnO.cif,-1.17884,0.0,184.99,54.115
mp-867971,Mn15O32,6,161,48,1.55,3.44,3.898152513227513,mp-867971_Mn15O32.cif,-1.6363941786042546,0.0,138.64201855329705,50.668927245983376
mp-1222372,Mn20O43,6,161,48,1.55,3.44,3.898152513227513,mp-1222372_Mn20O43.cif,-1.7128046162192043,0.24249696969696927,100.62755107106703,57.226451626496
mp-1086672,MnO3,6,161,48,1.55,3.44,1.4700497354497355,mp-1086672_MnO3.cif,-1.08366,0.0,182.47369999999998,57.725012152746146
mp-510604,Mn2O3,6,161,48,1.55,3.44,1.5957378306878305,mp-510604_Mn2O3.cif,-1.75368,0.0,150.1147697439831,51.17092144275271
mp-565203,Mn2O3,6,161,48,1.55,3.44,1.5598128306878307,mp-565203_Mn2O3.cif,-2.028022781759,0.1088,150.1147697439831,51.17092144275271
mp-755671,MnO2,6,161,48,1.55,3.44,4.289568253968254,mp-755671_MnO2.cif,-1.75296,0.652,97.17,53.63
mp-1306224,Mn2O3,6,161,48,1.55,3.44,1.4395498677248681,mp-1306224_Mn2O3.cif,-1.75384,0.0,150.1147697439831,51.17092144275271
mp-1232659,MnO,6,161,48,1.55,3.44,1.463487830687831,mp-1232659_MnO.cif,-1.31265,0.0,184.99,54.115
mp-19006,MnO,6,161,48,1.55,3.44,1.4601851851851855,mp-19006_MnO.cif,-1.31371,0.0,184.99,54.115
mp-999516,MnP,6,161,98,1.55,2.19,2.231149148629149,mp-999516_MnP.cif,-0.43098,0.0,160.57,65.36
mp-769096,MnP4,6,161,98,1.55,2.19,2.216005696248196,mp-769096_MnP4.cif,-0.3149,0.0,118.7923706805459,86.20935763672445
mp-571193,MnP4,6,161,98,1.55,2.19,2.1451967676767674,mp-571193_MnP4.cif,-0.3633229407261908,0.5601000000000003,136.73845882538177,115.13532746383869
mp-1009135,MnP,4,161,98,1.55,2.19,1.1239759259259259,mp-1009135_MnP.cif,0.02811,0.0,168.59,85.85499999999999
mp-1105127,MnP4,6,161,98,1.55,2.19,2.1451967676767674,mp-1105127_MnP4.cif,-0.34051,0.2405,133.4,115.24
mp-754064,MnP2,6,161,98,1.55,2.19,2.250983095238096,mp-754064_MnP2.cif,-0.42401,0.0,157.3,121.04
mp-569522,MnP4,6,161,98,1.55,2.19,2.1451967676767674,mp-569522_MnP4.cif,-0.3648363858095242,0.4802999999999997,137.20388626889255,114.72771414019354
mp-2662,MnP,6,161,98,1.55,2.19,2.277193593073593,mp-2662_MnP.cif,-0.56433,0.0,176.61,106.35
mp-487,MnP4,6,161,98,1.55,2.19,2.1565662121212124,mp-487_MnP4.cif,-0.36612,0.481,133.4,115.24
mp-755453,MnP4,6,161,98,1.55,2.19,2.216005696248196,mp-755453_MnP4.cif,-0.3252049704761902,0.0,130.1683565533802,85.84772196665676
mp-1455,MnS2,6,161,88,1.55,2.58,2.276897362914863,mp-1455_MnS2.cif,-0.47007,0.0,40.295,12.885
mp-2562,MnS,4,161,88,1.55,2.58,1.0740199735449736,mp-2562_MnS.cif,-0.45107,0.0,31.12,18.71
mp-1422029,MnS2,6,161,88,1.55,2.58,1.1322015873015874,mp-1422029_MnS2.cif,-0.47007,0.0,40.295,12.885
mp-1386044,MnS2,6,161,88,1.55,2.58,1.0891275132275133,mp-1386044_MnS2.cif,-0.47007,0.0,40.295,12.885
mp-1783,MnS,4,161,88,1.55,2.58,1.1711267195767199,mp-1783_MnS.cif,-0.35771,0.0,56.061149168839606,14.973246006387534
mp-974355,Mn2S3,6,161,88,1.55,2.58,2.2153797438672442,mp-974355_Mn2S3.cif,-0.62248,0.0,126.69319999999992,111.147393576367
mp-975439,Mn3S,4,161,88,1.55,2.58,2.282287481962482,mp-975439_Mn3S.cif,0.18114,0.0,71.85067458441986,22.747045029611332
mp-1018804,MnS2,6,161,88,1.55,2.58,2.279833095238095,mp-1018804_MnS2.cif,-0.62811,0.0,127.56,113.23
mp-2065,MnS,6,161,88,1.55,2.58,2.133935978835979,mp-2065_MnS.cif,-0.48509,0.0,40.88,27.61
mp-1397283,MnS2,4,161,88,1.55,2.58,1.0820904761904764,mp-1397283_MnS2.cif,-0.47007,0.0,40.295,12.885
mp-972,MnSe,6,161,103,1.55,2.55,1.1239759259259259,mp-972_MnSe.cif,-0.26969,0.0,50.2,10.0
mp-604910,MnSe,4,161,103,1.55,2.55,1.1286267195767197,mp-604910_MnSe.cif,-0.2989,0.0,51.87,20.46
mp-21321,MnSe2,6,161,103,1.55,2.55,1.1165425925925927,mp-21321_MnSe2.cif,-0.221,0.0,53.67129999999991,19.383200000000016
mp-2293,MnSe,4,161,103,1.55,2.55,1.1587015873015873,mp-2293_MnSe.cif,0.13551,0.0,106.07,15.46
mp-10204,MnSe,6,161,103,1.55,2.55,1.1286267195767197,mp-10204_MnSe.cif,-0.27778,0.0,51.76,21.13
mp-999540,MnSe,4,161,103,1.55,2.55,1.1075878306878308,mp-999540_MnSe.cif,0.19854,0.0,101.76,10.0
mp-21893,MnTe2,6,161,123,1.55,2.1,2.1616755772005773,mp-21893_MnTe2.cif,0.03705,0.0,89.53,60.26
mp-1079443,MnTe,6,161,123,1.55,2.1,2.271308513708514,mp-1079443_MnTe.cif,0.05856,0.0,46.0,31.24
mp-1009222,MnTe,4,161,123,1.55,2.1,1.0962941798941799,mp-1009222_MnTe.cif,0.07737,0.0,24.37,14.2
mp-404,MnTe,6,161,123,1.55,2.1,2.0781477994227995,mp-404_MnTe.cif,0.01227,0.0,43.72,22.15
mp-1185988,Mn3Te,4,161,123,1.55,2.1,2.2262847041847045,mp-1185988_Mn3Te.cif,0.34226,0.0,29.742699999999935,13.966564959478049
mp-1406,MnTe,6,161,123,1.55,2.1,2.0599477994227993,mp-1406_MnTe.cif,0.05586,0.0,39.8,12.06
mp-1080073,MnTe,6,161,123,1.55,2.1,2.2582628787878787,mp-1080073_MnTe.cif,0.01226,0.0,45.22,23.69
mp-1228730,B24Mo7,6,190,87,2.16,2.04,3.1099239417989417,mp-1228730_B24Mo7.cif,-0.05093498983142362,0.4869674166666662,181.15555313783844,105.1619843377391
mp-15798,MoC,6,190,67,2.16,2.55,2.9770507936507933,mp-15798_MoC.cif,0.17095024541666726,0.0,332.37,162.88
mp-1009218,MoC,4,190,67,2.16,2.55,2.9648731481481483,mp-1009218_MoC.cif,0.40452,0.0,238.17,31.42
mp-2305,MoC,6,190,67,2.16,2.55,2.9036054232804234,mp-2305_MoC.cif,-0.1697,0.0,349.99,242.45
mp-2746,MoC,6,190,67,2.16,2.55,2.9036054232804234,mp-2746_MoC.cif,0.12131,0.0,332.37,162.88
mp-567925,MoC,6,190,67,2.16,2.55,2.9036054232804234,mp-567925_MoC.cif,0.03793,0.0,332.37,162.88
mp-2811,MoN,6,190,56,2.16,3.04,2.8491878306878307,mp-2811_MoN.cif,-0.5715,0.0,326.8661894758168,195.58903297339825
mp-1065394,MoN,6,190,56,2.16,3.04,2.735706349206349,mp-1065394_MoN.cif,-0.55658,0.0,216.185,81.255
mp-530081,Mo15N16,6,190,56,2.16,3.04,2.8491878306878307,mp-530081_Mo15N16.cif,-0.5435635476800005,0.0,231.31055000000018,65.7295473307279
mp-999503,MoN,4,190,56,2.16,3.04,2.757792460317461,mp-999503_MoN.cif,-0.3033,0.0,216.185,81.255
mp-2355,MoN,6,190,56,2.16,3.04,2.826396957671958,mp-2355_MoN.cif,1.3185731388100006,0.0,226.21970741540014,10.0
mp-1402363,MoN2,6,190,56,2.16,3.04,4.145559920634921,mp-1402363_MoN2.cif,-0.07166499999999999,0.0,167.61384244067256,42.885096701304654
mp-13036,MoN,6,190,56,2.16,3.04,2.770938756613756,mp-13036_MoN.cif,-0.47159,0.0,353.69,175.39
mp-13034,MoN,4,190,56,2.16,3.04,2.8322064814814816,mp-13034_MoN.cif,-0.20966,0.0,216.185,81.255
mp-1419585,MoN,4,190,56,2.16,3.04,2.757792460317461,mp-1419585_MoN.cif,-0.17973,0.0,216.185,81.255
mp-1078389,MoN,6,190,56,2.16,3.04,2.8491878306878307,mp-1078389_MoN.cif,-0.17973,0.0,216.185,81.255
mp-16730,MoN,6,190,56,2.16,3.04,2.770938756613756,mp-16730_MoN.cif,-0.17973,0.0,330.2,47.82
mp-25349,MoO2,6,190,48,2.16,3.44,1.7333814814814812,mp-25349_MoO2.cif,-1.74938,0.0,91.86,29.725
mp-1041997,MoO2,6,190,48,2.16,3.44,1.5079026455026454,mp-1041997_MoO2.cif,-1.74938,0.0,91.86,29.725
mp-1180203,MoO4,6,190,48,2.16,3.44,1.6218715608465608,mp-1180203_MoO4.cif,-1.9041184799579585,0.47317631578947333,105.7585142806046,49.57942690435033
mp-1323723,Mo3O8,6,190,48,2.16,3.44,3.902450925925926,mp-1323723_Mo3O8.cif,-1.824155,0.0,77.51,32.11
mp-1047895,Mo4O9,6,190,48,2.16,3.44,1.5272359788359786,mp-1047895_Mo4O9.cif,-1.9773085470192309,0.0,87.10751661475871,39.292102802092444
mp-1047075,MoO2,6,190,48,2.16,3.44,1.5645544973544974,mp-1047075_MoO2.cif,-1.74938,0.0,91.86,29.725
mp-559140,MoO2,6,190,48,2.16,3.44,4.145559920634921,mp-559140_MoO2.cif,-1.74938,0.0,91.86,29.725
mp-1239172,Mo5O14,6,190,48,2.16,3.44,3.902450925925926,mp-1239172_Mo5O14.cif,-2.0379307796052624,0.0,94.7542,32.19944999999999
mp-1180296,Mo2O7,6,190,48,2.16,3.44,1.5196919312169312,mp-1180296_Mo2O7.cif,-1.9041184799579585,0.47317631578947333,105.7585142806046,49.57942690435033
mp-715482,MoO2,6,190,48,2.16,3.44,1.5531933862433862,mp-715482_MoO2.cif,-1.86458,0.0,75.32634703389027,37.90054814170786
mp-715479,Mo3O8,6,190,48,2.16,3.44,3.9365249999999996,mp-715479_Mo3O8.cif,-1.87062,0.0,77.51,32.11
mp-1393345,Mo3O8,6,190,48,2.16,3.44,3.9365249999999996,mp-1393345_Mo3O8.cif,-1.824155,0.0,77.51,32.11
mp-714969,MoO2,6,190,48,2.16,3.44,1.5111693121693122,mp-714969_MoO2.cif,-1.73107,0.0,89.0,50.0
mp-1445089,MoO3,6,190,48,2.16,3.44,3.9365249999999996,mp-1445089_MoO3.cif,-2.03367,1.158,63.949999999999996,33.205
mp-706490,Mo9O26,6,190,48,2.16,3.44,3.9365249999999996,mp-706490_Mo9O26.cif,-2.034931238214286,0.6425000000000001,127.65009999999995,69.84087257178257
mp-715550,MoO2,6,190,48,2.16,3.44,1.5616925925925926,mp-715550_MoO2.cif,-2.15613,0.0,91.86,29.725
mp-1173004,Mo3O8,6,190,48,2.16,3.44,1.6316771164021162,mp-1173004_Mo3O8.cif,-1.824155,0.0,77.51,32.11
mp-1180348,Mo3O10,6,190,48,2.16,3.44,1.707232671957672,mp-1180348_Mo3O10.cif,-1.70188,0.309,97.88845685356908,40.61131982991097
mp-1201958,Mo8O23,6,190,48,2.16,3.44,3.9365249999999996,mp-1201958_Mo8O23.cif,-2.034542811774193,0.5769999999999997,125.33929999999995,65.44714423073601
mp-1221492,Mo2O,4,190,48,2.16,3.44,2.628042376142376,mp-1221492_Mo2O.cif,-0.3472415189767419,0.27941539912280694,104.99582748157759,42.74869154676864
mp-1393075,MoO3,6,190,48,2.16,3.44,3.9365249999999996,mp-1393075_MoO3.cif,-2.03367,1.158,63.949999999999996,33.205
mp-1221467,MoO4,4,190,48,2.16,3.44,1.5877974867724867,mp-1221467_MoO4.cif,-0.3472415189767419,0.27941539912280694,104.99582748157759,42.74869154676864
mp-796331,MoO5,6,190,48,2.16,3.44,3.9365249999999996,mp-796331_MoO5.cif,-1.9041184799579585,0.47317631578947333,105.7585142806046,49.57942690435033
mp-1180281,Mo3O10,6,190,48,2.16,3.44,4.293866666666666,mp-1180281_Mo3O10.cif,-1.70188,0.309,97.88845685356908,40.61131982991097
mp-25274,Mo3O8,6,190,48,2.16,3.44,4.293866666666666,mp-25274_Mo3O8.cif,-1.824155,0.0,77.51,32.11
mp-1371699,Mo2O3,6,190,48,2.16,3.44,1.6255404761904761,mp-1371699_Mo2O3.cif,-1.60867762675,0.4950000000000001,105.35739463583123,52.12131123614101
mp-1047621,MoO2,6,190,48,2.16,3.44,1.5272359788359786,mp-1047621_MoO2.cif,-1.74938,0.0,91.86,29.725
mp-18856,MoO3,6,190,48,2.16,3.44,3.9365249999999996,mp-18856_MoO3.cif,-2.0234639774999987,1.3723,32.980553825288155,37.005792337002525
mp-1094123,MoO2,6,190,48,2.16,3.44,1.535532142857143,mp-1094123_MoO2.cif,-2.05296,0.74,154.8,87.1
mp-2669,Mo8O23,6,190,48,2.16,3.44,3.902450925925926,mp-2669_Mo8O23.cif,-2.034542811774193,0.5769999999999997,125.33929999999995,65.44714423073601
mp-635966,MoO2,6,190,48,2.16,3.44,1.5564600529100527,mp-635966_MoO2.cif,-1.8969405308333336,1.6438,89.1826785075565,50.05861145846354
mp-640818,Mo9O26,6,190,48,2.16,3.44,4.293866666666666,mp-640818_Mo9O26.cif,-1.9999553832857135,1.1938,61.10906060933352,34.14185607394831
mp-25427,MoO2,6,190,48,2.16,3.44,1.5079026455026454,mp-25427_MoO2.cif,-1.74424,0.0,91.86,29.725
mp-562561,MoO3,6,190,48,2.16,3.44,3.9365249999999996,mp-562561_MoO3.cif,-2.03367,1.158,63.949999999999996,33.205
mp-20589,MoO3,6,190,48,2.16,3.44,3.9365249999999996,mp-20589_MoO3.cif,-2.03367,1.158,63.949999999999996,33.205
mp-1206498,MoO4,6,190,48,2.16,3.44,4.293866666666666,mp-1206498_MoO4.cif,-1.9041184799579585,0.47317631578947333,105.7585142806046,49.57942690435033
mp-2704783,MoO3,6,190,48,2.16,3.44,3.9365249999999996,mp-2704783_MoO3.cif,-2.03367,1.158,63.949999999999996,33.205
mp-25571,MoO2,6,190,48,2.16,3.44,1.7147767195767194,mp-25571_MoO2.cif,-1.74938,0.0,96.09,34.53
mp-714883,MoO2,6,190,48,2.16,3.44,1.5547489417989417,mp-714883_MoO2.cif,-1.9197891941666656,1.2595,91.86,29.725
mp-27701,Mo9O26,6,190,48,2.16,3.44,3.9365249999999996,mp-27701_Mo9O26.cif,-2.0331624516428577,0.6605000000000001,126.01720553825282,67.11340989894533
mp-1383701,MoO2,6,190,48,2.16,3.44,1.5452211640211642,mp-1383701_MoO2.cif,-1.74938,0.0,91.86,29.725
mp-560190,Mo8O23,6,190,48,2.16,3.44,3.9365249999999996,mp-560190_Mo8O23.cif,-2.034542811774193,0.5769999999999997,125.33929999999995,65.44714423073601
mp-510536,MoO2,6,190,48,2.16,3.44,1.569664814814815,mp-510536_MoO2.cif,-2.16597,0.0,266.0,144.04
mp-715584,MoO3,6,190,48,2.16,3.44,3.9365249999999996,mp-715584_MoO3.cif,-2.0207540740625003,1.8343,63.949999999999996,33.205
mp-1180197,MoO5,6,190,48,2.16,3.44,3.902450925925926,mp-1180197_MoO5.cif,-1.9041184799579585,0.47317631578947333,105.7585142806046,49.57942690435033
mp-11508,MoP4,6,190,98,2.16,2.19,2.472552777777778,mp-11508_MoP4.cif,-0.3409,0.0,191.92669999999984,123.85652857546836
mp-219,MoP,6,190,98,2.16,2.19,2.6583911111111114,mp-219_MoP.cif,-0.63155,0.0,217.12,133.89
mp-1001837,MoP,4,190,98,2.16,2.19,1.2369425925925925,mp-1001837_MoP.cif,0.22994,0.0,217.12,133.89
mp-1001785,MoP,6,190,98,2.16,2.19,2.7044375396825395,mp-1001785_MoP.cif,0.01388,0.0,217.12,133.89
mp-2647020,MoP2,6,190,98,2.16,2.19,1.1850641534391535,mp-2647020_MoP2.cif,-0.51078,0.0,169.96,125.61
mp-1023924,MoS2,6,190,88,2.16,2.58,1.2251160052910053,mp-1023924_MoS2.cif,-1.3046503227083337,1.6582,15.0,10.0
mp-1104577,Mo3S4,6,190,88,2.16,2.58,2.6115428571428576,mp-1104577_Mo3S4.cif,-0.73826,0.0,70.51664004347407,46.79181361054895
mp-1025874,MoS2,6,190,88,2.16,2.58,1.2251160052910053,mp-1025874_MoS2.cif,-0.92422,1.097,40.79,26.71
mp-1405065,MoS2,6,190,88,2.16,2.58,2.5532064814814817,mp-1405065_MoS2.cif,-0.92422,0.921,60.915000000000006,44.870000000000005
mp-1627,Mo2S3,6,190,88,2.16,2.58,2.504520634920635,mp-1627_Mo2S3.cif,-0.8008,0.0,99.31160010868516,61.25693763772854
mp-1238797,MoS2,6,190,88,2.16,2.58,2.5270583333333336,mp-1238797_MoS2.cif,-0.69305,0.0,60.915000000000006,44.870000000000005
mp-1023939,MoS2,6,190,88,2.16,2.58,1.2251160052910053,mp-1023939_MoS2.cif,-0.92268,1.207,16.0,10.0
mp-2815,MoS2,6,190,88,2.16,2.58,1.1625044973544973,mp-2815_MoS2.cif,-0.96153,0.922,70.51,47.65
mp-1018809,MoS2,6,190,88,2.16,2.58,1.192684259259259,mp-1018809_MoS2.cif,-0.95754,0.958,71.48,44.27
mp-1042086,MoS2,4,190,88,2.16,2.58,1.1354156084656084,mp-1042086_MoS2.cif,-0.92422,0.921,60.915000000000006,44.870000000000005
mp-558544,MoS2,6,190,88,2.16,2.58,2.5533444444444444,mp-558544_MoS2.cif,-0.69909,0.0,51.32,45.47
mp-1434,MoS2,6,190,88,2.16,2.58,1.192684259259259,mp-1434_MoS2.cif,-0.9615,0.955,26.742031817748906,17.91826316694634
mp-1027525,MoS2,6,190,88,2.16,2.58,1.2251160052910053,mp-1027525_MoS2.cif,-0.9616,0.921,70.62,47.69
mp-1211453,MoS6,4,190,88,2.16,2.58,1.2654215608465609,mp-1211453_MoS6.cif,-0.9242200000000008,0.9210000000000016,60.91499999999997,44.86999999999992
mp-1025799,MoSe2,6,190,103,2.16,2.55,1.2028419312169314,mp-1025799_MoSe2.cif,-0.6444,1.123,32.01,22.33
mp-1018807,MoSe2,6,190,103,2.16,2.55,1.170687962962963,mp-1018807_MoSe2.cif,-0.66579,0.942,57.91,35.15
mp-1186027,MoSe,6,190,103,2.16,2.55,2.7503087301587303,mp-1186027_MoSe.cif,0.12355,0.0,71.50787100990497,37.649962130066015
mp-7581,MoSe2,6,190,103,2.16,2.55,1.170687962962963,mp-7581_MoSe2.cif,-0.67092,0.993,58.62,38.59
mp-1023934,MoSe2,6,190,103,2.16,2.55,1.2028419312169314,mp-1023934_MoSe2.cif,-0.6689573490624999,1.4317,47.015,29.805
mp-1027692,MoSe2,6,190,103,2.16,2.55,0.9032585978835979,mp-1027692_MoSe2.cif,-0.6512,1.061,36.4,24.46
mp-1023940,MoSe2,6,190,103,2.16,2.55,1.2028419312169314,mp-1023940_MoSe2.cif,-0.6312,1.218,27.97,19.48
mp-1634,MoSe2,6,190,103,2.16,2.55,1.170687962962963,mp-1634_MoSe2.cif,-0.67149,0.906,57.63,39.12
mp-1206038,Mo3Se,4,190,103,2.16,2.55,2.6807892857142854,mp-1206038_Mo3Se.cif,-0.4340993199545021,0.5734865416666661,56.40955708584328,32.14044412546156
mp-7459,Te2Mo,6,190,123,2.16,2.1,2.4955361111111114,mp-7459_Te2Mo.cif,-0.22889,0.0,49.01,25.47
mp-602,Te2Mo,6,190,123,2.16,2.1,2.3990750000000003,mp-602_Te2Mo.cif,-0.24068,0.765,43.44,29.85
mp-1120746,Te2Mo,6,190,123,2.16,2.1,1.1850641534391535,mp-1120746_Te2Mo.cif,-0.22889,0.783,43.42,25.47
mp-1023935,Te2Mo,6,190,123,2.16,2.1,1.2028419312169314,mp-1023935_Te2Mo.cif,-0.151,1.228,15.0,10.0
mp-1023938,Te2Mo,6,190,123,2.16,2.1,1.1309193121693122,mp-1023938_Te2Mo.cif,-0.26807105333333325,1.0502,43.42,25.47
mp-1025576,Te2Mo,6,190,123,2.16,2.1,1.1309193121693122,mp-1025576_Te2Mo.cif,-0.20266,1.133,21.64,12.19
mp-1237627,TeMo6,6,190,123,2.16,2.1,2.5892633333333337,mp-1237627_TeMo6.cif,-0.14333388166666683,0.7180249999999988,39.54395000000004,24.983714100181288
mp-1120748,TeMo,6,190,123,2.16,2.1,2.7341069841269845,mp-1120748_TeMo.cif,0.41452,0.0,56.70334359522237,24.019804168193744
mp-1030319,Te2Mo,6,190,123,2.16,2.1,0.8273835978835979,mp-1030319_Te2Mo.cif,-0.241,0.785,43.31,29.79
mp-1094093,NbC,6,198,67,1.6,2.55,2.864414682539683,mp-1094093_NbC.cif,-0.42039,0.0,299.63,195.56
mp-910,NbC,6,198,67,1.6,2.55,2.864414682539683,mp-910_NbC.cif,-0.52754,0.0,299.63,195.56
mp-1009458,NbC,4,198,67,1.6,2.55,1.573465740740741,mp-1009458_NbC.cif,0.02081,0.0,299.63,195.56
mp-999377,NbC,6,198,67,1.6,2.55,2.8576369047619052,mp-999377_NbC.cif,-0.16948,0.0,299.63,195.56
mp-2701,NbN,6,198,56,1.6,3.04,2.7317480158730163,mp-2701_NbN.cif,-1.19239,0.0,318.47,194.74
mp-1018142,NbN,4,198,56,1.6,3.04,2.660466798941799,mp-1018142_NbN.cif,-0.77545,0.0,227.6,23.76
mp-999355,NbN,4,198,56,1.6,3.04,2.7509842592592597,mp-999355_NbN.cif,-0.81843,0.0,312.81,172.67000000000002
mp-1580,NbN,6,198,56,1.6,3.04,2.7317480158730163,mp-1580_NbN.cif,-1.01751,0.0,308.8,150.6
mp-7234,Nb5N6,6,198,56,1.6,3.04,2.8573052910052907,mp-7234_Nb5N6.cif,-1.16497,0.0,271.93880000000007,149.72577810160465
mp-999357,NbN,6,198,56,1.6,3.04,2.696515608465609,mp-999357_NbN.cif,-1.06821,0.0,312.81,172.67000000000002
mp-15799,NbN,6,198,56,1.6,3.04,2.8427378306878306,mp-15799_NbN.cif,-1.02268,0.0,23.84,40.92
mp-7927,Nb4N5,6,198,56,1.6,3.04,2.7641518518518517,mp-7927_Nb4N5.cif,-1.1630341846555534,0.0,270.0,157.0
mp-754556,Nb3N5,6,198,56,1.6,3.04,1.3613338624338625,mp-754556_Nb3N5.cif,-0.89745,0.746,326.0882999999996,198.33878368878203
mp-1220519,Nb4N3,4,198,56,1.6,3.04,1.3363943121693123,mp-1220519_Nb4N3.cif,-1.04791,0.0,294.04,31.51
mp-2634,NbN,6,198,56,1.6,3.04,2.7317480158730163,mp-2634_NbN.cif,-1.2324,0.0,318.38,210.67
mp-1364247,Nb2O5,6,198,48,1.6,3.44,1.6855408730158732,mp-1364247_Nb2O5.cif,-2.68686,2.17,145.69,57.55
mp-510554,Nb12O29,6,198,48,1.6,3.44,1.5978904761904762,mp-510554_Nb12O29.cif,-3.0484844067378036,0.0777000000000001,145.4563580497951,59.06461892429102
mp-1470,Nb12O29,6,198,48,1.6,3.44,1.5978904761904762,mp-1470_Nb12O29.cif,-3.0489293418597563,0.0,153.76670956286097,56.76232224068374
mp-2533,NbO2,6,198,48,1.6,3.44,1.4126181216931217,mp-2533_NbO2.cif,-2.62116,0.0,235.0,96.0
mp-2692,NbO,6,198,48,1.6,3.44,2.721859126984127,mp-2692_NbO.cif,-1.37045,0.0,248.23000000000002,150.41
mp-1095187,Nb2O3,6,198,48,1.6,3.44,1.4475824074074077,mp-1095187_Nb2O3.cif,-2.36917,0.0,179.8047919858495,58.00467354459017
mp-821,NbO2,6,198,48,1.6,3.44,1.5901366402116404,mp-821_NbO2.cif,-2.907868634791668,0.42600000000000016,174.21,40.06
mp-755690,NbO2,6,198,48,1.6,3.44,1.4126181216931217,mp-755690_NbO2.cif,-2.59471,0.0,200.93,115.58
mp-25214,NbO2,6,198,48,1.6,3.44,1.4482878306878308,mp-25214_NbO2.cif,-2.31272,0.0,174.21,40.06
mp-680944,Nb2O5,6,198,48,1.6,3.44,1.6855408730158732,mp-680944_Nb2O5.cif,-3.053046921607141,1.6138,145.69,57.55
mp-556048,Nb2O5,6,198,48,1.6,3.44,1.6855408730158732,mp-556048_Nb2O5.cif,-3.0427980882142864,1.5321,145.69,57.55
mp-1179977,NbO3,6,198,48,1.6,3.44,3.7410414021164016,mp-1179977_NbO3.cif,-2.026085,0.0,130.63,67.8
mp-1595,Nb2O5,6,198,48,1.6,3.44,3.690300661375661,mp-1595_Nb2O5.cif,-2.68686,2.17,157.98,56.77
mp-557057,NbO2,6,198,48,1.6,3.44,1.5901366402116404,mp-557057_NbO2.cif,-2.64773,0.22,174.21,40.06
mp-604,Nb2O5,6,198,48,1.6,3.44,1.2704075396825398,mp-604_Nb2O5.cif,-2.71763,2.566,124.54,62.23
mp-1201852,Nb2O5,6,198,48,1.6,3.44,1.3286658730158731,mp-1201852_Nb2O5.cif,-2.68686,2.17,145.69,57.55
mp-2311,NbO,4,198,48,1.6,3.44,2.7993842592592593,mp-2311_NbO.cif,-2.12131,0.0,248.03,150.56
mp-1220361,NbO3,6,198,48,1.6,3.44,3.7410414021164016,mp-1220361_NbO3.cif,-2.0863,0.0,130.63,67.8
mp-766361,Nb2O5,6,198,48,1.6,3.44,1.4238742063492065,mp-766361_Nb2O5.cif,-3.038857163607144,2.1388000000000003,145.69,57.55
mp-754698,NbO2,6,198,48,1.6,3.44,1.433331216931217,mp-754698_NbO2.cif,-2.8136036508333335,0.0,166.4431696734675,51.13282982382625
mp-9339,NbP,6,198,98,1.6,2.19,2.6561242063492068,mp-9339_NbP.cif,-0.98159,0.0,185.84,111.01
mp-9830,NbP,4,198,98,1.6,2.19,2.6561242063492068,mp-9830_NbP.cif,-0.38102,0.0,163.46,82.29
mp-1209992,NbP2,4,198,98,1.6,2.19,1.0786404761904762,mp-1209992_NbP2.cif,-0.69788,0.0,151.8,104.94
mp-1220317,NbP,4,198,98,1.6,2.19,2.7446412698412694,mp-1220317_NbP.cif,-0.60746,0.0,174.65,96.65
mp-632475,NbS2,6,198,88,1.6,2.58,2.584480555555556,mp-632475_NbS2.cif,-0.8699,0.0,60.68,37.25
mp-1072712,NbS2,6,198,88,1.6,2.58,1.1598964285714286,mp-1072712_NbS2.cif,-1.09467,0.0,60.68,37.25
mp-554074,NbS2,6,198,88,1.6,2.58,1.1598964285714286,mp-554074_NbS2.cif,-1.452894622708334,0.0,60.68,37.25
mp-774873,NbS2,6,198,88,1.6,2.58,1.0235164021164023,mp-774873_NbS2.cif,-1.06555,0.0,60.68,37.25
mp-1874,NbS2,6,198,88,1.6,2.58,1.1678686507936507,mp-1874_NbS2.cif,-1.03087,0.0,60.68,37.25
mp-647,NbS,6,198,88,1.6,2.58,2.704605158730159,mp-647_NbS.cif,-0.98529,0.0,178.59,106.09
mp-555293,NbS2,6,198,88,1.6,2.58,1.1678686507936507,mp-555293_NbS2.cif,-1.4506494627083342,0.0,15.0,10.0
mp-1220631,Nb3S4,6,198,88,1.6,2.58,2.4332000000000003,mp-1220631_Nb3S4.cif,-1.13809,0.0,58.42740000000003,38.05799370246249
mp-1173504,NbS2,6,198,88,1.6,2.58,1.0859238095238097,mp-1173504_NbS2.cif,-1.08445,0.0,60.68,37.25
mp-2648,NbS2,6,198,88,1.6,2.58,1.217979761904762,mp-2648_NbS2.cif,-1.032,0.0,15.0,10.0
mp-1210578,NbS6,4,198,88,1.6,2.58,1.2259519841269844,mp-1210578_NbS6.cif,-1.0147505217738377,0.06726881578947369,84.03882227676364,34.833312385703394
mp-1220654,Nb5S8,6,198,88,1.6,2.58,1.1401685185185186,mp-1220654_Nb5S8.cif,-1.1570607373890285,0.0033157894736842147,52.88930000000002,37.80015000000005
mp-10033,NbS2,6,198,88,1.6,2.58,1.0448997354497356,mp-10033_NbS2.cif,-1.12283,0.0,61.71,37.25
mp-995122,NbS2,6,198,88,1.6,2.58,1.0528719576719576,mp-995122_NbS2.cif,-1.09427,0.0,52.16,38.09
mp-1220475,Nb7S8,6,198,88,1.6,2.58,2.526361111111111,mp-1220475_Nb7S8.cif,-1.1570607373890285,0.0033157894736842147,52.88930000000002,37.80015000000005
mp-966,NbS2,6,198,88,1.6,2.58,1.0448997354497356,mp-966_NbS2.cif,-1.118,0.0,60.68,37.25
mp-12627,Nb3S4,6,198,88,1.6,2.58,1.1044895502645504,mp-12627_Nb3S4.cif,-1.18194,0.0,46.37700000000002,34.28604528460604
mp-1802,NbS2,6,198,88,1.6,2.58,1.0428497354497355,mp-1802_NbS2.cif,-1.08445,0.0,22.81620087431553,13.84585634422668
mp-1220657,Nb3S5,6,198,88,1.6,2.58,2.5594789682539685,mp-1220657_Nb3S5.cif,-1.21223,0.063,40.98095313783837,29.999289397352896
mp-32983,Nb3S5,6,198,88,1.6,2.58,2.5594789682539685,mp-32983_Nb3S5.cif,-1.522683462851564,0.0,75.78690000000005,45.00636713147619
mp-684620,Nb25S48,6,198,88,1.6,2.58,1.1029830687830688,mp-684620_Nb25S48.cif,-1.4744564621232883,0.0,65.45060000000007,40.24710000000001
mp-2243,NbS,6,198,88,1.6,2.58,2.7446412698412694,mp-2243_NbS.cif,-0.96893,0.0,178.34,97.37
mp-571270,NbSe2,6,198,103,1.6,2.55,1.0355664021164022,mp-571270_NbSe2.cif,-0.85372,0.0,23.643016625879756,16.78539087501924
mp-1102559,NbSe2,6,198,103,1.6,2.55,1.0502568783068782,mp-1102559_NbSe2.cif,-0.86747,0.0,51.2,29.33
mp-2207,NbSe2,6,198,103,1.6,2.55,1.1653904761904763,mp-2207_NbSe2.cif,-0.86256,0.0,52.12,31.53
mp-571133,NbSe2,6,198,103,1.6,2.55,1.0979738095238096,mp-571133_NbSe2.cif,-0.86093,0.0,51.49,30.43
mp-7597,NbSe2,6,198,103,1.6,2.55,1.1653904761904763,mp-7597_NbSe2.cif,-0.85838,0.0,51.4,29.32
mp-7007,NbSe2,6,198,103,1.6,2.55,1.217979761904762,mp-7007_NbSe2.cif,-0.85284,0.0,49.92,27.69
mp-2330,Nb2Se3,6,198,103,1.6,2.55,1.0851339947089949,mp-2330_Nb2Se3.cif,-0.8704,0.0,69.0,42.0
mp-10228,NbSe2,6,198,103,1.6,2.55,1.076575529100529,mp-10228_NbSe2.cif,-0.83626,0.0,45.57,32.36
mp-1186234,NbSe2,6,198,103,1.6,2.55,1.0335164021164023,mp-1186234_NbSe2.cif,-0.84773,0.0,15.0,10.0
mp-1072113,NbSe2,6,198,103,1.6,2.55,1.1653904761904763,mp-1072113_NbSe2.cif,-0.8546,0.0,51.2,29.33
mp-568347,NbSe2,6,198,103,1.6,2.55,1.217979761904762,mp-568347_NbSe2.cif,-0.85767,0.0,51.2,25.54
mp-643063,NbSe2,6,198,103,1.6,2.55,1.0355664021164022,mp-643063_NbSe2.cif,-0.85107,0.0,23.0,15.0
mp-1186219,Nb3Se,4,198,103,1.6,2.55,2.695350396825397,mp-1186219_Nb3Se.cif,-0.687642730131953,0.0287108,52.63029445894274,29.529781924941044
mp-561,Nb3Se4,6,198,103,1.6,2.55,1.0918347883597885,mp-561_Nb3Se4.cif,-0.86804,0.0,79.11,45.99
mp-1220681,Nb2Se3,6,198,103,1.6,2.55,1.0937793650793652,mp-1220681_Nb2Se3.cif,-0.8704,0.0,69.0,42.0
mp-11675,NbTe2,6,198,123,1.6,2.1,2.4933111111111113,mp-11675_NbTe2.cif,-0.4525,0.0,43.2,27.72
mp-982779,NbTe,6,198,123,1.6,2.1,2.7446412698412694,mp-982779_NbTe.cif,-0.10663,0.0,120.01,66.43
mp-7564,Nb3Te4,6,198,123,1.6,2.1,2.476667857142857,mp-7564_Nb3Te4.cif,-0.43598,0.0,41.36919999999992,27.415326380109487
mp-570751,Nb3Te,4,198,123,1.6,2.1,2.6762726190476194,mp-570751_Nb3Te.cif,-0.10681,0.0,168.99109924635297,85.52027002934959
mp-1018150,NbTe2,6,198,123,1.6,2.1,2.5329472222222225,mp-1018150_NbTe2.cif,-0.41718,0.0,39.22,26.53
mp-2536,Ni2B,4,149,87,1.91,2.04,2.551350925925926,mp-2536_Ni2B.cif,-0.24512,0.0,247.63,94.16
mp-1009582,NiC,6,149,67,1.91,2.55,2.632884814814815,mp-1009582_NiC.cif,1.05131,0.0,151.74417008592124,42.496332750410836
mp-1210339,NiC4,4,149,67,1.91,2.55,4.754766666666666,mp-1210339_NiC4.cif,0.747996200000001,0.20401310000000003,154.09994541666157,50.757998469642814
mp-1009488,NiN,6,149,56,1.91,3.04,2.4649857407407407,mp-1009488_NiN.cif,0.50399,0.0,259.19805763927127,77.82671501478248
mp-20839,Ni4N,6,149,56,1.91,3.04,1.87470171957672,mp-20839_Ni4N.cif,1.97194,0.0,86.43,10.0
mp-13116,NiN,4,149,56,1.91,3.04,5.281516402116402,mp-13116_NiN.cif,0.32709,0.0,216.0,35.34
mp-973933,NiN,4,149,56,1.91,3.04,5.281516402116402,mp-973933_NiN.cif,0.34636,0.0,231.95,47.55
mp-766450,Ni6O7,6,149,48,1.91,3.44,2.0564896825396826,mp-766450_Ni6O7.cif,-0.82099,0.0,138.58254729258525,68.89941441153948
mp-1047762,NiO2,6,149,48,1.91,3.44,4.365059259259258,mp-1047762_NiO2.cif,-0.80985,0.7775000000000001,108.26,62.12
mp-510753,NiO2,6,149,48,1.91,3.44,4.384599999999999,mp-510753_NiO2.cif,-0.80985,0.7775000000000001,108.26,62.12
mp-1220143,Ni2O3,4,149,48,1.91,3.44,5.1049444444444445,mp-1220143_Ni2O3.cif,-0.73336,0.0,141.76710000000006,26.39582176914878
mp-1209929,NiO3,4,149,48,1.91,3.44,4.365059259259258,mp-1209929_NiO3.cif,-0.28327,0.0,130.56,49.65
mp-1046095,Ni5O7,6,149,48,1.91,3.44,1.806887830687831,mp-1046095_Ni5O7.cif,-0.5986970053124997,0.0,203.53825146491536,53.34426093975561
mp-1385278,NiO2,6,149,48,1.91,3.44,4.384599999999999,mp-1385278_NiO2.cif,-0.80985,0.7775000000000001,108.26,62.12
mp-656884,Ni9O10,6,149,48,1.91,3.44,2.0472230158730156,mp-656884_Ni9O10.cif,-0.8417322780263157,0.0,149.29666902495347,78.36137343873332
mp-1369444,NiO2,6,149,48,1.91,3.44,4.365059259259258,mp-1369444_NiO2.cif,-0.80985,0.7775000000000001,108.26,62.12
mp-754800,Ni3O4,6,149,48,1.91,3.44,1.994695238095238,mp-754800_Ni3O4.cif,-0.8365750000000001,0.0,144.42858972481386,78.27113997023703
mp-1041980,NiO2,6,149,48,1.91,3.44,4.365059259259258,mp-1041980_NiO2.cif,-0.80985,0.7775000000000001,108.26,62.12
mp-1045896,Ni9O13,6,149,48,1.91,3.44,1.7709628306878311,mp-1045896_Ni9O13.cif,-0.73736,0.0,164.3819880425496,69.38228891343881
mp-35925,NiO2,6,149,48,1.91,3.44,4.754766666666666,mp-35925_NiO2.cif,-0.80191,0.806,100.43,58.76
mp-19009,NiO,6,149,48,1.91,3.44,2.5807814454064455,mp-19009_NiO.cif,-0.63415,0.0,206.83,51.98
mp-25428,NiO2,6,149,48,1.91,3.44,4.384599999999999,mp-25428_NiO2.cif,-0.82166,1.105,108.26,62.12
mp-1043875,Ni2O3,6,149,48,1.91,3.44,5.1049444444444445,mp-1043875_Ni2O3.cif,-0.73336,0.0,164.3819880425496,69.38228891343881
mp-1100319,Ni15O16,6,149,48,1.91,3.44,2.0564896825396826,mp-1100319_Ni15O16.cif,-0.8346797877419356,0.01144999999999996,169.0,81.0
mp-1094139,Ni2O5,6,149,48,1.91,3.44,4.365059259259258,mp-1094139_Ni2O5.cif,-0.7918163658158719,0.3454710526315793,133.02005754297684,63.271431840397206
mp-705519,Ni15O16,6,149,48,1.91,3.44,2.0472230158730156,mp-705519_Ni15O16.cif,-0.8652919141935489,0.0,169.0,81.0
mp-1220184,Ni5O11,6,149,48,1.91,3.44,4.365059259259258,mp-1220184_Ni5O11.cif,-0.7918163658158719,0.3454710526315793,133.02005754297684,63.271431840397206
mp-25210,NiO2,6,149,48,1.91,3.44,4.754766666666666,mp-25210_NiO2.cif,-0.83274,0.754,108.26,62.12
mp-754806,Ni5O6,6,149,48,1.91,3.44,2.0472230158730156,mp-754806_Ni5O6.cif,-0.8108049652272716,0.0,124.78817608509884,63.28343317906948
mp-634706,NiO2,4,149,48,1.91,3.44,4.365059259259258,mp-634706_NiO2.cif,-0.43271,0.0,137.3,22.96
mp-25206,NiO2,4,149,48,1.91,3.44,4.365059259259258,mp-25206_NiO2.cif,-0.80985,0.7775000000000001,108.26,62.12
mp-656887,Ni3O4,6,149,48,1.91,3.44,5.362020105820107,mp-656887_Ni3O4.cif,-0.82531,0.0,145.68873852068404,78.29103694463919
mp-486,NiP2,4,149,98,1.91,2.19,2.195632878787879,mp-486_NiP2.cif,-0.37265,0.492,125.54,83.49
mp-770274,NiP4,6,149,98,1.91,2.19,2.1331940740740745,mp-770274_NiP4.cif,-0.16736661747619053,0.0,91.13212955761233,51.08304108998284
mp-2301,NiP3,6,149,98,1.91,2.19,2.1609829629629633,mp-2301_NiP3.cif,-0.29128,0.0,114.6560090478493,75.30257017315681
mp-769108,NiP4,6,149,98,1.91,2.19,2.1331940740740745,mp-769108_NiP4.cif,-0.17759,0.0,93.76939378104893,55.60206060834319
mp-22619,NiP2,6,149,98,1.91,2.19,2.179416296296296,mp-22619_NiP2.cif,-0.38436,0.0,144.56146298646377,97.86727050297131
mp-2282,NiS2,6,149,88,1.91,2.58,2.053376851851852,mp-2282_NiS2.cif,-0.33974,0.0,58.18,20.45
mp-976881,Ni3S,4,149,88,1.91,2.58,2.248701370851371,mp-976881_Ni3S.cif,-0.08288,0.0,164.57,45.3
mp-1411545,NiS2,6,149,88,1.91,2.58,1.4738867724867726,mp-1411545_NiS2.cif,-0.29781,0.0,58.18,20.45
mp-849079,NiS2,6,149,88,1.91,2.58,2.4017121693121695,mp-849079_NiS2.cif,-0.12356,0.0,32.47,14.8
mp-850068,NiS2,6,149,88,1.91,2.58,2.071276851851852,mp-850068_NiS2.cif,-0.2565,0.0,58.18,20.45
mp-849059,NiS2,6,149,88,1.91,2.58,2.071276851851852,mp-849059_NiS2.cif,-0.33433,0.0,58.18,20.45
mp-594,NiS,6,149,88,1.91,2.58,2.272576455026455,mp-594_NiS.cif,-0.34469,0.0,135.41,22.53
mp-849078,Ni2S,4,149,88,1.91,2.58,2.1941022486772486,mp-849078_Ni2S.cif,0.01514,0.0,162.6911999999998,45.57758659539233
mp-850131,NiS2,6,149,88,1.91,2.58,2.1966524074074076,mp-850131_NiS2.cif,-0.33313,0.0,26.766458585887214,23.44289276101423
mp-28105,Ni17S18,6,149,88,1.91,2.58,2.2149916666666667,mp-28105_Ni17S18.cif,-0.622847534660714,0.0,132.78549999999996,31.752486595392313
mp-1042115,NiS2,4,149,88,1.91,2.58,1.4738867724867726,mp-1042115_NiS2.cif,-0.29781,0.0,58.18,20.45
mp-362,Ni3S2,4,149,88,1.91,2.58,2.338050582010582,mp-362_Ni3S2.cif,-0.41194,0.0,127.93,54.38
mp-1444811,NiS2,6,149,88,1.91,2.58,1.498370105820106,mp-1444811_NiS2.cif,-0.29781,0.0,58.18,20.45
mp-976809,Ni3S,4,149,88,1.91,2.58,2.248701370851371,mp-976809_Ni3S.cif,0.12567,0.0,164.57,45.3
mp-1103643,NiS2,6,149,88,1.91,2.58,2.113640873015873,mp-1103643_NiS2.cif,-0.29781,0.0,58.18,20.45
mp-767469,Ni9S10,6,149,88,1.91,2.58,2.277146190476191,mp-767469_Ni9S10.cif,-0.6311685352960538,0.0,132.90799999999996,31.752486595392313
mp-1180046,NiS2,4,149,88,1.91,2.58,2.399055603655604,mp-1180046_NiS2.cif,-0.33409,0.0,77.83,48.42
mp-1186370,Ni3Se,4,149,103,1.91,2.55,2.267413492063492,mp-1186370_Ni3Se.cif,0.12405,0.0,149.32,10.0
mp-662,NiSe,6,149,103,1.91,2.55,2.352901455026455,mp-662_NiSe.cif,-0.24294,0.0,117.77,25.88
mp-2056,Ni3Se2,4,149,103,1.91,2.55,2.301362962962963,mp-2056_Ni3Se2.cif,-0.25658,0.0,105.49026959533522,46.581780063276156
mp-20901,NiSe2,6,149,103,1.91,2.55,2.1332097883597885,mp-20901_NiSe2.cif,-0.25314,0.0,77.15614822262387,38.12203715306946
mp-1071078,NiSe2,6,149,103,1.91,2.55,2.101932010582011,mp-1071078_NiSe2.cif,-0.25903,0.0,95.16,31.93
mp-571033,NiSe,4,149,103,1.91,2.55,1.5149082010582011,mp-571033_NiSe.cif,-0.21919,0.0,34.3,17.58
mp-573,Ni3Se4,6,149,103,1.91,2.55,2.2474137566137564,mp-573_Ni3Se4.cif,-0.28767,0.0,93.98,34.55
mp-685124,Ni19Se20,6,149,103,1.91,2.55,2.2095689153439153,mp-685124_Ni19Se20.cif,-0.24243421209935834,0.0,117.09430000000026,28.515802806926335
mp-1102324,NiTe2,6,149,123,1.91,2.1,2.2354026455026452,mp-1102324_NiTe2.cif,-0.17578,0.0,58.59,28.35
mp-976953,Ni3Te,4,149,123,1.91,2.1,2.129865185185185,mp-976953_Ni3Te.cif,0.08325,0.0,40.87179653631754,12.407256201118338
mp-203,NiTe,6,149,123,1.91,2.1,2.2026512962962967,mp-203_NiTe.cif,-0.16015,0.0,99.72,32.13
mp-1220085,Ni3Te4,6,149,123,1.91,2.1,2.2135965343915345,mp-1220085_Ni3Te4.cif,-0.1891,0.0,58.27040000000007,28.12999999999995
mp-2578,NiTe2,6,149,123,1.91,2.1,2.1714546296296295,mp-2578_NiTe2.cif,-0.21349,0.0,58.59,28.35
mp-10264,NiTe,4,149,123,1.91,2.1,2.1540891534391533,mp-10264_NiTe.cif,-0.17478,0.0,35.846278091362116,16.64386818695906
mp-684997,Ni23Te42,6,149,123,1.91,2.1,2.1367046296296297,mp-684997_Ni23Te42.cif,-0.21315189753846128,0.0,58.59000000000008,28.34999999999995
mp-1187032,Sn3B,6,145,87,1.96,2.04,2.269009523809524,mp-1187032_Sn3B.cif,0.91202,0.0,58.0,10.0
mp-978855,Sn3B,6,145,87,1.96,2.04,2.269009523809524,mp-978855_Sn3B.cif,0.91059,0.0,58.0,10.0
mp-1094049,SnB6,6,145,87,1.96,2.04,2.468737481962482,mp-1094049_SnB6.cif,0.15849,0.794,152.0,95.88
mp-978886,SnB,4,145,87,1.96,2.04,2.4349407936507936,mp-978886_SnB.cif,0.73973,0.0,85.97592287750702,10.0
mp-978917,Sn3B,6,145,87,1.96,2.04,2.365274074074074,mp-978917_Sn3B.cif,0.91345,0.0,58.0,10.0
mp-1009822,SnC,6,145,67,1.96,2.55,2.564093650793651,mp-1009822_SnC.cif,1.26929,0.0,101.94999999999999,65.92
mp-1009820,SnC,4,145,67,1.96,2.55,2.446431847041847,mp-1009820_SnC.cif,0.7856,0.748,123.83,89.54
mp-1187056,Sn3N,6,145,56,1.96,3.04,2.136342857142857,mp-1187056_Sn3N.cif,0.9223436152004205,0.367544625,197.07675919869519,78.33578734755275
mp-1421453,SnN,4,145,56,1.96,3.04,2.257321746031746,mp-1421453_SnN.cif,0.38816,0.0,156.75580555888058,42.1226445752076
mp-1041584,SnO2,6,145,48,1.96,3.44,1.535532142857143,mp-1041584_SnO2.cif,-1.60225,0.895,129.95,66.51
mp-12978,SnO2,6,145,48,1.96,3.44,1.540786111111111,mp-12978_SnO2.cif,-1.77306,1.214,176.3,83.7
mp-1401382,SnO2,6,145,48,1.96,3.44,1.1577150793650794,mp-1401382_SnO2.cif,-1.60225,0.895,129.95,66.51
mp-2097,SnO,4,145,48,1.96,3.44,2.4216620057720055,mp-2097_SnO.cif,-1.42895,0.505,48.66,32.25
mp-555487,SnO2,6,145,48,1.96,3.44,1.535532142857143,mp-555487_SnO2.cif,-1.78566,0.964,129.95,66.51
mp-856,SnO2,6,145,48,1.96,3.44,2.627173196248196,mp-856_SnO2.cif,-1.78587,0.895,186.19,99.31
mp-545820,SnO,4,145,48,1.96,3.44,2.3129884126984126,mp-545820_SnO.cif,-1.42902,0.507,47.82,32.25
mp-1104544,Sn3O4,4,145,48,1.96,3.44,1.4220980158730159,mp-1104544_Sn3O4.cif,-1.2258839999999973,0.5304000000000001,54.1345815199048,34.10102822152712
mp-1065811,SnO,4,145,48,1.96,3.44,2.2725850793650793,mp-1065811_SnO.cif,-0.97973,0.0,47.82,32.25
mp-1219002,Sn3O8,6,145,48,1.96,3.44,1.5033989417989417,mp-1219002_Sn3O8.cif,-1.6684135714285728,0.9435000000000001,149.88090000000028,63.9702388220897
mp-1390618,SnO2,6,145,48,1.96,3.44,1.3450484126984126,mp-1390618_SnO2.cif,-1.60225,0.895,129.95,66.51
mp-1374892,SnO2,6,145,48,1.96,3.44,1.4999174603174605,mp-1374892_SnO2.cif,-1.60225,0.895,129.95,66.51
mp-1384340,SnO2,6,145,48,1.96,3.44,1.1577150793650794,mp-1384340_SnO2.cif,-1.60225,0.895,129.95,66.51
mp-697,SnO2,6,145,48,1.96,3.44,2.486257481962482,mp-697_SnO2.cif,-1.70823,0.788,199.7,104.16
mp-1041984,SnO2,6,145,48,1.96,3.44,1.1577150793650794,mp-1041984_SnO2.cif,-1.60225,0.895,129.95,66.51
mp-755071,SnO2,6,145,48,1.96,3.44,1.5099396825396827,mp-755071_SnO2.cif,-1.69216,1.472,147.18,51.95
mp-1044721,SnO2,6,145,48,1.96,3.44,1.6679174603174605,mp-1044721_SnO2.cif,-1.60225,0.895,129.95,66.51
mp-999142,SnO,4,145,48,1.96,3.44,2.2725850793650793,mp-999142_SnO.cif,-0.97981,0.0,86.48611470671919,48.58107010193486
mp-1047381,SnO2,6,145,48,1.96,3.44,1.6501396825396826,mp-1047381_SnO2.cif,-1.60225,0.895,129.95,66.51
mp-1078644,SnO,4,145,48,1.96,3.44,1.463609126984127,mp-1078644_SnO.cif,-1.31191,1.64,32.18,11.13
mp-550172,SnO2,6,145,48,1.96,3.44,1.545554365079365,mp-550172_SnO2.cif,-1.79481,0.716,184.46,99.03
mp-1179450,Sn3O4,4,145,48,1.96,3.44,1.4333794973544975,mp-1179450_Sn3O4.cif,-1.2258839999999973,0.5304000000000001,54.1345815199048,34.10102822152712
mp-684588,Sn3P4,4,145,98,1.96,2.19,1.1525526455026454,mp-684588_Sn3P4.cif,0.1727824946598641,0.0,84.98303063747899,30.734319281826533
mp-1187034,Sn3P,4,145,98,1.96,2.19,1.9925474867724866,mp-1187034_Sn3P.cif,0.25209,0.0,85.06264595621842,31.382912472029915
mp-7541,SnP3,6,145,98,1.96,2.19,2.0170629629629633,mp-7541_SnP3.cif,-0.04903,0.0,42.626775847388245,25.322382436666192
mp-475,SnP,6,145,98,1.96,2.19,2.016547486772487,mp-475_SnP.cif,-0.0332,0.0,70.6,45.3
mp-1187035,Sn3P,4,145,98,1.96,2.19,1.9576462962962964,mp-1187035_Sn3P.cif,0.25209,0.0,85.06264595621842,31.382912472029915
mp-1379,SnS,4,145,88,1.96,2.58,1.182485978835979,mp-1379_SnS.cif,-0.44969,0.614,20.8,10.0
mp-1876,SnS,6,145,88,1.96,2.58,2.098380339105339,mp-1876_SnS.cif,-0.52092,0.443,55.93,35.54
mp-1002063,SnS2,4,145,88,1.96,2.58,0.8758669312169313,mp-1002063_SnS2.cif,-0.35518,1.534,22.42,13.43
mp-1187038,Sn3S,4,145,88,1.96,2.58,1.939968518518519,mp-1187038_Sn3S.cif,-0.3920199999999999,0.8160000000000014,22.222750000000016,12.135399999999999
mp-9984,SnS2,6,145,88,1.96,2.58,1.189269312169312,mp-9984_SnS2.cif,-0.43898,1.101,42.27,26.46
mp-1095397,SnS2,6,145,88,1.96,2.58,1.189269312169312,mp-1095397_SnS2.cif,-0.42385,1.014,32.345,19.865000000000002
mp-8781,SnS,4,145,88,1.96,2.58,1.2712141534391532,mp-8781_SnS.cif,-0.54261,0.745,17.64,15.59
mp-10013,SnS,4,145,88,1.96,2.58,1.1647082010582013,mp-10013_SnS.cif,-0.2206,0.371,36.17,10.0
mp-1170,SnS2,6,145,88,1.96,2.58,1.1992915343915342,mp-1170_SnS2.cif,-0.43988,1.224,42.97,26.3
mp-665,SnSe2,6,145,103,1.96,2.55,1.158684126984127,mp-665_SnSe2.cif,-0.33426,0.471,37.68,20.75
mp-628773,SnSe,4,145,103,1.96,2.55,1.1418785714285715,mp-628773_SnSe.cif,-0.36807,0.387,21.27,10.0
mp-1187055,Sn3Se,4,145,103,1.96,2.55,1.9576462962962964,mp-1187055_Sn3Se.cif,0.00445,0.0,56.32034776160855,21.796594396239627
mp-1187043,Sn3Se,4,145,103,1.96,2.55,2.010447486772487,mp-1187043_Sn3Se.cif,0.00445,0.0,56.32034776160855,21.796594396239627
mp-2693,SnSe,6,145,103,1.96,2.55,1.1795526455026455,mp-2693_SnSe.cif,-0.48064,0.199,50.5,34.08
mp-1187067,Sn3Te,4,145,123,1.96,2.1,1.961269708994709,mp-1187067_Sn3Te.cif,0.06571,0.0,43.23,10.0
mp-1883,SnTe,6,145,123,1.96,2.1,2.0553998677248675,mp-1883_SnTe.cif,-0.31501,0.185,42.1,32.94
mp-16364,SnTe,4,145,123,1.96,2.1,1.1418785714285715,mp-16364_SnTe.cif,0.0034,0.107,25.8,10.0
mp-10143,TiB,4,176,87,1.54,2.04,1.4527554232804232,mp-10143_TiB.cif,0.62688,0.0,101.97,10.0
mp-1025149,Ti2B,4,176,87,1.54,2.04,2.834615211640212,mp-1025149_Ti2B.cif,-0.39944,0.0,160.08,88.19
mp-1187454,Ti3C,4,176,67,1.54,2.55,2.731621164021164,mp-1187454_Ti3C.cif,-0.42968,0.0,139.08,69.13
mp-631,TiC,6,176,67,1.54,2.55,2.73214208994709,mp-631_TiC.cif,-0.91993,0.0,255.3,180.36
mp-1080190,Ti3N4,4,176,56,1.54,3.04,4.875675661375661,mp-1080190_Ti3N4.cif,-1.47388,0.0,201.83049999999974,81.4188233401282
mp-1187591,Ti3N2,4,176,56,1.54,3.04,2.750501349206349,mp-1187591_Ti3N2.cif,-1.5966,0.0,205.22999999999968,81.89660000000012
mp-998908,TiN,4,176,56,1.54,3.04,4.69991335978836,mp-998908_TiN.cif,-1.58151,0.0,205.23,81.8
mp-980941,Ti3N,4,176,56,1.54,3.04,2.630951851851852,mp-980941_Ti3N.cif,0.21528,0.0,133.77,10.0
mp-32584,Ti19N25,6,176,56,1.54,3.04,1.604525925925926,mp-32584_Ti19N25.cif,-1.2770314201401514,0.003199999999999648,285.8343000000002,185.43339999999986
mp-1217167,Ti3N4,6,176,56,1.54,3.04,2.7169890211640215,mp-1217167_Ti3N4.cif,-1.47388,0.0,285.0606000000002,185.74159999999986
mp-980940,Ti3N,4,176,56,1.54,3.04,2.5957194444444447,mp-980940_Ti3N.cif,0.21561,0.0,129.5,10.0
mp-492,TiN,6,176,56,1.54,3.04,2.637019867724868,mp-492_TiN.cif,-1.90529,0.0,285.93,192.92
mp-1102591,TiO2,6,176,48,1.54,3.44,4.001957804232805,mp-1102591_TiO2.cif,-3.05466,1.482,189.08,74.72
mp-756587,TiO2,6,176,48,1.54,3.44,3.6740339947089944,mp-756587_TiO2.cif,-3.13982,2.347,189.08,74.72
mp-1101295,Ti2O3,6,176,48,1.54,3.44,2.5153107888407886,mp-1101295_Ti2O3.cif,-3.01952,0.026,15.0,10.0
mp-760747,Ti11O18,6,176,48,1.54,3.44,2.4859303174603173,mp-760747_Ti11O18.cif,-3.3650333177873555,0.0,171.47175022177754,76.25977630602709
mp-458,Ti2O3,6,176,48,1.54,3.44,2.69129208994709,mp-458_Ti2O3.cif,-3.13181,0.0,15.0,10.0
mp-754769,TiO2,6,176,48,1.54,3.44,4.045908994708995,mp-754769_TiO2.cif,-3.21357,2.141,154.14,75.57
mp-565700,Ti8O15,6,176,48,1.54,3.44,4.373832804232804,mp-565700_Ti8O15.cif,-3.462382963134058,0.0,171.39219797337716,75.87453507114749
mp-25262,TiO2,6,176,48,1.54,3.44,3.7588488095238097,mp-25262_TiO2.cif,-3.05015,1.739,189.08,74.72
mp-656852,Ti13O22,6,176,48,1.54,3.44,3.9824170634920635,mp-656852_Ti13O22.cif,-3.396232417119049,0.0,171.365438373136,76.34679954543797
mp-1205462,Ti3O7,6,176,48,1.54,3.44,3.6740339947089944,mp-1205462_Ti3O7.cif,-3.176851214031426,0.9792923076923057,148.16179787608834,70.19764055682532
mp-978968,Ti3O2,4,176,48,1.54,3.44,2.750501349206349,mp-978968_Ti3O2.cif,-2.22077,0.0,199.8,91.46
mp-30524,Ti6O11,6,176,48,1.54,3.44,4.373832804232804,mp-30524_Ti6O11.cif,-3.4514625631617637,0.0,171.39219797337716,75.89194021492814
mp-755875,Ti3O4,6,176,48,1.54,3.44,2.6930931481481486,mp-755875_Ti3O4.cif,-3.149860906428572,0.0,178.42668402856506,88.99905525056667
mp-12205,Ti4O7,6,176,48,1.54,3.44,3.9824170634920635,mp-12205_Ti4O7.cif,-3.4252176527651517,0.0,171.5559637895252,76.24475528890807
mp-2664,TiO,6,176,48,1.54,3.44,2.604279126984127,mp-2664_TiO.cif,-2.53006,0.0,233.4,99.24
mp-2657,TiO2,6,176,48,1.54,3.44,3.7588488095238097,mp-2657_TiO2.cif,-3.24104,1.769,226.3,126.14
mp-1400963,TiO2,6,176,48,1.54,3.44,3.6740339947089944,mp-1400963_TiO2.cif,-3.12112,2.2435,189.08,74.72
mp-755300,TiO,4,176,48,1.54,3.44,2.7039127248677253,mp-755300_TiO.cif,-2.65326,0.0,34.18,41.06
mp-8057,Ti3O5,6,176,48,1.54,3.44,1.3887657407407408,mp-8057_Ti3O5.cif,-3.1539,0.0,171.3654383731363,76.46051437806534
mp-748,Ti5O9,6,176,48,1.54,3.44,3.9824170634920635,mp-748_Ti5O9.cif,-3.21317,0.0,171.39802083821053,76.25977630602709
mp-656850,Ti2O7,4,176,48,1.54,3.44,3.7733821428571424,mp-656850_Ti2O7.cif,-1.843799635231481,1.154,133.43370596235678,49.73768380840523
mp-559964,Ti6O11,6,176,48,1.54,3.44,3.9824170634920635,mp-559964_Ti6O11.cif,-3.455146079338236,0.0,171.39219797337716,75.89194021492814
mp-390,TiO2,6,176,48,1.54,3.44,3.6740339947089944,mp-390_TiO2.cif,-3.24411,2.023,196.6,60.5
mp-1439,TiO2,6,176,48,1.54,3.44,3.6740339947089944,mp-1439_TiO2.cif,-3.24965,2.567,216.11,90.25
mp-1101022,TiO2,6,176,48,1.54,3.44,4.1307238095238095,mp-1101022_TiO2.cif,-3.12112,2.2435,189.08,74.72
mp-1046793,Ti2O3,6,176,48,1.54,3.44,1.3301935185185185,mp-1046793_Ti2O3.cif,-3.08421,0.013,15.0,10.0
mp-1386640,TiO2,6,176,48,1.54,3.44,3.6740339947089944,mp-1386640_TiO2.cif,-3.12112,2.2435,189.08,74.72
mp-776655,Ti2O3,6,176,48,1.54,3.44,2.6986092676767672,mp-776655_Ti2O3.cif,-3.03661,0.0,15.0,10.0
mp-684733,Ti10O11,6,176,48,1.54,3.44,2.7406124603174598,mp-684733_Ti10O11.cif,-2.8752284278769844,0.0,233.81209999999993,122.00819999999983
mp-1426806,TiO2,6,176,48,1.54,3.44,4.045908994708995,mp-1426806_TiO2.cif,-3.12112,2.2435,189.08,74.72
mp-755264,TiO,6,176,48,1.54,3.44,2.6395115343915343,mp-755264_TiO.cif,-2.71166,0.0,245.18,176.73
mp-760075,Ti19O30,6,176,48,1.54,3.44,2.6033192063492065,mp-760075_Ti19O30.cif,-3.3459920486564614,0.0,171.57806207041912,76.38516171475212
mp-1217105,Ti3O8,6,176,48,1.54,3.44,3.739308068783069,mp-1217105_Ti3O8.cif,-3.176851214031426,0.9792923076923057,148.16179787608834,70.19764055682532
mp-1105338,Ti3O7,6,176,48,1.54,3.44,3.739308068783069,mp-1105338_Ti3O7.cif,-3.176851214031426,0.9792923076923057,148.16179787608834,70.19764055682532
mp-775938,TiO2,6,176,48,1.54,3.44,3.6740339947089944,mp-775938_TiO2.cif,-3.4798401175000007,2.0838999999999994,189.08,74.72
mp-1101463,Ti11O14,6,176,48,1.54,3.44,2.765068809523809,mp-1101463_Ti11O14.cif,-3.113637004833333,0.0,120.0718449258082,68.99152579757326
mp-756655,TiO2,6,176,48,1.54,3.44,3.6740339947089944,mp-756655_TiO2.cif,-3.17003,2.396,189.08,74.72
mp-553432,TiO2,4,176,48,1.54,3.44,3.6740339947089944,mp-553432_TiO2.cif,-3.10242,3.483,15.0,11.37
mp-777129,TiO2,4,176,48,1.54,3.44,3.6740339947089944,mp-777129_TiO2.cif,-3.4707420532407416,3.3083,189.08,74.72
mp-556724,Ti7O13,6,176,48,1.54,3.44,4.373832804232804,mp-556724_Ti7O13.cif,-3.458156484895833,0.0,171.39219797337716,75.89194021492814
mp-1341203,TiO2,6,176,48,1.54,3.44,3.6740339947089944,mp-1341203_TiO2.cif,-3.12112,2.2435,189.08,74.72
mp-1840,TiO2,6,176,48,1.54,3.44,3.6740339947089944,mp-1840_TiO2.cif,-3.24726,2.254,205.08,84.83
mp-1147,Ti3O5,6,176,48,1.54,3.44,2.4658261904761907,mp-1147_Ti3O5.cif,-3.17701,0.0,171.3654383731363,76.46051437806534
mp-849533,TiO2,6,176,48,1.54,3.44,3.6740339947089944,mp-849533_TiO2.cif,-3.16279,2.665,189.08,74.72
mp-9173,TiO2,6,176,48,1.54,3.44,3.6740339947089944,mp-9173_TiO2.cif,-3.19167,2.524,93.67,65.42
mp-556754,Ti3O5,6,176,48,1.54,3.44,2.5821948677248674,mp-556754_Ti3O5.cif,-3.17828,0.0,171.3654383731363,76.46051437806534
mp-752989,Ti8O13,6,176,48,1.54,3.44,1.3451145502645503,mp-752989_Ti8O13.cif,-3.13472,0.053,20.0,19.372217366228796
mp-754333,TiO,6,176,48,1.54,3.44,2.6395115343915343,mp-754333_TiO.cif,-2.6779,0.0,239.62,159.39
mp-766454,TiO2,6,176,48,1.54,3.44,3.7588488095238097,mp-766454_TiO2.cif,-3.4600781230555544,2.0938,154.98885675832997,65.0890311153194
mp-25433,TiO2,6,176,48,1.54,3.44,4.045908994708995,mp-25433_TiO2.cif,-3.08044,2.354,115.63,75.16
mp-556480,Ti3O5,6,176,48,1.54,3.44,2.5524963443963444,mp-556480_Ti3O5.cif,-3.3882285339062506,0.0,171.3654383731363,76.46051437806534
mp-1041565,TiO2,6,176,48,1.54,3.44,3.7588488095238097,mp-1041565_TiO2.cif,-3.12112,2.2435,189.08,74.72
mp-753593,Ti10O13,6,176,48,1.54,3.44,2.6930931481481486,mp-753593_Ti10O13.cif,-2.99257,0.0,224.22739999999973,131.88650320504013
mp-10734,Ti4O5,6,176,48,1.54,3.44,2.765068809523809,mp-10734_Ti4O5.cif,-3.103085741435185,0.0,207.02042228587632,92.2500912535663
mp-759920,Ti5O8,6,176,48,1.54,3.44,2.579938650793651,mp-759920_Ti5O8.cif,-3.3553311400000005,0.0,171.57806207041912,76.38516171475212
mp-1179268,Ti2O3,4,176,48,1.54,3.44,4.741842989417989,mp-1179268_Ti2O3.cif,-3.08421,0.013,15.0,10.0
mp-1217157,Ti3O4,6,176,48,1.54,3.44,2.6930931481481486,mp-1217157_Ti3O4.cif,-3.01732,0.0,222.89,134.49
mp-1201727,TiO2,6,176,48,1.54,3.44,4.373832804232804,mp-1201727_TiO2.cif,-3.12112,2.2435,189.08,74.72
mp-1179358,Ti3O7,6,176,48,1.54,3.44,3.739308068783069,mp-1179358_Ti3O7.cif,-3.176851214031426,0.9792923076923057,148.16179787608834,70.19764055682532
mp-34688,TiO2,6,176,48,1.54,3.44,3.6740339947089944,mp-34688_TiO2.cif,-3.25156,2.006,181.9966232372929,56.38670717423109
mp-27273,Ti9O17,6,176,48,1.54,3.44,4.373832804232804,mp-27273_Ti9O17.cif,-3.4654096077403844,0.0,171.39219797337716,75.87453507114749
mp-554278,TiO2,6,176,48,1.54,3.44,3.6740339947089944,mp-554278_TiO2.cif,-3.24261,2.682,189.08,65.11
mp-739,TiP,6,176,98,1.54,2.19,2.39650462962963,mp-739_TiP.cif,-1.22746,0.0,137.79,95.45
mp-567920,Ti4P3,6,176,98,1.54,2.19,2.509791137566138,mp-567920_Ti4P3.cif,-1.16495,0.0,139.25640000000033,94.21967721966655
mp-1217163,Ti5S8,6,176,88,1.54,2.58,2.596252958152958,mp-1217163_Ti5S8.cif,-1.49354,0.0,133.64096847925413,88.02808522363438
mp-1217166,Ti5S8,6,176,88,1.54,2.58,2.520056746031746,mp-1217166_Ti5S8.cif,-1.49297,0.0,133.64096847925413,88.02808522363438
mp-673657,Ti7S12,6,176,88,1.54,2.58,1.0800191798941798,mp-673657_Ti7S12.cif,-1.7743578821271941,0.0,143.20999999999964,105.05093707270767
mp-1217172,Ti5S8,6,176,88,1.54,2.58,1.0907080687830688,mp-1217172_Ti5S8.cif,-1.49354,0.0,133.64096847925413,88.02808522363438
mp-1102845,TiS2,6,176,88,1.54,2.58,2.5158593915343914,mp-1102845_TiS2.cif,-1.39503,0.0,47.834999999999994,33.585
mp-557762,TiS,6,176,88,1.54,2.58,2.4838332010582014,mp-557762_TiS.cif,-1.4552,0.0,128.2826699622801,76.69883416160904
mp-1077263,TiS2,6,176,88,1.54,2.58,1.1615130952380952,mp-1077263_TiS2.cif,-1.41431,0.0,46.88,29.95
mp-559374,TiS3,6,176,88,1.54,2.58,1.151490873015873,mp-559374_TiS3.cif,-0.9072219222135428,0.0,46.66,29.97
mp-1062030,TiS2,6,176,88,1.54,2.58,1.1615130952380952,mp-1062030_TiS2.cif,-1.42039,0.0,47.834999999999994,33.585
mp-1101258,TiS2,6,176,88,1.54,2.58,1.0795682539682543,mp-1101258_TiS2.cif,-1.42742,0.0,47.834999999999994,33.585
mp-1217192,Ti2S3,6,176,88,1.54,2.58,2.472018650793651,mp-1217192_Ti2S3.cif,-1.51485,0.0,137.21316749057013,93.76239507454474
mp-1101099,Ti2S3,6,176,88,1.54,2.58,2.362462962962963,mp-1101099_Ti2S3.cif,-1.53829,0.0,140.46180000000007,102.43599999999991
mp-1217121,Ti3S4,6,176,88,1.54,2.58,2.320262962962963,mp-1217121_Ti3S4.cif,-1.44817,0.0,105.75732237284163,67.62852721099485
mp-2156,TiS2,6,176,88,1.54,2.58,1.0204275132275133,mp-2156_TiS2.cif,-1.42046,0.0,47.8,34.6
mp-9027,TiS2,6,176,88,1.54,2.58,1.03649417989418,mp-9027_TiS2.cif,-1.4052,0.0,47.05880238943099,31.03214662989561
mp-673637,Ti9S10,6,176,88,1.54,2.58,2.4281712962962962,mp-673637_Ti9S10.cif,-1.7635576868750007,0.0,143.20999999999964,105.05093707270767
mp-1042098,TiS2,4,176,88,1.54,2.58,1.169268650793651,mp-1042098_TiS2.cif,-1.39503,0.0,47.834999999999994,33.585
mp-1072088,TiS2,6,176,88,1.54,2.58,1.0498378306878309,mp-1072088_TiS2.cif,-1.39503,0.0,47.834999999999994,33.585
mp-545,TiS,6,176,88,1.54,2.58,2.558770502645503,mp-545_TiS.cif,-1.31839,0.0,129.17,66.74
mp-684731,Ti13S24,6,176,88,1.54,2.58,1.0570044973544974,mp-684731_Ti13S24.cif,-1.7475684593018026,0.0,143.20999999999964,105.05093707270767
mp-1077021,TiS2,6,176,88,1.54,2.58,1.0171608465608466,mp-1077021_TiS2.cif,-1.26554,0.0,55.0,28.3
mp-558110,TiS2,6,176,88,1.54,2.58,1.1615130952380952,mp-558110_TiS2.cif,-1.42034,0.0,47.87,34.62
mp-1208223,Ti5S8,6,176,88,1.54,2.58,2.4776927248677247,mp-1208223_Ti5S8.cif,-1.52857,0.0,139.71370679849133,100.87428834161601
mp-1217101,Ti3S4,6,176,88,1.54,2.58,2.320262962962963,mp-1217101_Ti3S4.cif,-1.44817,0.0,105.75732237284163,67.62852721099485
mp-1217073,Ti3S2,4,176,88,1.54,2.58,2.4614443121693124,mp-1217073_Ti3S2.cif,-1.01075,0.0,121.37,46.38
mp-1217445,Ti5S8,6,176,88,1.54,2.58,2.4445260582010584,mp-1217445_Ti5S8.cif,-1.49354,0.0,133.64096847925413,88.02808522363438
mp-1018028,TiS,6,176,88,1.54,2.58,2.558770502645503,mp-1018028_TiS.cif,-1.57736,0.0,143.21,105.53
mp-554462,TiS,6,176,88,1.54,2.58,2.5187343915343914,mp-554462_TiS.cif,-1.53483,0.0,140.19,102.13
mp-1077978,Ti3Se4,6,176,103,1.54,2.55,2.5213246031746035,mp-1077978_Ti3Se4.cif,-1.2155,0.0,75.08,46.91
mp-10027,TiSe,6,176,103,1.54,2.55,2.480972486772487,mp-10027_TiSe.cif,-0.90795,0.0,107.17,57.66
mp-571651,TiSe,6,176,103,1.54,2.55,2.5467170634920637,mp-571651_TiSe.cif,-1.15579,0.0,107.52,65.95
mp-1208273,Ti2Se3,6,176,103,1.54,2.55,1.0727518518518517,mp-1208273_Ti2Se3.cif,-1.22597,0.0,73.47,23.06
mp-2194,TiSe2,6,176,103,1.54,2.55,1.037183068783069,mp-2194_TiSe2.cif,-1.16276,0.0,41.4,27.56
mp-568789,TiSe,6,176,103,1.54,2.55,2.5766705026455026,mp-568789_TiSe.cif,-1.1241,0.0,111.73520067857164,70.88984251161277
mp-13152,TiSe,4,176,103,1.54,2.55,1.0443497354497355,mp-13152_TiSe.cif,-0.84038,0.0,34.22,10.0
mp-32630,Ti19Se20,6,176,103,1.54,2.55,2.4705353174603175,mp-32630_Ti19Se20.cif,-1.0996803515010685,0.007700000000000706,110.73085652928577,70.15997085952253
mp-1079888,TiSe,6,176,103,1.54,2.55,2.4281712962962962,mp-1079888_TiSe.cif,-0.98936,0.0,107.17,57.66
mp-9227,Ti3Se4,6,176,103,1.54,2.55,1.095156216931217,mp-9227_Ti3Se4.cif,-1.22961,0.0,75.08,46.91
mp-1187477,Ti3Te,4,176,123,1.54,2.1,2.5388828042328044,mp-1187477_Ti3Te.cif,-0.24795,0.0,112.22,30.97
mp-15669,Ti3Te4,6,176,123,1.54,2.1,2.4557448412698415,mp-15669_Ti3Te4.cif,-0.73441,0.0,59.54604186896993,37.66937024624896
mp-599,TiTe,6,176,123,1.54,2.1,2.5187343915343914,mp-599_TiTe.cif,-0.36794,0.0,82.41,45.51
mp-1217210,Ti2Te3,6,176,123,1.54,2.1,2.365165873015873,mp-1217210_Ti2Te3.cif,-0.75324,0.0,60.022281450280246,37.69118913886148
mp-1217180,Ti2Te3,6,176,123,1.54,2.1,2.365165873015873,mp-1217180_Ti2Te3.cif,-0.75324,0.0,60.022281450280246,37.69118913886148
mp-1208221,Ti5Te8,6,176,123,1.54,2.1,2.3373745851370855,mp-1208221_Ti5Te8.cif,-0.74211,0.0,59.546041868969944,37.66937024624895
mp-567832,TiTe,6,176,123,1.54,2.1,2.625151455026455,mp-567832_TiTe.cif,-0.60646,0.0,88.16,61.35
mp-1907,TiTe2,6,176,123,1.54,2.1,2.4933288359788364,mp-1907_TiTe2.cif,-0.71943,0.0,34.34,21.71
mp-1238834,VC,6,171,67,1.63,2.55,2.7786282010582006,mp-1238834_VC.cif,-0.06418499999999999,0.0,295.515,98.44
mp-1282,VC,6,171,67,1.63,2.55,2.7713328306878307,mp-1282_VC.cif,-0.48335,0.0,305.03,209.18
mp-1069841,V2N3,6,171,56,1.63,3.04,2.764258888888889,mp-1069841_V2N3.cif,-0.90618,0.0,311.96,180.47
mp-2394167,VN,6,171,56,1.63,3.04,2.678702275132275,mp-2394167_VN.cif,-0.97894,0.0,330.0,228.64
mp-925,VN,6,171,56,1.63,3.04,2.6434698677248676,mp-925_VN.cif,-1.13291,0.0,319.13,166.1
mp-1017532,VN,6,171,56,1.63,3.04,2.6434698677248676,mp-1017532_VN.cif,-1.21076,0.0,330.0,228.64
mp-1001826,VN,4,171,56,1.63,3.04,4.69991335978836,mp-1001826_VN.cif,-0.97894,0.0,330.0,228.64
mp-1018027,VN,6,171,56,1.63,3.04,2.678702275132275,mp-1018027_VN.cif,-1.31677,0.0,337.97,258.5
mp-1080199,V3N4,6,171,56,1.63,3.04,1.3309490740740741,mp-1080199_V3N4.cif,-1.0874166666666687,0.0,321.73880000000025,180.43360000000004
mp-1048410,VN,6,171,56,1.63,3.04,2.678702275132275,mp-1048410_VN.cif,-0.97894,0.0,330.0,228.64
mp-715035,VO2,6,171,48,1.63,3.44,3.7588488095238097,mp-715035_VO2.cif,-2.42900928875,0.7988,106.73,63.06
mp-1277117,VO2,6,171,48,1.63,3.44,3.7588488095238097,mp-1277117_VO2.cif,-2.4735,0.0,106.73,63.06
mp-796240,V3O8,6,171,48,1.63,3.44,3.739308068783069,mp-796240_V3O8.cif,-2.427290105665213,0.22964634146341464,101.77681284626844,51.172196504886806
mp-554064,V6O13,6,171,48,1.63,3.44,3.739308068783069,mp-554064_V6O13.cif,-2.51625,0.0,172.87065401746474,81.6814614906025
mp-870306,V6O13,6,171,48,1.63,3.44,3.739308068783069,mp-870306_V6O13.cif,-2.51625,0.0,172.87065401746474,81.6814614906025
mp-2214803,VO2,6,171,48,1.63,3.44,3.7588488095238097,mp-2214803_VO2.cif,-2.4735,0.0,106.73,63.06
mp-555597,V4O7,6,171,48,1.63,3.44,4.001957804232805,mp-555597_V4O7.cif,-2.55203,0.0,74.0,34.0
mp-1102963,VO2,6,171,48,1.63,3.44,3.9824170634920635,mp-1102963_VO2.cif,-2.55959,0.0,237.98,132.97
mp-1274098,V3O5,6,171,48,1.63,3.44,1.5650128306878308,mp-1274098_V3O5.cif,-2.52096,0.0,184.85402103012748,84.55556493711946
mp-542334,V5O9,6,171,48,1.63,3.44,4.001957804232805,mp-542334_V5O9.cif,-2.4925357452678574,0.7569999999999997,183.346450146877,84.722744502665
mp-2214678,VO2,6,171,48,1.63,3.44,3.739308068783069,mp-2214678_VO2.cif,-2.4735,0.0,106.73,63.06
mp-720166,V2O5,6,171,48,1.63,3.44,3.7733821428571424,mp-720166_V2O5.cif,-2.39171,1.642,101.725,40.3
mp-2506972,VO2,6,171,48,1.63,3.44,3.7588488095238097,mp-2506972_VO2.cif,-2.4735,0.0,106.73,63.06
mp-622497,V3O5,6,171,48,1.63,3.44,1.522633068783069,mp-622497_V3O5.cif,-2.52091804046875,0.9892999999999996,184.85402103012748,84.55556493711946
mp-19094,VO2,6,171,48,1.63,3.44,3.9824170634920635,mp-19094_VO2.cif,-2.484274234166667,0.9837000000000002,233.0574742138792,118.7103029314201
mp-714931,VO2,4,171,48,1.63,3.44,3.7588488095238097,mp-714931_VO2.cif,-2.0026199108333342,1.2524000000000002,106.73,63.06
mp-1178873,V2O3,6,171,48,1.63,3.44,1.4003342592592594,mp-1178873_V2O3.cif,-2.4512150000000004,0.0,233.16,111.53
mp-25283,VO2,6,171,48,1.63,3.44,3.739308068783069,mp-25283_VO2.cif,-2.4735,0.0,106.73,63.06
mp-21579,V2O3,6,171,48,1.63,3.44,1.5683342592592593,mp-21579_V2O3.cif,-2.4512150000000004,0.0,233.16,111.53
mp-715514,V2O3,6,171,48,1.63,3.44,1.3546330687830688,mp-715514_V2O3.cif,-2.4845,0.0,233.16,111.53
mp-20974,VO2,6,171,48,1.63,3.44,3.7588488095238097,mp-20974_VO2.cif,-2.49439,0.0,106.73,63.06
mp-755235,V2O5,4,171,48,1.63,3.44,3.688567328042328,mp-755235_V2O5.cif,-2.39171,1.642,101.725,40.3
mp-1287184,VO,6,171,48,1.63,3.44,2.8426664502164503,mp-1287184_VO.cif,-1.83762,0.0,236.535,41.06
mp-2214725,V5O12,6,171,48,1.63,3.44,3.7588488095238097,mp-2214725_V5O12.cif,-2.3486,0.052,86.83,50.54
mp-1190609,VO2,6,171,48,1.63,3.44,3.739308068783069,mp-1190609_VO2.cif,-2.4735,0.0,106.73,63.06
mp-849511,VO2,6,171,48,1.63,3.44,3.739308068783069,mp-849511_VO2.cif,-2.4688,0.0,106.73,63.06
mp-1047618,VO2,6,171,48,1.63,3.44,3.739308068783069,mp-1047618_VO2.cif,-2.4735,0.0,106.73,63.06
mp-777580,V5O12,6,171,48,1.63,3.44,3.7588488095238097,mp-777580_V5O12.cif,-2.38143,0.119,86.83,50.54
mp-1178828,V3O8,6,171,48,1.63,3.44,3.739308068783069,mp-1178828_V3O8.cif,-2.427290105665213,0.22964634146341464,101.77681284626844,51.172196504886806
mp-1178827,V3O8,6,171,48,1.63,3.44,3.739308068783069,mp-1178827_V3O8.cif,-2.427290105665213,0.22964634146341464,101.77681284626844,51.172196504886806
mp-756395,V3O7,6,171,48,1.63,3.44,4.1307238095238095,mp-756395_V3O7.cif,-2.3189764974583325,1.0784,120.61870826259283,63.28782381071477
mp-780654,V2O3,6,171,48,1.63,3.44,1.5683342592592593,mp-780654_V2O3.cif,-2.4512150000000004,0.0,233.16,111.53
mp-1094031,VO2,6,171,48,1.63,3.44,3.7588488095238097,mp-1094031_VO2.cif,-2.4735,0.0,106.73,63.06
mp-772530,V5O12,6,171,48,1.63,3.44,3.7588488095238097,mp-772530_V5O12.cif,-2.3486,0.052,86.83,50.54
mp-1342978,VO2,6,171,48,1.63,3.44,3.7588488095238097,mp-1342978_VO2.cif,-2.4735,0.0,106.73,63.06
mp-714911,V3O5,6,171,48,1.63,3.44,1.5245656084656085,mp-714911_V3O5.cif,-2.52888,0.0,184.85402103012748,84.55556493711946
mp-1196958,V6O13,6,171,48,1.63,3.44,3.739308068783069,mp-1196958_V6O13.cif,-2.51625,0.0,172.87065401746474,81.6814614906025
mp-1043388,V2O3,6,171,48,1.63,3.44,1.3970128306878307,mp-1043388_V2O3.cif,-2.4512150000000004,0.0,233.16,111.53
mp-19457,V6O13,6,171,48,1.63,3.44,3.739308068783069,mp-19457_V6O13.cif,-2.402044129539473,0.17859999999999987,92.62592321606253,50.1747610641049
mp-715553,VO2,6,171,48,1.63,3.44,3.7588488095238097,mp-715553_VO2.cif,-2.48592,0.0,97.49968353478948,54.03838601954718
mp-715598,V7O13,6,171,48,1.63,3.44,4.373832804232804,mp-715598_V7O13.cif,-2.4746886613125,0.5419000000000005,178.3584733422762,81.82781128341443
mp-1201338,V6O13,6,171,48,1.63,3.44,3.739308068783069,mp-1201338_V6O13.cif,-2.51625,0.0,172.87065401746474,81.6814614906025
mp-1273331,VO,6,171,48,1.63,3.44,2.779291212121212,mp-1273331_VO.cif,-1.91684,0.0,236.535,41.06
mp-1207792,VO3,6,171,48,1.63,3.44,3.739308068783069,mp-1207792_VO3.cif,-2.427290105665213,0.22964634146341464,101.77681284626844,51.172196504886806
mp-1277428,VO2,6,171,48,1.63,3.44,3.7588488095238097,mp-1277428_VO2.cif,-2.45029,0.0,106.73,63.06
mp-547074,VO2,6,171,48,1.63,3.44,3.9824170634920635,mp-547074_VO2.cif,-2.54915,0.0,106.73,63.06
mp-30987,V3O5,6,171,48,1.63,3.44,4.373832804232804,mp-30987_V3O5.cif,-2.52881,0.0,184.85402103012748,84.55556493711946
mp-714960,VO2,6,171,48,1.63,3.44,3.739308068783069,mp-714960_VO2.cif,-2.3253234108333323,0.9166,106.73,63.06
mp-714885,VO,6,171,48,1.63,3.44,2.7440588047138044,mp-714885_VO.cif,-1.70742,0.0,236.535,41.06
mp-1314858,VO2,6,171,48,1.63,3.44,3.7588488095238097,mp-1314858_VO2.cif,-2.47013,0.0,106.73,63.06
mp-1273390,VO2,6,171,48,1.63,3.44,3.7588488095238097,mp-1273390_VO2.cif,-2.4735,0.0,106.73,63.06
mp-27151,V7O13,6,171,48,1.63,3.44,4.373832804232804,mp-27151_V7O13.cif,-2.4784185180625,0.5861500000000004,185.91717639442854,83.85509413877215
mp-1285335,VO2,6,171,48,1.63,3.44,3.7588488095238097,mp-1285335_VO2.cif,-2.4735,0.0,106.73,63.06
mp-714921,V6O13,6,171,48,1.63,3.44,3.739308068783069,mp-714921_V6O13.cif,-2.3982744898026307,0.0,101.33189999999982,51.32195124664604
mp-1289705,VO2,6,171,48,1.63,3.44,3.7588488095238097,mp-1289705_VO2.cif,-2.4735,0.0,106.73,63.06
mp-1271755,VO2,6,171,48,1.63,3.44,3.7588488095238097,mp-1271755_VO2.cif,-2.4735,0.0,106.73,63.06
mp-542844,V2O5,6,171,48,1.63,3.44,3.7733821428571424,mp-542844_V2O5.cif,-2.2422154351785717,1.396,101.725,40.3
mp-556566,V8O15,6,171,48,1.63,3.44,4.373832804232804,mp-556566_V8O15.cif,-2.4857219612499994,0.5345,185.1017642636547,83.85509413877215
mp-1393040,VO2,6,171,48,1.63,3.44,3.739308068783069,mp-1393040_VO2.cif,-2.4735,0.0,106.73,63.06
mp-25199,VO2,6,171,48,1.63,3.44,4.1307238095238095,mp-25199_VO2.cif,-2.35743,0.0,106.73,63.06
mp-30518,V6O11,6,171,48,1.63,3.44,4.373832804232804,mp-30518_V6O11.cif,-2.469227943455883,0.3956500000000003,150.62762472864242,66.5551362996023
mp-18937,V2O3,6,171,48,1.63,3.44,2.5949296777296778,mp-18937_V2O3.cif,-2.518960015749998,0.5414000000000003,202.17866080313053,80.23707934011266
mp-1272932,VO2,6,171,48,1.63,3.44,3.7588488095238097,mp-1272932_VO2.cif,-2.4735,0.0,106.73,63.06
mp-636746,VO2,4,171,48,1.63,3.44,3.7588488095238097,mp-636746_VO2.cif,-2.4735,0.0,106.73,63.06
mp-1271757,VO2,6,171,48,1.63,3.44,3.7588488095238097,mp-1271757_VO2.cif,-2.4735,0.0,106.73,63.06
mp-716723,V9O17,6,171,48,1.63,3.44,4.373832804232804,mp-716723_V9O17.cif,-2.469969269278846,0.5599999999999996,170.4408892917659,79.15488544137246
mp-541404,VO2,6,171,48,1.63,3.44,3.739308068783069,mp-541404_VO2.cif,-2.54692,0.0,106.73,63.06
mp-1284510,VO2,6,171,48,1.63,3.44,3.7588488095238097,mp-1284510_VO2.cif,-2.4735,0.0,106.73,63.06
mp-1178787,VO2,6,171,48,1.63,3.44,3.7588488095238097,mp-1178787_VO2.cif,-2.4735,0.0,106.73,63.06
mp-559445,VO2,4,171,48,1.63,3.44,3.7588488095238097,mp-559445_VO2.cif,-2.4735,0.0,106.73,63.06
mp-19184,VO,6,171,48,1.63,3.44,2.757770493025493,mp-19184_VO.cif,-1.66796,0.0,220.37,12.7
mp-30065,V13O16,4,171,48,1.63,3.44,1.5820599206349206,mp-30065_V13O16.cif,-1.6483987299999996,0.011299999999999866,142.74374999999986,55.03269822270399
mp-624689,V2O5,6,171,48,1.63,3.44,3.7733821428571424,mp-624689_V2O5.cif,-2.32789,1.843,101.725,40.3
mp-1780502,VO2,6,171,48,1.63,3.44,3.7588488095238097,mp-1780502_VO2.cif,-2.4735,0.0,106.73,63.06
mp-634430,VO2,6,171,48,1.63,3.44,3.739308068783069,mp-634430_VO2.cif,-2.3268318375,1.4852,106.73,63.06
mp-1100908,VO2,6,171,48,1.63,3.44,3.7588488095238097,mp-1100908_VO2.cif,-2.55977,0.0,106.73,63.06
mp-559485,V9O17,6,171,48,1.63,3.44,4.373832804232804,mp-559485_V9O17.cif,-2.4754508656249996,0.2799999999999998,145.46255308972465,64.89624951096336
mp-754585,V2O5,4,171,48,1.63,3.44,3.688567328042328,mp-754585_V2O5.cif,-2.39171,1.642,101.725,40.3
mp-566801,VO2,4,171,48,1.63,3.44,3.739308068783069,mp-566801_VO2.cif,-2.12361,0.79,106.73,63.06
mp-1272338,V3O5,6,171,48,1.63,3.44,1.4180294973544971,mp-1272338_V3O5.cif,-2.5288399999999998,0.0,184.85402103012748,84.55556493711946
mp-1021522,VO2,6,171,48,1.63,3.44,3.7588488095238097,mp-1021522_VO2.cif,-2.53782,0.0,209.74,88.25
mp-755411,VO2,6,171,48,1.63,3.44,3.739308068783069,mp-755411_VO2.cif,-2.4735,0.0,106.73,63.06
mp-20593,VO2,6,171,48,1.63,3.44,3.739308068783069,mp-20593_VO2.cif,-2.53689,0.0,106.73,63.06
mp-1273559,VO2,6,171,48,1.63,3.44,3.7588488095238097,mp-1273559_VO2.cif,-2.4735,0.0,106.73,63.06
mp-18896,V6O13,6,171,48,1.63,3.44,3.7588488095238097,mp-18896_V6O13.cif,-2.3993007711184213,0.0,101.33189999999982,51.32195124664604
mp-1420871,VO2,6,171,48,1.63,3.44,4.1307238095238095,mp-1420871_VO2.cif,-2.4735,0.0,106.73,63.06
mp-776041,V2O5,4,171,48,1.63,3.44,3.688567328042328,mp-776041_V2O5.cif,-2.381,1.657,101.725,40.3
mp-715517,VO2,6,171,48,1.63,3.44,3.7588488095238097,mp-715517_VO2.cif,-2.432222255833333,0.9538000000000002,106.73,63.06
mp-714932,V5O9,6,171,48,1.63,3.44,4.001957804232805,mp-714932_V5O9.cif,-2.4821467683035707,0.7569999999999997,191.43487945546747,82.35832447853528
mp-715617,V6O13,6,171,48,1.63,3.44,3.739308068783069,mp-715617_V6O13.cif,-2.3798785255921047,0.0,100.36199999999982,50.677005988405284
mp-714944,VO2,6,171,48,1.63,3.44,3.7588488095238097,mp-714944_VO2.cif,-2.31668,0.0,106.73,63.06
mp-510568,V2O5,6,171,48,1.63,3.44,3.7733821428571424,mp-510568_V2O5.cif,-2.39167,1.389,79.36,49.09
mp-1446045,VO2,6,171,48,1.63,3.44,3.7588488095238097,mp-1446045_VO2.cif,-2.4735,0.0,106.73,63.06
mp-1274771,VO2,6,171,48,1.63,3.44,3.7588488095238097,mp-1274771_VO2.cif,-2.4735,0.0,106.73,63.06
mp-1114,VP,6,171,98,1.63,2.19,2.5986597883597886,mp-1114_VP.cif,-0.80749,0.0,172.29,124.21
mp-569402,VP,6,171,98,1.63,2.19,2.614678968253968,mp-569402_VP.cif,-0.42854,0.0,152.21,43.97
mp-8251,VP4,6,171,98,1.63,2.19,2.326440740740741,mp-8251_VP4.cif,-0.3635,0.0,114.46,85.19
mp-849098,VS2,4,171,88,1.63,2.58,1.1615130952380952,mp-849098_VS2.cif,-0.7289438110416668,0.0,53.045,32.644999999999996
mp-33031,VS,6,171,88,1.63,2.58,2.5986597883597886,mp-33031_VS.cif,-0.97039,0.0,144.60000000000002,77.53999999999999
mp-1424931,VS2,6,171,88,1.63,2.58,1.0192108465608465,mp-1424931_VS2.cif,-0.95035,0.0,53.045,32.644999999999996
mp-1013525,VS2,6,171,88,1.63,2.58,1.1590349206349206,mp-1013525_VS2.cif,-0.95914,0.0,61.77,35.32
mp-1100925,V7S8,6,171,88,1.63,2.58,2.452413095238095,mp-1100925_V7S8.cif,-0.9999950000000001,0.0,137.83220000000014,76.76109842511612
mp-849060,VS2,6,171,88,1.63,2.58,1.2195964285714285,mp-849060_VS2.cif,-1.2922475993750002,0.0,15.0,10.0
mp-611224,VS2,6,171,88,1.63,2.58,1.151490873015873,mp-611224_VS2.cif,0.9425926006249998,0.0,53.045,32.644999999999996
mp-1178763,VS2,6,171,88,1.63,2.58,1.2195964285714285,mp-1178763_VS2.cif,-0.95035,0.0,53.045,32.644999999999996
mp-1216498,V3S5,6,171,88,1.63,2.58,2.5080023809523806,mp-1216498_V3S5.cif,-0.8332242487599197,0.0,50.93191790750166,32.62904999999998
mp-1013526,VS2,6,171,88,1.63,2.58,1.0774656084656085,mp-1013526_VS2.cif,-0.95892,0.0,16.638804286494473,14.236001047409642
mp-9561,VS2,6,171,88,1.63,2.58,1.1079211640211641,mp-9561_VS2.cif,-0.96534,0.0,56.66,41.81
mp-799,V3S4,6,171,88,1.63,2.58,2.417600264550265,mp-799_V3S4.cif,-1.09823,0.0,88.22,58.91
mp-1081,V3S4,6,171,88,1.63,2.58,2.360889862914863,mp-1081_V3S4.cif,-1.10297,0.0,103.92,71.51
mp-1214,VS,6,171,88,1.63,2.58,2.614678968253968,mp-1214_VS.cif,-0.63798,0.0,144.60000000000002,77.53999999999999
mp-690772,V5S8,6,171,88,1.63,2.58,2.503693235930736,mp-690772_V5S8.cif,-1.3513972125000004,0.0,20.0,13.27453129941695
mp-1443423,VS2,4,171,88,1.63,2.58,1.1397015873015874,mp-1443423_VS2.cif,-0.95035,0.0,53.045,32.644999999999996
mp-849080,VS2,6,171,88,1.63,2.58,1.151490873015873,mp-849080_VS2.cif,-0.95035,0.0,53.045,32.644999999999996
mp-849065,VS,6,171,88,1.63,2.58,2.456989862914863,mp-849065_VS.cif,-0.96475,0.0,144.60000000000002,77.53999999999999
mp-1216463,V7S8,6,171,88,1.63,2.58,2.452413095238095,mp-1216463_V7S8.cif,-1.0071,0.0,135.4566000000001,75.38899842511611
mp-655446,VS2,6,171,88,1.63,2.58,1.151490873015873,mp-655446_VS2.cif,0.5906279872916667,0.0,53.045,32.644999999999996
mp-557523,VS2,6,171,88,1.63,2.58,1.2116242063492064,mp-557523_VS2.cif,-0.93888,0.0,15.0,10.0
mp-1405126,VS2,6,171,88,1.63,2.58,1.0398156084656085,mp-1405126_VS2.cif,-0.95035,0.0,53.045,32.644999999999996
mp-1868,VS,6,171,88,1.63,2.58,2.5986597883597886,mp-1868_VS.cif,-0.9893,0.0,147.61,86.63
mp-1207843,V7S8,6,171,88,1.63,2.58,2.4428218073593073,mp-1207843_V7S8.cif,-0.99289,0.0,145.2344000000002,81.17600000000002
mp-29131,VSe,6,171,103,1.63,2.55,2.5059815295815295,mp-29131_VSe.cif,-0.51504,0.0,93.16,20.69
mp-1207893,V5Se8,6,171,103,1.63,2.55,1.1401685185185186,mp-1207893_V5Se8.cif,-0.72578,0.0,52.99,40.43
mp-685047,V23Se40,6,171,103,1.63,2.55,1.1401685185185186,mp-685047_V23Se40.cif,-0.6832193727579366,0.0,52.28020000000004,38.78439999999995
mp-569668,VSe,6,171,103,1.63,2.55,2.438789862914863,mp-569668_VSe.cif,-0.23519,0.0,54.17,39.14
mp-604914,VSe,4,171,103,1.63,2.55,1.154242195767196,mp-604914_VSe.cif,-0.55987,0.0,23.98270709464436,10.0
mp-694,VSe2,6,171,103,1.63,2.55,1.1045997354497354,mp-694_VSe2.cif,-0.71318,0.0,47.42,32.47
mp-22700,V3Se4,6,171,103,1.63,2.55,2.44053443963444,mp-22700_V3Se4.cif,-0.75325,0.0,85.3,55.94
mp-10256,VTe,6,171,123,1.63,2.1,2.5162954184704187,mp-10256_VTe.cif,-0.14009,0.0,69.9,16.84
mp-1207855,V5Te8,6,171,123,1.63,2.1,2.3373745851370855,mp-1207855_V5Te8.cif,-0.33075,0.0,52.478600000000036,31.680999999999973
mp-1008626,VTe2,6,171,123,1.63,2.1,2.543914862914863,mp-1008626_VTe2.cif,-0.29282,0.0,40.11,23.69
mp-1028,V3Te4,6,171,123,1.63,2.1,2.383278751803752,mp-1028_V3Te4.cif,-0.30037,0.0,52.39,31.79
mp-979413,W3C,4,193,67,1.7,2.55,2.8043785714285714,mp-979413_W3C.cif,0.77468,0.0,250.80210051644983,27.076838370358555
mp-1894,WC,6,193,67,1.7,2.55,2.9648731481481483,mp-1894_WC.cif,-0.1767,0.0,385.1942481675284,278.9601040567486
mp-1008635,WC,4,193,67,1.7,2.55,2.604522354497355,mp-1008635_WC.cif,0.22249,0.0,269.17,28.84
mp-13136,WC,6,193,67,1.7,2.55,2.9648731481481483,mp-13136_WC.cif,0.27225,0.0,365.39247322290765,153.40007008849383
mp-1101975,WN2,6,193,56,1.7,3.04,2.730715608465608,mp-1101975_WN2.cif,-0.4074,0.7,327.32,193.505
mp-1430706,WN,6,193,56,1.7,3.04,2.8322064814814816,mp-1430706_WN.cif,-0.22494,0.0,371.71000000000004,108.325
mp-2675163,WN2,4,193,56,1.7,3.04,3.7605821428571424,mp-2675163_WN2.cif,-0.4074,0.7,327.32,193.505
mp-672264,WN18,6,193,56,1.7,3.04,3.7751154761904764,mp-672264_WN18.cif,0.20141165564000044,1.7919,348.18450423753814,162.70242023348712
mp-754628,WN2,4,193,56,1.7,3.04,3.7605821428571424,mp-754628_WN2.cif,-0.4633599740866655,0.8351,121.35985230251192,25.579832871948327
mp-1101178,WN2,6,193,56,1.7,3.04,1.447777513227513,mp-1101178_WN2.cif,-0.4074,0.7,327.32,193.505
mp-1216242,W2N3,6,193,56,1.7,3.04,2.5386112433862436,mp-1216242_W2N3.cif,-0.78342,0.0,310.9243237895166,163.0855113189358
mp-2679804,WN2,4,193,56,1.7,3.04,3.7605821428571424,mp-2679804_WN2.cif,-0.4074,0.7,327.32,193.505
mp-1407329,WN2,6,193,56,1.7,3.04,3.7410414021164016,mp-1407329_WN2.cif,-0.4074,0.7,327.32,193.505
mp-1101174,WN2,6,193,56,1.7,3.04,1.3818960317460318,mp-1101174_WN2.cif,-0.4074,0.7,327.32,193.505
mp-754629,WN2,4,193,56,1.7,3.04,3.7605821428571424,mp-754629_WN2.cif,-0.4524111015866655,1.0066,103.13325971977284,26.016579974871085
mp-1101173,WN2,4,193,56,1.7,3.04,3.7605821428571424,mp-1101173_WN2.cif,-0.3838,0.7,124.71,25.27
mp-569228,WN,6,193,56,1.7,3.04,2.8322064814814816,mp-569228_WN.cif,-0.09324,0.0,366.73,42.56
mp-8102,W3N4,6,193,56,1.7,3.04,2.6305223544973546,mp-8102_W3N4.cif,-0.2044,0.0,373.0795,119.00520000000012
mp-999549,WN2,6,193,56,1.7,3.04,2.6949785714285714,mp-999549_WN2.cif,-0.58811,1.758,375.61,232.27
mp-1208477,WN6,4,193,56,1.7,3.04,1.5890501322751323,mp-1208477_WN6.cif,-0.39401788538666677,0.6707875000000014,230.95499999999956,27.122462032092553
mp-1079251,W2N3,6,193,56,1.7,3.04,2.6120890211640213,mp-1079251_W2N3.cif,-0.397535,0.0,309.48090000000013,152.72671843133844
mp-982734,WN2,6,193,56,1.7,3.04,1.3852174603174603,mp-982734_WN2.cif,-0.4074,0.0,286.13,156.98
mp-1001828,WN,4,193,56,1.7,3.04,2.5217223544973546,mp-1001828_WN.cif,-0.19302,0.0,279.86792654654926,10.0
mp-776321,WN2,6,193,56,1.7,3.04,4.375566137566137,mp-776321_WN2.cif,-0.4069528886699996,0.5701999999999998,327.32,193.505
mp-776343,WN2,4,193,56,1.7,3.04,3.7605821428571424,mp-776343_WN2.cif,-0.3666520074199993,1.4246,327.32,193.505
mp-972036,WN,4,193,56,1.7,3.04,2.7128223544973546,mp-972036_WN.cif,-0.4781,0.0,371.71000000000004,108.325
mp-1077232,WN2,6,193,56,1.7,3.04,2.6949785714285714,mp-1077232_WN2.cif,-0.40764,0.827,368.51,230.03
mp-991,WN,6,193,56,1.7,3.04,2.8322064814814816,mp-991_WN.cif,-0.22494,0.0,376.69,174.09
mp-755880,WN2,6,193,56,1.7,3.04,1.3751952380952381,mp-755880_WN2.cif,-0.4052866270033325,0.13649999999999984,327.32,193.505
mp-1408708,WO3,6,193,48,1.7,3.44,3.7751154761904764,mp-1408708_WO3.cif,-2.28072,0.579,166.135,73.245
mp-616585,WO2,6,193,48,1.7,3.44,1.3527119047619047,mp-616585_WO2.cif,-1.68248,0.0,81.07,10.0
mp-1404844,W3O8,6,193,48,1.7,3.44,1.5387223544973547,mp-1404844_W3O8.cif,-2.180405,0.051,157.5934733332914,70.9549338273741
mp-1172828,WO3,6,193,48,1.7,3.44,3.7751154761904764,mp-1172828_WO3.cif,-2.28072,0.579,166.135,73.245
mp-1042978,W3O8,6,193,48,1.7,3.44,3.7751154761904764,mp-1042978_W3O8.cif,-2.180405,0.051,157.5934733332914,70.9549338273741
mp-27732,W10O29,6,193,48,1.7,3.44,3.7410414021164016,mp-27732_W10O29.cif,-2.164721001570514,0.0,159.93602264178483,68.14979824230066
mp-21369,W3O,4,193,48,1.7,3.44,2.703862962962963,mp-21369_W3O.cif,0.85671,0.0,245.3,10.0
mp-1372094,W2O3,6,193,48,1.7,3.44,1.3573369047619046,mp-1372094_W2O3.cif,-0.9370670027499998,0.02239999999999931,140.31301187028487,61.24326188217803
mp-1350563,WO2,6,193,48,1.7,3.44,1.6179923280423278,mp-1350563_WO2.cif,-1.68248,0.0,81.07,10.0
mp-19033,WO3,6,193,48,1.7,3.44,3.7751154761904764,mp-19033_WO3.cif,-2.1838248418750004,1.4239,166.135,73.245
mp-1042656,W3O8,6,193,48,1.7,3.44,3.7751154761904764,mp-1042656_W3O8.cif,-2.180405,0.051,157.5934733332914,70.9549338273741
mp-19342,WO3,6,193,48,1.7,3.44,3.7751154761904764,mp-19342_WO3.cif,-2.1839278334375,1.6833,166.135,73.245
mp-559122,WO3,6,193,48,1.7,3.44,3.7751154761904764,mp-559122_WO3.cif,-2.2404,1.226,165.36,43.27
mp-636284,WO3,6,193,48,1.7,3.44,3.7751154761904764,mp-636284_WO3.cif,-2.29373,0.346,166.135,73.245
mp-649605,W25O73,6,193,48,1.7,3.44,3.7410414021164016,mp-649605_W25O73.cif,-2.1673634533290818,0.0,160.2131760021584,68.07646610969013
mp-825726,WO3,6,193,48,1.7,3.44,3.7751154761904764,mp-825726_WO3.cif,-2.28072,0.579,166.135,73.245
mp-19390,WO3,6,193,48,1.7,3.44,3.7751154761904764,mp-19390_WO3.cif,-2.26253,0.253,231.7,151.44
mp-1197857,WO3,6,193,48,1.7,3.44,3.7751154761904764,mp-1197857_WO3.cif,-2.28072,0.579,166.135,73.245
mp-566278,WO3,6,193,48,1.7,3.44,3.7751154761904764,mp-566278_WO3.cif,-2.1837442621875,1.346,193.85033603735587,81.72148173001075
mp-690346,WO3,6,193,48,1.7,3.44,3.7751154761904764,mp-690346_WO3.cif,-2.28072,0.579,166.135,73.245
mp-826017,W3O10,6,193,48,1.7,3.44,4.132457142857143,mp-826017_W3O10.cif,-1.77431,0.261,121.72300366121169,54.05495059315327
mp-1396391,WO3,6,193,48,1.7,3.44,3.7751154761904764,mp-1396391_WO3.cif,-2.28072,0.579,166.135,73.245
mp-1095323,WO5,6,193,48,1.7,3.44,3.7410414021164016,mp-1095323_WO5.cif,-2.0644558788516476,0.4929500000000004,167.88206878425876,76.6475032050402
mp-1048022,W4O9,6,193,48,1.7,3.44,1.4126738095238096,mp-1048022_W4O9.cif,-1.914852200865384,0.0,123.07922751063916,56.10133472972231
mp-1042291,WO2,6,193,48,1.7,3.44,1.5843223544973546,mp-1042291_WO2.cif,-1.68248,0.0,81.07,10.0
mp-32662,WO3,6,193,48,1.7,3.44,3.7751154761904764,mp-32662_WO3.cif,-2.179547545937499,1.4691,149.77147985724042,72.67321326105184
mp-1047232,WO2,6,193,48,1.7,3.44,1.2274473544973545,mp-1047232_WO2.cif,-1.68248,0.0,81.07,10.0
mp-2383161,WO3,6,193,48,1.7,3.44,3.7751154761904764,mp-2383161_WO3.cif,-2.28072,0.579,166.135,73.245
mp-1044534,W3O7,6,193,48,1.7,3.44,1.4206460317460319,mp-1044534_W3O7.cif,-1.994475560625,0.04269999999999996,145.63348713420788,64.39338456658534
mp-510417,WO3,6,193,48,1.7,3.44,3.7751154761904764,mp-510417_WO3.cif,-2.28072,0.579,166.135,73.245
mp-2383052,WO3,6,193,48,1.7,3.44,3.7751154761904764,mp-2383052_WO3.cif,-2.28072,0.579,166.135,73.245
mp-19443,WO3,6,193,48,1.7,3.44,3.7751154761904764,mp-19443_WO3.cif,-2.28072,0.177,180.62,109.47
mp-1201934,WO4,6,193,48,1.7,3.44,3.7410414021164016,mp-1201934_WO4.cif,-2.0644558788516476,0.4929500000000004,167.88206878425876,76.6475032050402
mp-555619,W3O8,6,193,48,1.7,3.44,3.7410414021164016,mp-555619_W3O8.cif,-2.180405,0.051,157.5934733332914,70.9549338273741
mp-1191364,WO3,6,193,48,1.7,3.44,3.7751154761904764,mp-1191364_WO3.cif,-2.28072,0.579,166.135,73.245
mp-1345171,W5O7,6,193,48,1.7,3.44,1.5223943121693122,mp-1345171_W5O7.cif,-0.8527121444791668,0.0,142.74511187028486,63.60252134101211
mp-826026,WO3,6,193,48,1.7,3.44,3.7751154761904764,mp-826026_WO3.cif,-2.28072,0.579,166.135,73.245
mp-619461,WO3,6,193,48,1.7,3.44,3.7751154761904764,mp-619461_WO3.cif,-2.28072,0.579,166.135,73.245
mp-636148,WO3,6,193,48,1.7,3.44,3.7751154761904764,mp-636148_WO3.cif,-2.28072,0.579,166.135,73.245
mp-756478,WO3,6,193,48,1.7,3.44,3.7751154761904764,mp-756478_WO3.cif,-2.14141,0.358,166.135,73.245
mp-2235359,WO3,6,193,48,1.7,3.44,3.7751154761904764,mp-2235359_WO3.cif,-2.28072,0.579,166.135,73.245
mp-504110,WO2,6,193,48,1.7,3.44,1.475081216931217,mp-504110_WO2.cif,-1.68248,0.0,81.07,10.0
mp-715923,WO3,6,193,48,1.7,3.44,3.7751154761904764,mp-715923_WO3.cif,-2.37998,1.233,199.2891985849841,101.0802546726966
mp-32777,WO3,6,193,48,1.7,3.44,3.7751154761904764,mp-32777_WO3.cif,-2.13995,0.365,141.01,58.93
mp-1392923,W2O5,6,193,48,1.7,3.44,3.7410414021164016,mp-1392923_W2O5.cif,-1.8750728337500004,1.1666,172.99000774141183,77.94653391131851
mp-25375,WO2,6,193,48,1.7,3.44,1.6626219576719576,mp-25375_WO2.cif,-1.69904,0.0,81.07,10.0
mp-733506,WO3,6,193,48,1.7,3.44,3.7751154761904764,mp-733506_WO3.cif,-2.28072,0.579,166.135,73.245
mp-2486616,WO3,6,193,48,1.7,3.44,3.7751154761904764,mp-2486616_WO3.cif,-2.28072,0.579,166.135,73.245
mp-826025,W3O10,6,193,48,1.7,3.44,3.7410414021164016,mp-826025_W3O10.cif,-1.77431,0.261,121.72300366121169,54.05495059315327
mp-19372,WO2,6,193,48,1.7,3.44,1.4208174603174601,mp-19372_WO2.cif,-2.032188589166668,1.3865000000000007,228.80559623568647,75.10032050402936
mp-1445593,WO2,6,193,48,1.7,3.44,1.3226556878306879,mp-1445593_WO2.cif,-1.68248,0.0,81.07,10.0
mp-1047616,WO2,6,193,48,1.7,3.44,1.6002145502645504,mp-1047616_WO2.cif,-1.68248,0.0,81.07,10.0
mp-553964,WO3,6,193,48,1.7,3.44,3.7751154761904764,mp-553964_WO3.cif,-2.24075,1.234,166.91,75.23
mp-18773,WO3,6,193,48,1.7,3.44,3.7751154761904764,mp-18773_WO3.cif,-2.1838584303125,1.3319,59.106101324109076,86.25505925312756
mp-545665,WO3,6,193,48,1.7,3.44,3.7751154761904764,mp-545665_WO3.cif,-2.28072,0.579,166.135,73.245
mp-1178760,W2O7,6,193,48,1.7,3.44,3.7410414021164016,mp-1178760_W2O7.cif,-2.0644558788516476,0.4929500000000004,167.88206878425876,76.6475032050402
mp-2420,PW,6,193,98,1.7,2.19,2.6051428571428574,mp-2420_PW.cif,-0.33605,0.0,215.44,112.95
mp-1042100,WS2,4,193,88,1.7,2.58,1.0401867724867726,mp-1042100_WS2.cif,-0.884785,0.7495,47.155,32.965
mp-1023925,WS2,6,193,88,1.7,2.58,1.1922945767195767,mp-1023925_WS2.cif,-0.85627,0.945,47.155,32.965
mp-224,WS2,6,193,88,1.7,2.58,1.0481137566137566,mp-224_WS2.cif,-0.89481,0.718,74.31,52.53
mp-9813,WS2,6,193,88,1.7,2.58,1.0512089947089949,mp-9813_WS2.cif,-0.89419,0.697,27.3576568919177,19.562997794269187
mp-1025571,WS2,6,193,88,1.7,2.58,1.1922945767195767,mp-1025571_WS2.cif,-0.86918,0.825,45.58,31.87
mp-1028441,WS2,6,193,88,1.7,2.58,1.1203719576719577,mp-1028441_WS2.cif,-0.87538,0.781,48.73,34.06
mp-1023937,WS2,6,193,88,1.7,2.58,0.9306279100529101,mp-1023937_WS2.cif,-0.99567,1.824,24.91,17.85
mp-1004526,WS,4,193,88,1.7,2.58,2.3980539682539685,mp-1004526_WS.cif,-0.52019,0.0,60.98511606067628,36.95767984025551
mp-1023933,WSe2,6,193,103,1.7,2.55,1.1673316137566139,mp-1023933_WSe2.cif,-0.50474,1.219,31.29,22.91
mp-1028698,WSe2,6,193,103,1.7,2.55,0.905664947089947,mp-1028698_WSe2.cif,-0.52463,1.092,17.617336580945622,12.744024272172613
mp-1821,WSe2,6,193,103,1.7,2.55,1.0423126984126985,mp-1821_WSe2.cif,-0.54463,1.046,59.89,43.19
mp-1025572,WSe2,6,193,103,1.7,2.55,1.1673316137566139,mp-1025572_WSe2.cif,-0.51795,1.126,33.67,24.46
mp-1023936,WSe2,6,193,103,1.7,2.55,1.1673316137566139,mp-1023936_WSe2.cif,-0.46596,1.334,22.36,16.63
mp-1019322,Te2W,6,193,123,1.7,2.1,2.5376111111111115,mp-1019322_Te2W.cif,-0.04398,0.892,44.02,32.75
mp-1025573,Te2W,6,193,123,1.7,2.1,1.0954089947089949,mp-1025573_Te2W.cif,-0.03391,0.985,42.68000000000001,29.93
mp-1028586,Te2W,6,193,123,1.7,2.1,0.8104566137566138,mp-1028586_Te2W.cif,-0.0211,0.986,15.0,10.0
mp-1023942,Te2W,6,193,123,1.7,2.1,1.0954089947089949,mp-1023942_Te2W.cif,-0.03597,0.95,41.34,30.95
mp-22693,Te2W,6,193,123,1.7,2.1,2.566880555555556,mp-22693_Te2W.cif,-0.07329,0.0,50.82,28.91
mp-1023926,Te2W,6,193,123,1.7,2.1,1.1673316137566139,mp-1023926_Te2W.cif,0.04594,1.285,42.68000000000001,29.93
mp-971853,Zn3B,4,142,87,1.65,2.04,2.055633597883598,mp-971853_Zn3B.cif,0.63076,0.0,91.16153187394173,10.0
mp-971859,Zn3B,4,142,87,1.65,2.04,2.0322530423280427,mp-971859_Zn3B.cif,0.63486,0.0,95.21158653997705,10.0
mp-971857,Zn3C,4,142,67,1.65,2.55,2.001956349206349,mp-971857_Zn3C.cif,1.01516,0.0,93.39787100672295,10.0
mp-981336,Zn3C,4,142,67,1.65,2.55,1.9785757936507935,mp-981336_Zn3C.cif,1.01938,0.0,101.72375412353779,10.0
mp-9460,Zn3N2,4,142,56,1.65,3.04,2.0775980158730154,mp-9460_Zn3N2.cif,0.01589,0.0,132.04833184063258,56.79816769887882
mp-999485,ZnN,4,142,56,1.65,3.04,4.976688888888888,mp-999485_ZnN.cif,0.49249,0.0,132.46113794503816,22.080512940639363
mp-1192688,ZnN6,4,142,56,1.65,3.04,1.3294373015873016,mp-1192688_ZnN6.cif,0.47778199999999954,0.0,132.44875376190586,22.461622916532356
mp-1208632,ZnN6,4,142,56,1.65,3.04,1.4246456349206351,mp-1208632_ZnN6.cif,0.47778199999999954,0.0,132.44875376190586,22.461622916532356
mp-999473,ZnN,6,142,56,1.65,3.04,1.846409126984127,mp-999473_ZnN.cif,0.56624,0.0,170.13,63.08
mp-1195863,ZnN6,4,142,56,1.65,3.04,4.559018518518518,mp-1195863_ZnN6.cif,0.47778199999999954,0.0,132.44875376190586,22.461622916532356
mp-981366,Zn3N,4,142,56,1.65,3.04,1.878649867724868,mp-981366_Zn3N.cif,0.68673,0.0,100.98,10.0
mp-1187906,Zn3N,4,142,56,1.65,3.04,1.9020304232804233,mp-1187906_Zn3N.cif,0.68673,0.0,100.98,10.0
mp-971911,ZnN,4,142,56,1.65,3.04,4.976688888888888,mp-971911_ZnN.cif,0.50707,0.0,126.38177882557235,25.473855771696318
mp-8484,ZnO2,6,142,48,1.65,3.44,1.3329515873015874,mp-8484_ZnO2.cif,-0.90507,2.379,150.4,66.66
mp-1093993,ZnO,4,142,48,1.65,3.44,5.035029629629629,mp-1093993_ZnO.cif,-1.55639,0.968,131.59,35.19
mp-2229,ZnO,6,142,48,1.65,3.44,1.9488980158730158,mp-2229_ZnO.cif,-1.46475,1.078,175.43,69.68
mp-2133,ZnO,4,142,48,1.65,3.44,5.035029629629629,mp-2133_ZnO.cif,-1.59197,0.965,137.33,41.36
mp-1094003,ZnO2,6,142,48,1.65,3.44,1.9185723544973545,mp-1094003_ZnO2.cif,-0.4201,0.0,150.4,66.66
mp-1102744,ZnO2,6,142,48,1.65,3.44,1.8853563492063492,mp-1102744_ZnO2.cif,-0.662585,1.1895,150.4,66.66
mp-997630,ZnO,6,142,48,1.65,3.44,2.0780980158730156,mp-997630_ZnO.cif,-1.43762,0.885,167.3375943102249,10.0
mp-1178720,ZnO2,6,142,48,1.65,3.44,1.9185723544973545,mp-1178720_ZnO2.cif,-0.662585,1.1895,150.4,66.66
mp-1178680,ZnO2,4,142,48,1.65,3.44,4.643833333333332,mp-1178680_ZnO2.cif,-0.662585,1.1895,150.4,66.66
mp-1986,ZnO,4,142,48,1.65,3.44,5.035029629629629,mp-1986_ZnO.cif,-1.58593,0.872,138.5,46.68
mp-1207476,Zn7P10,4,142,98,1.65,2.19,1.649670105820106,mp-1207476_Zn7P10.cif,-0.14999672755668977,0.5921571428571416,66.20944976049852,38.06789059691702
mp-1197170,Zn3P2,4,142,98,1.65,2.19,1.6503208994708995,mp-1197170_Zn3P2.cif,-0.10940000000000001,0.1525,65.0,35.0
mp-1392,ZnP2,4,142,98,1.65,2.19,1.608658994708995,mp-1392_ZnP2.cif,-0.2456270928968257,0.7455999999999996,68.20505896462599,42.25439136753446
mp-2782,ZnP2,4,142,98,1.65,2.19,1.6264367724867725,mp-2782_ZnP2.cif,-0.26408,1.473,68.20505896462599,42.25439136753446
mp-7846,Zn3P2,4,142,98,1.65,2.19,1.6503208994708995,mp-7846_Zn3P2.cif,-0.01164,0.0,65.0,35.0
mp-14587,ZnP4,6,142,98,1.65,2.19,1.6231701058201058,mp-14587_ZnP4.cif,-0.11885,0.987,61.3713087324054,35.22328954646297
mp-971863,ZnP,4,142,98,1.65,2.19,1.6508208994708997,mp-971863_ZnP.cif,0.05585,0.0,66.06559999999999,34.14398305042878
mp-1187918,Zn3P,4,142,98,1.65,2.19,1.795458597883598,mp-1187918_Zn3P.cif,-0.14999672755668977,0.5921571428571416,66.20944976049852,38.06789059691702
mp-2071,Zn3P2,4,142,98,1.65,2.19,1.6503208994708995,mp-2071_Zn3P2.cif,-0.20716,0.305,65.0,35.0
mp-11025,ZnP2,4,142,98,1.65,2.19,1.6264367724867725,mp-11025_ZnP2.cif,-0.26792,1.469,68.20505896462599,42.25439136753446
mp-554681,ZnS,4,142,88,1.65,2.58,1.0704701058201058,mp-554681_ZnS.cif,-1.1399253036383936,2.0175,72.25999999999999,32.96
mp-555664,ZnS,4,142,88,1.65,2.58,1.0704701058201058,mp-555664_ZnS.cif,-1.1400692143229163,2.0207,72.25999999999999,32.96
mp-555381,ZnS,4,142,88,1.65,2.58,1.0704701058201058,mp-555381_ZnS.cif,-1.1398540339062506,2.0205,72.25999999999999,32.96
mp-555079,ZnS,4,142,88,1.65,2.58,1.0704701058201058,mp-555079_ZnS.cif,-1.1401142584598216,2.02,72.25999999999999,32.96
mp-556448,ZnS,4,142,88,1.65,2.58,1.0704701058201058,mp-556448_ZnS.cif,-1.139986625642361,2.0192,72.25999999999999,32.96
mp-556716,ZnS,4,142,88,1.65,2.58,1.6228748677248677,mp-556716_ZnS.cif,-0.88528,2.105,72.25999999999999,32.96
mp-1202959,ZnS,4,142,88,1.65,2.58,1.0717558201058202,mp-1202959_ZnS.cif,-0.88529,2.097,72.25999999999999,32.96
mp-553880,ZnS,4,142,88,1.65,2.58,1.0704701058201058,mp-553880_ZnS.cif,-1.1397215443389432,2.031,72.25999999999999,32.96
mp-554889,ZnS,4,142,88,1.65,2.58,1.0704701058201058,mp-554889_ZnS.cif,-1.1394191172395842,2.0385,72.25999999999999,32.96
mp-554713,ZnS,4,142,88,1.65,2.58,1.0704701058201058,mp-554713_ZnS.cif,-1.139416559739584,2.0368,72.25999999999999,32.96
mp-554004,ZnS,4,142,88,1.65,2.58,1.0704701058201058,mp-554004_ZnS.cif,-1.1394023118526786,2.0337,72.25999999999999,32.96
mp-1196782,ZnS,4,142,88,1.65,2.58,1.0717558201058202,mp-1196782_ZnS.cif,-0.88529,2.097,72.25999999999999,32.96
mp-557151,ZnS,4,142,88,1.65,2.58,1.0717558201058202,mp-557151_ZnS.cif,-1.12895498328125,2.0324,72.25999999999999,32.96
mp-680087,ZnS,4,142,88,1.65,2.58,1.0717558201058202,mp-680087_ZnS.cif,-1.1399629327130685,2.021,72.25999999999999,32.96
mp-1198139,ZnS,4,142,88,1.65,2.58,1.0717558201058202,mp-1198139_ZnS.cif,-0.88529,2.097,72.25999999999999,32.96
mp-556989,ZnS,4,142,88,1.65,2.58,1.0704701058201058,mp-556989_ZnS.cif,-1.1393974453645836,2.0305,72.25999999999999,32.96
mp-557308,ZnS,4,142,88,1.65,2.58,1.0704701058201058,mp-557308_ZnS.cif,-0.88633,2.094,72.25999999999999,32.96
mp-554608,ZnS,4,142,88,1.65,2.58,1.0704701058201058,mp-554608_ZnS.cif,-1.139989189723558,2.0236,72.25999999999999,32.96
mp-556000,ZnS,4,142,88,1.65,2.58,1.0704701058201058,mp-556000_ZnS.cif,-1.1398288738494322,2.0282,72.25999999999999,32.96
mp-1201781,ZnS,4,142,88,1.65,2.58,1.0717558201058202,mp-1201781_ZnS.cif,-0.88529,2.097,72.25999999999999,32.96
mp-561286,ZnS,4,142,88,1.65,2.58,1.0704701058201058,mp-561286_ZnS.cif,-0.88681,2.089,72.25999999999999,32.96
mp-608468,ZnS,4,142,88,1.65,2.58,1.0717558201058202,mp-608468_ZnS.cif,-1.0893997920312497,1.9806,72.25999999999999,32.96
mp-561118,ZnS,4,142,88,1.65,2.58,1.0704701058201058,mp-561118_ZnS.cif,-0.88608,2.097,72.19,32.95
mp-557054,ZnS,4,142,88,1.65,2.58,1.6228748677248677,mp-557054_ZnS.cif,-0.88529,2.106,72.25999999999999,32.96
mp-557062,ZnS,4,142,88,1.65,2.58,1.0704701058201058,mp-557062_ZnS.cif,-1.1394904120312503,2.0314,72.25999999999999,32.96
mp-557009,ZnS,4,142,88,1.65,2.58,1.0704701058201058,mp-557009_ZnS.cif,-1.139487690781251,2.0314,72.25999999999999,32.96
mp-555666,ZnS,4,142,88,1.65,2.58,1.0704701058201058,mp-555666_ZnS.cif,-1.13982761125,2.0223,72.25999999999999,32.96
mp-554503,ZnS,4,142,88,1.65,2.58,1.0704701058201058,mp-554503_ZnS.cif,-1.1399266111383934,2.0201,72.25999999999999,32.96
mp-561196,ZnS,4,142,88,1.65,2.58,1.0704701058201058,mp-561196_ZnS.cif,-0.88658,2.092,72.25999999999999,32.96
mp-581602,ZnS,4,142,88,1.65,2.58,1.0717558201058202,mp-581602_ZnS.cif,-1.12923505953125,2.0385,72.25999999999999,32.96
mp-582680,ZnS,4,142,88,1.65,2.58,1.0717558201058202,mp-582680_ZnS.cif,-1.1398805607812506,2.0289,72.25999999999999,32.96
mp-554999,ZnS,4,142,88,1.65,2.58,1.0704701058201058,mp-554999_ZnS.cif,-1.139630620156251,2.0299,72.25999999999999,32.96
mp-555628,ZnS,4,142,88,1.65,2.58,1.0704701058201058,mp-555628_ZnS.cif,-1.1394172674479173,2.0374,72.25999999999999,32.96
mp-555583,ZnS,4,142,88,1.65,2.58,1.0704701058201058,mp-555583_ZnS.cif,-1.1396568426562503,2.032,72.25999999999999,32.96
mp-554115,ZnS,4,142,88,1.65,2.58,1.0704701058201058,mp-554115_ZnS.cif,-1.1400682139062497,2.0181000000000004,72.25999999999999,32.96
mp-554961,ZnS,4,142,88,1.65,2.58,1.0704701058201058,mp-554961_ZnS.cif,-1.1399266479241077,0.0010999999999998786,72.25999999999999,32.96
mp-581425,ZnS,4,142,88,1.65,2.58,1.0717558201058202,mp-581425_ZnS.cif,-1.1400232403645836,2.0194,72.25999999999999,32.96
mp-555151,ZnS,4,142,88,1.65,2.58,1.0704701058201058,mp-555151_ZnS.cif,-1.1399271052455364,2.0245,72.25999999999999,32.96
mp-556784,ZnS,4,142,88,1.65,2.58,1.0704701058201058,mp-556784_ZnS.cif,-1.1400695247585233,2.0208,72.25999999999999,32.96
mp-560725,ZnS,4,142,88,1.65,2.58,1.0704701058201058,mp-560725_ZnS.cif,-1.13997477984375,2.0215,72.25999999999999,32.96
mp-1199343,ZnS,4,142,88,1.65,2.58,1.0717558201058202,mp-1199343_ZnS.cif,-0.88529,2.097,72.25999999999999,32.96
mp-581476,ZnS,4,142,88,1.65,2.58,1.0717558201058202,mp-581476_ZnS.cif,-1.1297717736979174,2.0243,72.25999999999999,32.96
mp-581258,ZnS,4,142,88,1.65,2.58,1.0717558201058202,mp-581258_ZnS.cif,-1.1292265645312505,2.0381,72.25999999999999,32.96
mp-555594,ZnS,4,142,88,1.65,2.58,1.0704701058201058,mp-555594_ZnS.cif,-1.139887306406251,2.0252,72.25999999999999,32.96
mp-556732,ZnS,4,142,88,1.65,2.58,1.0704701058201058,mp-556732_ZnS.cif,-0.88636,2.094,72.25999999999999,32.96
mp-556775,ZnS,4,142,88,1.65,2.58,1.0704701058201058,mp-556775_ZnS.cif,-1.13932252953125,2.0399000000000003,72.25999999999999,32.96
mp-556161,ZnS,4,142,88,1.65,2.58,1.6228748677248677,mp-556161_ZnS.cif,-0.88595,2.1,72.25999999999999,32.96
mp-555763,ZnS,4,142,88,1.65,2.58,1.0704701058201058,mp-555763_ZnS.cif,-0.88421,2.12,72.16,33.05
mp-554986,ZnS,4,142,88,1.65,2.58,1.0717558201058202,mp-554986_ZnS.cif,-1.139700329384192,2.03,72.25999999999999,32.96
mp-1102743,ZnS2,6,142,88,1.65,2.58,1.6093034391534393,mp-1102743_ZnS2.cif,-0.47637,1.408,72.83,37.22
mp-555779,ZnS,4,142,88,1.65,2.58,1.0704701058201058,mp-555779_ZnS.cif,-0.88669,2.09,72.25999999999999,32.96
mp-555311,ZnS,4,142,88,1.65,2.58,1.0704701058201058,mp-555311_ZnS.cif,-1.139727345685097,2.0318000000000005,72.25999999999999,32.96
mp-554630,ZnS,4,142,88,1.65,2.58,1.0704701058201058,mp-554630_ZnS.cif,-1.1396350420312498,2.0318,72.25999999999999,32.96
mp-556105,ZnS,4,142,88,1.65,2.58,1.0717558201058202,mp-556105_ZnS.cif,-1.1293712825312503,2.0379,72.25999999999999,32.96
mp-556155,ZnS,4,142,88,1.65,2.58,1.0704701058201058,mp-556155_ZnS.cif,-1.1397547955312504,2.0257000000000005,72.25999999999999,32.96
mp-9946,ZnS,4,142,88,1.65,2.58,1.0704701058201058,mp-9946_ZnS.cif,-0.88569,2.102,72.41,32.97
mp-1200568,ZnS,4,142,88,1.65,2.58,1.0717558201058202,mp-1200568_ZnS.cif,-0.88529,2.097,72.25999999999999,32.96
mp-556363,ZnS,4,142,88,1.65,2.58,1.0704701058201058,mp-556363_ZnS.cif,-1.1396952014756947,2.0280000000000005,72.25999999999999,32.96
mp-13456,ZnS,4,142,88,1.65,2.58,1.0704701058201058,mp-13456_ZnS.cif,-1.1386755635312504,2.0687,70.0,33.0
mp-556815,ZnS,4,142,88,1.65,2.58,1.0704701058201058,mp-556815_ZnS.cif,-0.88528,2.104,72.25999999999999,32.96
mp-554820,ZnS,4,142,88,1.65,2.58,1.0704701058201058,mp-554820_ZnS.cif,-1.1401146689955357,2.0206,72.25999999999999,32.96
mp-10281,ZnS,4,142,88,1.65,2.58,1.0704701058201058,mp-10281_ZnS.cif,-0.88496,2.112,72.33,32.9
mp-1200836,ZnS,4,142,88,1.65,2.58,1.0717558201058202,mp-1200836_ZnS.cif,-0.88529,2.097,72.25999999999999,32.96
mp-1201158,ZnS,4,142,88,1.65,2.58,1.0717558201058202,mp-1201158_ZnS.cif,-0.88529,2.097,72.25999999999999,32.96
mp-554253,ZnS,4,142,88,1.65,2.58,1.0704701058201058,mp-554253_ZnS.cif,-1.13972366376202,2.0288,72.25999999999999,32.96
mp-557175,ZnS,4,142,88,1.65,2.58,1.0704701058201058,mp-557175_ZnS.cif,-1.1396942281423614,2.0281,72.25999999999999,32.96
mp-556280,ZnS,4,142,88,1.65,2.58,1.0704701058201058,mp-556280_ZnS.cif,-1.1397543217812505,2.0261,72.25999999999999,32.96
mp-581412,ZnS,4,142,88,1.65,2.58,1.0717558201058202,mp-581412_ZnS.cif,-1.1297618203645836,2.0264999999999995,72.25999999999999,32.96
mp-557346,ZnS,4,142,88,1.65,2.58,1.0704701058201058,mp-557346_ZnS.cif,-1.1396947750868054,2.0266,72.25999999999999,32.96
mp-556543,ZnS,4,142,88,1.65,2.58,1.0704701058201058,mp-556543_ZnS.cif,-1.1400684988494318,2.0196,72.25999999999999,32.96
mp-543011,ZnS,4,142,88,1.65,2.58,1.0717558201058202,mp-543011_ZnS.cif,-1.127814422388393,2.0396,72.25999999999999,32.96
mp-555773,ZnS,4,142,88,1.65,2.58,1.0704701058201058,mp-555773_ZnS.cif,-1.139694378697917,2.0276000000000005,72.25999999999999,32.96
mp-581601,ZnS,4,142,88,1.65,2.58,1.0717558201058202,mp-581601_ZnS.cif,-1.1297726499479177,2.0265,72.25999999999999,32.96
mp-555410,ZnS,4,142,88,1.65,2.58,1.0704701058201058,mp-555410_ZnS.cif,-0.885,2.11,72.25999999999999,32.96
mp-556950,ZnS,4,142,88,1.65,2.58,1.0704701058201058,mp-556950_ZnS.cif,-1.13964953484375,2.0323,72.25999999999999,32.96
mp-680085,ZnS,4,142,88,1.65,2.58,1.0717558201058202,mp-680085_ZnS.cif,-1.1400858875994324,2.0167,72.25999999999999,32.96
mp-554829,ZnS,4,142,88,1.65,2.58,1.0704701058201058,mp-554829_ZnS.cif,-1.1398502147395837,2.0252,72.25999999999999,32.96
mp-581405,ZnS,4,142,88,1.65,2.58,1.0717558201058202,mp-581405_ZnS.cif,-1.139927730531251,2.0207,72.25999999999999,32.96
mp-557026,ZnS,4,142,88,1.65,2.58,1.0704701058201058,mp-557026_ZnS.cif,-1.139693279809028,2.0263,72.25999999999999,32.96
mp-557418,ZnS,4,142,88,1.65,2.58,1.0704701058201058,mp-557418_ZnS.cif,-1.1394893990312505,2.0311,72.25999999999999,32.96
mp-556395,ZnS,4,142,88,1.65,2.58,1.0704701058201058,mp-556395_ZnS.cif,-0.88604,2.096,72.25999999999999,32.96
mp-1202023,ZnS,4,142,88,1.65,2.58,1.0717558201058202,mp-1202023_ZnS.cif,-0.88529,2.097,72.25999999999999,32.96
mp-555214,ZnS,4,142,88,1.65,2.58,1.6228748677248677,mp-555214_ZnS.cif,-1.1263876839543276,1.5972999999999995,72.25999999999999,32.96
mp-10695,ZnS,4,142,88,1.65,2.58,1.0704701058201058,mp-10695_ZnS.cif,-0.88682,2.086,72.53,35.18
mp-556005,ZnS,4,142,88,1.65,2.58,1.0704701058201058,mp-556005_ZnS.cif,-0.88492,2.11,72.25999999999999,32.96
mp-555543,ZnS,4,142,88,1.65,2.58,1.0704701058201058,mp-555543_ZnS.cif,-1.1398493605729163,2.0250000000000004,72.25999999999999,32.96
mp-556392,ZnS,4,142,88,1.65,2.58,1.0704701058201058,mp-556392_ZnS.cif,-1.1395133895312506,2.0362,72.25999999999999,32.96
mp-647075,ZnS,4,142,88,1.65,2.58,1.0717558201058202,mp-647075_ZnS.cif,-1.140092716875,1.9999,72.25999999999999,32.96
mp-556576,ZnS,4,142,88,1.65,2.58,1.0717558201058202,mp-556576_ZnS.cif,-1.1273611664062502,2.0639000000000003,72.25999999999999,32.96
mp-556207,ZnS,4,142,88,1.65,2.58,1.0704701058201058,mp-556207_ZnS.cif,-1.1394906942812504,2.0323,72.25999999999999,32.96
mp-555782,ZnS,4,142,88,1.65,2.58,1.0704701058201058,mp-555782_ZnS.cif,-1.139753689031251,2.0251,72.25999999999999,32.96
mp-555858,ZnS,4,142,88,1.65,2.58,1.0717558201058202,mp-555858_ZnS.cif,-1.1293651655312509,2.0047,72.25999999999999,32.96
mp-561258,ZnS,4,142,88,1.65,2.58,1.0704701058201058,mp-561258_ZnS.cif,-0.88633,2.095,69.64197298734038,33.75918225826361
mp-560588,ZnS,4,142,88,1.65,2.58,1.0704701058201058,mp-560588_ZnS.cif,-0.88249,2.139,72.17,32.68
mp-553916,ZnS,4,142,88,1.65,2.58,1.0704701058201058,mp-553916_ZnS.cif,-1.1398560234895836,2.0265,72.25999999999999,32.96
mp-556152,ZnS,4,142,88,1.65,2.58,1.0704701058201058,mp-556152_ZnS.cif,-1.1396956475868059,2.0281,72.25999999999999,32.96
mp-555280,ZnS,4,142,88,1.65,2.58,1.0704701058201058,mp-555280_ZnS.cif,-1.128590515364584,2.0347,69.33807864274564,32.87719676996845
mp-18377,ZnS,4,142,88,1.65,2.58,1.0717558201058202,mp-18377_ZnS.cif,-1.1287316045312508,2.0316,72.25999999999999,32.96
mp-556468,ZnS,4,142,88,1.65,2.58,1.0717558201058202,mp-556468_ZnS.cif,-1.12895329328125,2.0329,72.25999999999999,32.96
mp-1202182,ZnS,4,142,88,1.65,2.58,1.0717558201058202,mp-1202182_ZnS.cif,-0.88529,2.097,72.25999999999999,32.96
mp-554405,ZnS,4,142,88,1.65,2.58,1.0704701058201058,mp-554405_ZnS.cif,-0.88366,2.127,69.17341839348245,32.75387953117233
mp-569679,ZnSe,4,142,103,1.65,2.55,1.1808308201058202,mp-569679_ZnSe.cif,-0.5344,1.539,30.72,18.97
mp-1102515,ZnSe2,6,142,103,1.65,2.55,1.6247256613756615,mp-1102515_ZnSe2.cif,-0.325505,0.342,59.77,27.34
mp-380,ZnSe,4,142,103,1.65,2.55,1.7022593915343915,mp-380_ZnSe.cif,-0.71214,1.255,59.31,26.79
mp-982778,Zn3Se,4,142,103,1.65,2.55,1.7056970899470898,mp-982778_Zn3Se.cif,0.14306213785156266,0.0,98.92214011638609,11.153929474628626
mp-1190,ZnSe,4,142,103,1.65,2.55,1.7022593915343915,mp-1190_ZnSe.cif,-0.71802,1.224,59.7,28.86
mp-1187912,Zn3Se,4,142,103,1.65,2.55,1.7290776455026453,mp-1187912_Zn3Se.cif,0.14306213785156266,0.0,98.92214011638609,11.153929474628626
mp-948,ZnTe,6,142,123,1.65,2.1,1.64592208994709,mp-948_ZnTe.cif,-0.19657,0.0,54.4,22.92
mp-1071319,ZnTe,4,142,123,1.65,2.1,1.6508208994708997,mp-1071319_ZnTe.cif,-0.33119,0.298,45.37,23.3
mp-8884,ZnTe,4,142,123,1.65,2.1,1.656074867724868,mp-8884_ZnTe.cif,-0.4516,1.079,45.11,22.03
mp-571195,ZnTe,4,142,123,1.65,2.1,1.656074867724868,mp-571195_ZnTe.cif,-0.46883,0.982,45.37,23.3
mp-9281,ZnTe,4,142,123,1.65,2.1,1.6508208994708997,mp-9281_ZnTe.cif,-0.33119,0.298,45.37,23.3
mp-1206914,ZnTe2,6,142,123,1.65,2.1,2.275278835978836,mp-1206914_ZnTe2.cif,-0.08285,0.0,49.55914984090346,23.000169747461197
mp-2176,ZnTe,4,142,123,1.65,2.1,1.656074867724868,mp-2176_ZnTe.cif,-0.45889,1.057,45.33,23.3
