material_id,Formula,Ef_DFT,Ef_Pred,Ef_Diff,Eg_DFT,Eg_Pred,Eg_Diff,Eads_DFT,Eads_Pred,Eads_Diff,K_DFT,K_Pred,K_Diff,G_DFT,G_Pred,G_Diff,Target_Formation_Energy_True,Target_Formation_Energy_Pred,Target_Band_Gap_True,Target_Band_Gap_Pred,Target_Adsorption_Energy_True,Target_Adsorption_Energy_Pred,Target_Bulk_Modulus_True,Target_Bulk_Modulus_Pred,Target_Shear_Modulus_True,Target_Shear_Modulus_Pred
mp-611224,VS2,0.9426,1.0378,0.0952,0.0,0.018,0.018,1.1515,1.0471,0.1044,53.04,54.26,1.22,32.65,18.96,13.69,0.9425926006249998,1.037829709892604,0.0,0.01797532803436722,1.151490873015873,1.0471287455875802,53.045,54.261412179829414,32.645,18.958535885298268
mp-756693,Fe13O15,-1.5706,-1.6054,0.0348,1.2639,1.4275,0.1636,1.5185,1.5618,0.0433,135.57,126.38,9.19,50.59,45.59,5.0,-1.5705676206696435,-1.6053664512332357,1.2639,1.4274515843685842,1.5185259259259258,1.5618248454558463,135.57465791827894,126.38457730547289,50.587102891802445,45.59206708678217
mp-19091,CrO,-1.2725,-1.1463,0.1262,0.0,0.183,0.183,2.6681,2.9581,0.2899,163.74,160.24,3.5,57.17,64.91,7.74,-1.27248,-1.146325154978948,0.0,0.18304196394536165,2.668139492544493,2.958066696566094,163.74,160.2418271319334,57.17,64.90938908993223
mp-1413688,CrS2,-0.5898,-0.2844,0.3054,0.0,0.0824,0.0824,1.0129,1.5496,0.5367,45.59,53.13,7.54,30.87,24.12,6.75,-0.58982,-0.2844057954692905,0.0,0.08244280643539105,1.0129275132275133,1.5495862642366576,45.59,53.1300922879404,30.87,24.117837740044493
mp-1198545,CuN8,0.8524,0.798,0.0544,0.0,0.0,0.0,4.3991,4.182,0.2172,139.24,105.52,33.71,41.47,37.99,3.48,0.8524450000000017,0.7980092420465634,0.0,0.0,4.3991333333333325,4.181973443205637,139.23619999999974,105.52320851499584,41.47297051762549,37.9906031521743
mp-1008929,FeN,0.0945,0.0401,0.0544,0.0,0.0,0.0,2.4812,2.3909,0.0903,300.3,281.8,18.5,46.38,60.68,14.3,0.09449,0.0400576042089756,0.0,0.0,2.4812265295815297,2.3909254530802286,300.3,281.8000767471831,46.38,60.682535751722114
mp-756395,V3O7,-2.319,-2.0021,0.3169,1.0784,1.0024,0.076,4.1307,4.4413,0.3106,120.62,93.67,26.95,63.29,59.62,3.67,-2.3189764974583325,-2.002056699563214,1.0784,1.0024267314658337,4.1307238095238095,4.441319927102418,120.61870826259285,93.67203361668824,63.28782381071477,59.615743969227964
mp-999539,MnO,-1.1788,-1.0282,0.1507,0.0,0.2722,0.2722,1.4429,1.5578,0.1149,184.99,207.54,22.55,54.12,59.24,5.13,-1.17884,-1.0281625772566374,0.0,0.2721520477484185,1.4429183862433863,1.5578181776044318,184.99,207.53540893463133,54.115,59.243568585424775
mp-555569,Cr2S3,-0.7501,-0.8527,0.1026,0.0,0.2384,0.2384,1.1289,0.9178,0.2111,65.7,44.33,21.36,47.05,46.22,0.83,-0.75011,-0.8527366668785766,0.0,0.23835722323362762,1.1289092592592591,0.9178073604362118,65.69899732631583,44.33438824119685,47.04730000000007,46.215785671102665
mp-554278,TiO2,-3.2426,-3.138,0.1046,2.682,2.5765,0.1055,3.674,3.5459,0.1282,189.08,177.66,11.42,65.11,49.47,15.64,-3.24261,-3.1379842045037276,2.682,2.57651116417904,3.6740339947089935,3.5458670818251625,189.08,177.6618029811469,65.11,49.46533684750141
mp-1232897,CrN,-0.4883,-0.5897,0.1014,0.0,0.0,0.0,2.5133,2.302,0.2114,272.17,277.89,5.72,69.7,78.52,8.82,-0.48831,-0.5896963290729952,0.0,0.0,2.5133403703703703,2.3019520961207305,272.17,277.88924784447795,69.7,78.52326780972143
mp-774873,NbS2,-1.0656,-1.1674,0.1019,0.0,0.0792,0.0792,1.0235,1.0364,0.0129,60.68,71.33,10.65,37.25,43.31,6.06,-1.06555,-1.1674098112700781,0.0,0.07916208246019661,1.0235164021164025,1.0363714875427605,60.68,71.3349335225042,37.25,43.31411813886835
mp-10256,VTe,-0.1401,-0.097,0.0431,0.0,0.0,0.0,2.5163,2.9028,0.3865,69.9,79.59,9.69,16.84,25.12,8.28,-0.14009,-0.09702300785888221,0.0,0.0,2.5162954184704187,2.902769380415301,69.9,79.58874804625769,16.84,25.12263307293579
mp-1096917,CrN2,0.1179,-0.2804,0.3983,0.0,0.0,0.0,3.7393,4.4837,0.7444,243.51,234.82,8.69,136.25,116.64,19.61,0.11793,-0.28037071776357997,0.0,0.0,3.739308068783069,4.483678323137095,243.51,234.81795848254518,136.25,116.63929420871537
mp-1014460,Cr3N4,-0.287,-0.6468,0.3597,0.0,0.1738,0.1738,4.6921,4.5526,0.1395,288.77,276.59,12.18,126.46,131.18,4.72,-0.28703,-0.6467563643650014,0.0,0.1737840523650856,4.692120767195767,4.552590346812084,288.77,276.5937934972191,126.46,131.18040212731174
mp-755211,CrO3,-1.674,-1.7957,0.1216,1.543,1.585,0.042,3.7734,3.7584,0.0149,15.0,17.73,2.73,10.0,30.64,20.64,-1.67403,-1.795663680800058,1.543,1.5849919118664233,3.7733821428571424,3.758441411178624,15.0,17.725336669168048,10.0,30.640404268905208
mp-756655,TiO2,-3.17,-3.3839,0.2139,2.396,2.1535,0.2425,3.674,3.3563,0.3178,189.08,165.37,23.71,74.72,66.95,7.77,-3.17003,-3.383929581976491,2.396,2.1534531005245627,3.6740339947089935,3.3562789911748756,189.08,165.36789264155146,74.72,66.95373372009449
mp-1274279,FeO,-1.0041,-0.9462,0.0579,0.0,0.3504,0.3504,1.2282,1.3981,0.17,185.88,173.23,12.65,48.78,50.29,1.5,-1.00407,-0.9461998979505384,0.0,0.3503885287767226,1.228157142857143,1.3981115191834292,185.88,173.22935475832415,48.785,50.28796647161018
mp-1008626,VTe2,-0.2928,-0.4853,0.1924,0.0,0.0755,0.0755,2.5439,2.6282,0.0843,40.11,36.33,3.78,23.69,17.85,5.84,-0.29282,-0.4852563614790894,0.0,0.07549392828213626,2.543914862914863,2.6282283166032534,40.11,36.330712867492856,23.69,17.853434236062526
mp-1426806,TiO2,-3.1211,-3.4168,0.2957,2.2435,2.2968,0.0533,4.0459,4.5071,0.4612,189.08,215.34,26.26,74.72,63.89,10.83,-3.12112,-3.4168267553775564,2.2435,2.2968498174007137,4.045908994708995,4.507083817416739,189.08,215.33629685931044,74.72,63.88718805614346
mp-555664,ZnS,-1.1401,-0.8464,0.2937,2.0207,2.1008,0.0801,1.0705,1.2047,0.1342,72.26,85.72,13.46,32.96,29.93,3.03,-1.1400692143229163,-0.8464059654202158,2.0207,2.1008396892434598,1.0704701058201058,1.2046815877413142,72.25999999999999,85.72171750283033,32.96,29.934832946905665
mp-1028698,WSe2,-0.5246,-0.5774,0.0527,1.092,1.4228,0.3308,0.9057,0.7631,0.1426,17.62,19.84,2.22,12.74,30.41,17.66,-0.52463,-0.5773502340419685,1.092,1.4227500079336628,0.905664947089947,0.7630724413193831,17.617336580945622,19.838891168796234,12.744024272172611,30.408650629484697
mp-22598,In2O3,-2.0243,-2.0169,0.0073,0.9324,1.4242,0.4918,1.6131,2.0086,0.3955,145.18,159.94,14.76,57.62,46.9,10.72,-2.024267296750001,-2.0169223006477544,0.9324000000000005,1.4242286898393526,1.6130759259259262,2.0085533282455685,145.18146267217668,159.93697997279799,57.62370727075968,46.90284902806639
mp-540003,FeO2,-1.2729,-1.5712,0.2983,0.0,0.0,0.0,4.3651,4.6078,0.2427,98.62,115.96,17.34,49.03,49.45,0.42,-1.2729,-1.5711552360010934,0.0,0.0,4.365059259259258,4.607755478024229,98.62,115.95665875295627,49.03,49.44593379478044
mp-510536,MoO2,-2.166,-2.2839,0.118,0.0,0.0463,0.0463,1.5697,1.7186,0.1489,266.0,278.68,12.68,144.04,142.23,1.81,-2.16597,-2.2839369924370496,0.0,0.04634803432745008,1.569664814814815,1.7185580635050794,266.0,278.6753703616328,144.04,142.2278168154775
mp-796240,V3O8,-2.4273,-2.4111,0.0162,0.2296,0.5438,0.3142,3.7393,3.852,0.1127,101.78,95.42,6.35,51.17,56.69,5.52,-2.427290105665213,-2.4110584621459443,0.2296463414634146,0.5438228504789485,3.739308068783069,3.851986453420314,101.77681284626844,95.42354545667077,51.172196504886806,56.69175051154145
mp-1470,Nb12O29,-3.0489,-3.2911,0.2422,0.0,0.0872,0.0872,1.5979,1.1991,0.3988,153.77,164.73,10.96,56.76,28.82,27.94,-3.0489293418597563,-3.291122931039913,0.0,0.08719611838421704,1.5978904761904762,1.199134807443691,153.76670956286097,164.73078302848825,56.76232224068374,28.817609449442035
mp-1001785,MoP,0.0139,0.0843,0.0705,0.0,0.286,0.286,2.7044,2.6068,0.0976,217.12,211.84,5.28,133.89,151.31,17.42,0.01388,0.08433446238829118,0.0,0.2859796728206214,2.7044375396825395,2.60680860216796,217.12,211.8411469469904,133.89,151.30540007039872
mp-1101022,TiO2,-3.1211,-3.2506,0.1295,2.2435,2.3391,0.0956,4.1307,4.1082,0.0225,189.08,194.01,4.93,74.72,85.63,10.91,-3.12112,-3.250607536611245,2.2435,2.339091678613571,4.1307238095238095,4.10818239943351,189.08,194.00696198825275,74.72,85.63118010888155
mp-556207,ZnS,-1.1395,-1.2057,0.0662,2.0323,1.8975,0.1348,1.0705,1.0088,0.0616,72.26,54.34,17.92,32.96,36.05,3.09,-1.1394906942812504,-1.2057100280413564,2.0323,1.8974550731297746,1.0704701058201058,1.008825851287891,72.25999999999999,54.34117365721398,32.96,36.04915309574359
mp-2214725,V5O12,-2.3486,-2.4783,0.1297,0.052,0.0,0.052,3.7588,3.9389,0.18,86.83,91.79,4.96,50.54,71.58,21.04,-2.3486,-2.478306234238558,0.052,0.0,3.7588488095238097,3.9388592309126436,86.83,91.79488224581259,50.54,71.5763522350637
mp-570553,FeP4,-0.3878,-0.0149,0.3728,0.681,0.8236,0.1426,2.1473,2.3865,0.2392,140.59,135.69,4.9,113.81,111.82,1.99,-0.38776,-0.014919703291755626,0.681,0.8235881500978318,2.147296767676768,2.3864682132180914,140.58844749283506,135.6853821268183,113.80659668815836,111.81670103657532
mp-1372094,W2O3,-0.9371,-0.9463,0.0092,0.0224,0.0,0.0224,1.3573,1.1764,0.181,140.31,146.32,6.01,61.24,53.37,7.87,-0.9370670027499998,-0.946315038736037,0.0223999999999993,0.0,1.3573369047619046,1.1763691062910504,140.31301187028487,146.31927975073796,61.24326188217803,53.37395347691039
mp-19457,V6O13,-2.402,-2.6251,0.2231,0.1786,0.3179,0.1393,3.7393,3.5052,0.2341,92.63,82.03,10.6,50.17,57.13,6.95,-2.402044129539473,-2.6251345557959516,0.1785999999999998,0.31786986112231796,3.739308068783069,3.5052499469280707,92.62592321606252,82.02611969613129,50.1747610641049,57.129327766477196
mp-1101099,Ti2S3,-1.5383,-1.3763,0.162,0.0,0.0,0.0,2.3625,2.3636,0.0011,140.46,128.23,12.23,102.44,87.0,15.44,-1.53829,-1.3763266755272061,0.0,0.0,2.362462962962963,2.363555983216982,140.46180000000007,128.22819091238802,102.43599999999992,86.9959225783818
mp-754064,MnP2,-0.424,-0.6805,0.2565,0.0,0.1913,0.1913,2.251,2.1706,0.0804,157.3,145.08,12.22,121.04,112.37,8.67,-0.42401,-0.6805080427743262,0.0,0.1912528837370552,2.250983095238096,2.1705549258769476,157.3,145.07525300301592,121.04,112.37290350301544
mp-1192788,Fe3O4,-1.3431,-1.3068,0.0363,0.0,0.0,0.0,1.5922,2.3061,0.7138,129.74,116.7,13.04,55.55,53.13,2.42,-1.34309,-1.3068012181831308,0.0,0.0,1.5922425925925927,2.3060581232641626,129.74,116.70480945487922,55.55,53.13219167514006
mp-1047381,SnO2,-1.6022,-2.0101,0.4078,0.895,0.9266,0.0316,1.6501,1.1673,0.4828,129.95,154.74,24.79,66.51,61.62,4.89,-1.60225,-2.010050806315486,0.895,0.9265648186795503,1.6501396825396826,1.1673384306035022,129.95,154.73691194108665,66.51,61.6225353374288
mp-1064456,CuO,-0.7426,-1.021,0.2785,0.0,0.0,0.0,5.3257,5.3283,0.0026,162.06,150.05,12.01,35.31,39.38,4.07,-0.74255,-1.02103047325889,0.0,0.0,5.325664550264551,5.328274568015838,162.06,150.0460652786534,35.31,39.380257111935194
mp-2189,CrSe,-0.2732,-0.2394,0.0338,0.0,0.0,0.0,1.1965,0.9704,0.226,63.27,65.97,2.7,22.92,19.44,3.48,-0.27321,-0.23937915677949312,0.0,0.0,1.196453703703704,0.9704143817322805,63.27,65.97270910419536,22.92,19.439110554296125
mp-715923,WO3,-2.38,-2.2352,0.1447,1.233,0.9608,0.2722,3.7751,4.1708,0.3957,199.29,217.47,18.18,101.08,111.46,10.38,-2.37998,-2.235234905316045,1.233,0.9608077111759505,3.775115476190477,4.170802643643537,199.2891985849841,217.47102532539319,101.0802546726966,111.46131817595331
mp-1211453,MoS6,-0.9242,-0.8956,0.0286,0.921,0.8079,0.1131,1.2654,0.8665,0.3989,60.91,49.04,11.88,44.87,47.88,3.01,-0.9242200000000008,-0.8956098068644579,0.9210000000000016,0.8078572689629511,1.2654215608465609,0.8665089640569521,60.91499999999997,49.03558292641408,44.86999999999992,47.87561522525101
mp-647,NbS,-0.9853,-1.0155,0.0302,0.0,0.1792,0.1792,2.7046,2.699,0.0056,178.59,170.54,8.05,106.09,99.25,6.84,-0.98529,-1.015457342300787,0.0,0.17918457613149943,2.704605158730159,2.698974096356206,178.59,170.53701683795043,106.09,99.24895561172066
mp-714931,VO2,-2.0026,-2.0708,0.0681,1.2524,1.2639,0.0115,3.7588,4.3602,0.6014,106.73,89.32,17.41,63.06,67.65,4.59,-2.0026199108333342,-2.0707662881604865,1.2524000000000002,1.2639236862436818,3.7588488095238097,4.360216459606992,106.73,89.32306287239217,63.06,67.65402578648818
mp-1232890,CrN,-0.4883,-0.7976,0.3093,0.0,0.0,0.0,2.5133,2.7953,0.282,272.17,258.63,13.54,69.7,66.25,3.45,-0.48831,-0.7975774634481865,0.0,0.0,2.5133403703703703,2.7953020710609278,272.17,258.6316127396581,69.7,66.24777227126582
mp-1096901,CrN2,0.1179,-0.036,0.1539,0.0,0.0788,0.0788,3.7393,3.6717,0.0676,243.51,213.61,29.9,136.25,141.18,4.93,0.11793,-0.0359693911017062,0.0,0.07880688128946693,3.739308068783069,3.6717098031384663,243.51,213.6061275665415,136.25,141.18490340491314
mp-7459,Te2Mo,-0.2289,-0.3297,0.1008,0.0,0.2453,0.2453,2.4955,1.9347,0.5609,49.01,66.42,17.41,25.47,27.74,2.27,-0.22889,-0.3297072393464858,0.0,0.24526112770627173,2.4955361111111114,1.9346795951020361,49.01,66.41722497057442,25.47,27.744859591512963
mp-22309,CoSe2,-0.2985,-0.0885,0.21,0.0,0.0,0.0,2.1575,1.6538,0.5037,99.2,100.56,1.36,66.11,65.54,0.56,-0.29853,-0.0885280668103296,0.0,0.0,2.157489466089466,1.6537876675707306,99.19706859505207,100.56122182537673,66.10741495905965,65.54469390351416
mp-1207792,VO3,-2.4273,-2.3634,0.0639,0.2296,0.0818,0.1478,3.7393,4.2003,0.461,101.78,132.95,31.17,51.17,40.04,11.14,-2.427290105665213,-2.3634051853670477,0.2296463414634146,0.08181401707457886,3.739308068783069,4.200345508789907,101.77681284626844,132.94990597354123,51.172196504886806,40.03672856140444
mp-1178827,V3O8,-2.4273,-2.7948,0.3675,0.2296,0.0,0.2296,3.7393,4.0915,0.3522,101.78,87.93,13.84,51.17,52.58,1.41,-2.427290105665213,-2.794823462610289,0.2296463414634146,0.0,3.739308068783069,4.0915115722935385,101.77681284626844,87.93227173159481,51.172196504886806,52.5827356670386
mp-971911,ZnN,0.5071,0.567,0.0599,0.0,0.1939,0.1939,4.9767,5.1073,0.1306,126.38,116.96,9.42,25.47,41.72,16.24,0.50707,0.5669545267950238,0.0,0.1939053789407949,4.976688888888888,5.107316298178885,126.38177882557235,116.95716974774065,25.47385577169632,41.71693744694174
mp-1200568,ZnS,-0.8853,-0.9706,0.0853,2.097,1.6469,0.4501,1.0718,1.3939,0.3221,72.26,57.17,15.09,32.96,20.18,12.78,-0.88529,-0.9706341800742344,2.097,1.6469022363073111,1.0717558201058202,1.3938541487032519,72.25999999999999,57.1666647239283,32.96,20.178746764484252
mp-777129,TiO2,-3.4707,-3.6159,0.1451,3.3083,3.2649,0.0434,3.674,4.0201,0.3461,189.08,190.05,0.97,74.72,73.97,0.75,-3.4707420532407416,-3.6158514930745147,3.3083,3.264851127224645,3.6740339947089935,4.020108953400845,189.08,190.04611390729258,74.72,73.96502374897847
mp-1100925,V7S8,-1.0,-0.8812,0.1188,0.0,0.0589,0.0589,2.4524,2.5913,0.1389,137.83,134.99,2.84,76.76,64.95,11.82,-0.999995,-0.8812150299012256,0.0,0.05885234780989503,2.452413095238095,2.5912948464649377,137.83220000000014,134.99327376568255,76.76109842511612,64.94546405128492
mp-1096968,CrN2,0.1179,0.3226,0.2047,0.0,0.0857,0.0857,3.7393,3.8993,0.16,243.51,235.82,7.69,136.25,136.04,0.21,0.11793,0.3225823180851369,0.0,0.08570973367677341,3.739308068783069,3.8992634097934205,243.51,235.81569091830926,136.25,136.03869593295752
mp-1397283,MnS2,-0.4701,-0.2858,0.1842,0.0,0.2509,0.2509,1.0821,1.0095,0.0726,40.3,26.73,13.57,12.88,3.52,9.37,-0.47007,-0.28583901472148315,0.0,0.2509029923784399,1.0820904761904764,1.0095153506971435,40.295,26.726868436460393,12.885,3.5193706966464635
mp-1186234,NbSe2,-0.8477,-1.0261,0.1783,0.0,0.0369,0.0369,1.0335,0.6803,0.3532,15.0,45.31,30.31,10.0,-0.9,10.9,-0.84773,-1.0260756082641482,0.0,0.03691824288012475,1.0335164021164025,0.6803349009069386,15.0,45.305758280604465,10.0,-0.9046357164677712
mp-20839,Ni4N,1.9719,1.9021,0.0698,0.0,0.0,0.0,1.8747,2.047,0.1723,86.43,83.19,3.24,10.0,7.83,2.17,1.97194,1.9021330626149358,0.0,0.0,1.87470171957672,2.047000606542357,86.43,83.18780369838089,10.0,7.832495352971536
mp-557057,NbO2,-2.6477,-2.5864,0.0614,0.22,0.0078,0.2122,1.5901,2.0516,0.4614,174.21,175.49,1.28,40.06,18.97,21.09,-2.64773,-2.5863752058539453,0.22,0.007830631816470063,1.5901366402116404,2.0515856112430826,174.21,175.4857937946855,40.06,18.968131903215042
mp-1439,TiO2,-3.2496,-3.0564,0.1933,2.567,2.2232,0.3438,3.674,3.3057,0.3684,216.11,207.71,8.4,90.25,106.43,16.18,-3.24965,-3.0563540742029454,2.567,2.2232272184127173,3.6740339947089935,3.3056620279805355,216.11,207.7057553724352,90.25,106.42929879149503
mp-7007,NbSe2,-0.8528,-0.9575,0.1046,0.0,0.0,0.0,1.218,0.6627,0.5553,49.92,51.36,1.44,27.69,16.78,10.91,-0.85284,-0.9574530797262507,0.0,0.0,1.217979761904762,0.6626880867297629,49.92,51.35989961451154,27.69,16.779635456069766
mp-565700,Ti8O15,-3.4624,-3.5069,0.0445,0.0,0.0,0.0,4.3738,4.1962,0.1776,171.39,185.69,14.3,75.87,68.76,7.12,-3.462382963134058,-3.506887652424171,0.0,0.0,4.373832804232804,4.196239696502211,171.39219797337716,185.69276451667244,75.87453507114749,68.75692264908642
mp-1096914,CrN2,0.0668,-0.1663,0.233,0.0,0.1316,0.1316,3.7393,3.6024,0.1369,243.51,220.76,22.75,136.25,138.04,1.79,0.06677,-0.16627804506203175,0.0,0.1316019796981411,3.739308068783069,3.6024460946609635,243.51,220.76402773824395,136.25,138.03913817114685
mp-754556,Nb3N5,-0.8974,-1.1489,0.2515,0.746,0.6669,0.0791,1.3613,1.5835,0.2221,326.09,310.2,15.89,198.34,168.78,29.56,-0.89745,-1.1489026765966306,0.746,0.6668715083951032,1.3613338624338625,1.5834500340927353,326.0882999999996,310.20105372578826,198.33878368878203,168.7789304321242
mp-739,TiP,-1.2275,-1.0675,0.1599,0.0,0.0,0.0,2.3965,2.3865,0.01,137.79,98.33,39.46,95.45,75.69,19.76,-1.22746,-1.0675484644311923,0.0,0.0,2.39650462962963,2.3864873125465467,137.79,98.33449643552117,95.45,75.69323948791694
mp-685124,Ni19Se20,-0.2424,0.0288,0.2713,0.0,0.0342,0.0342,2.2096,2.6204,0.4108,117.09,121.69,4.6,28.52,19.63,8.89,-0.2424342120993583,0.028823444481988286,0.0,0.03416622079840543,2.2095689153439158,2.6204057807096577,117.09430000000026,121.69255840454133,28.51580280692633,19.628481513882004
mp-571193,MnP4,-0.3633,-0.3846,0.0212,0.5601,0.4428,0.1173,2.1452,2.3366,0.1914,136.74,150.59,13.86,115.14,100.46,14.68,-0.3633229407261908,-0.38455371326498894,0.5601000000000003,0.44283045448035263,2.145196767676768,2.336574022320473,136.73845882538177,150.59378418194854,115.13532746383868,100.45812934864054
mp-1009820,SnC,0.7856,0.9846,0.199,0.748,0.9002,0.1522,2.4464,2.3002,0.1463,123.83,160.05,36.22,89.54,98.55,9.01,0.7856,0.984627484170164,0.748,0.9002439102592449,2.446431847041847,2.300170700255685,123.83,160.04969075112518,89.54,98.54665594102474
mp-555487,SnO2,-1.7857,-1.7181,0.0676,0.964,0.8632,0.1008,1.5355,1.6716,0.136,129.95,123.97,5.98,66.51,60.81,5.7,-1.78566,-1.7180852644786067,0.964,0.8631825260402762,1.535532142857143,1.671558566215253,129.95,123.96622020553552,66.51,60.81216869121371
mp-555293,NbS2,-1.4506,-1.5892,0.1386,0.0,0.0356,0.0356,1.1679,1.0145,0.1534,15.0,16.96,1.96,10.0,8.89,1.11,-1.4506494627083342,-1.589246185644059,0.0,0.03561066548897461,1.1678686507936509,1.0144788382948664,15.0,16.95868080035293,10.0,8.890604738166896
mp-557346,ZnS,-1.1397,-1.0722,0.0675,2.0266,2.2415,0.2149,1.0705,1.2825,0.212,72.26,61.8,10.46,32.96,19.92,13.04,-1.1396947750868054,-1.0721692745914675,2.0266,2.2415241071365077,1.0704701058201058,1.282472677337554,72.25999999999999,61.79677451561234,32.96,19.91969556603926
mp-755189,FeO,-1.0041,-0.6956,0.3085,0.0,0.1865,0.1865,1.452,1.6617,0.2097,185.88,169.49,16.39,48.78,60.26,11.47,-1.00407,-0.6955826019879912,0.0,0.1865307191234641,1.4520175925925929,1.6616978759606051,185.88,169.48627925259962,48.785,60.256519134842776
mp-28034,Cu2P7,-0.1132,-0.127,0.0138,0.776,0.4381,0.3379,2.2785,2.6053,0.3268,87.33,86.08,1.25,51.73,69.51,17.77,-0.11319,-0.12701070824453162,0.776,0.4381058031719851,2.2785074819624818,2.6053357673098643,87.33416336590037,86.0809711471518,51.73498782735065,69.50936166059628
mp-999516,MnP,-0.431,-0.117,0.3139,0.0,0.2642,0.2642,2.2311,1.9267,0.3044,160.57,168.19,7.62,65.36,75.38,10.02,-0.43098,-0.11704379054131059,0.0,0.26415079533643626,2.231149148629149,1.9267050429674877,160.57,168.19158569006603,65.36,75.37894110826736
mp-849071,Cr3S4,-0.7259,-1.2689,0.543,0.0,0.0,0.0,2.1048,1.6553,0.4495,66.38,42.73,23.65,48.05,47.42,0.63,-0.72593,-1.268906212418326,0.0,0.0,2.1047505772005777,1.6552849160257936,66.38,42.728628052554775,48.05,47.417772069365896
mp-2070,CoS2,-0.45,-0.2881,0.1618,0.0,0.0,0.0,2.1512,2.0236,0.1277,124.03,166.89,42.86,74.18,73.8,0.38,-0.44998,-0.288148232892831,0.0,0.0,2.1512431962481964,2.023550701037879,124.03,166.88886597596945,74.18,73.79634871519954
mp-555151,ZnS,-1.1399,-1.1286,0.0113,2.0245,2.0391,0.0146,1.0705,1.0905,0.0201,72.26,87.96,15.7,32.96,32.33,0.63,-1.1399271052455364,-1.1285848809704673,2.0245,2.0391240314055668,1.0704701058201058,1.090528142614466,72.25999999999999,87.9626869583193,32.96,32.33161627969394
mp-556989,ZnS,-1.1394,-1.2071,0.0677,2.0305,2.1384,0.1079,1.0705,0.6748,0.3957,72.26,92.76,20.5,32.96,28.09,4.87,-1.1393974453645836,-1.2071145164585255,2.0305,2.138445383324919,1.0704701058201058,0.6747862115989849,72.25999999999999,92.76058255635738,32.96,28.08885577092437
mp-2533,NbO2,-2.6212,-2.6089,0.0123,0.0,0.1032,0.1032,1.4126,1.7618,0.3491,235.0,246.13,11.13,96.0,93.19,2.81,-2.62116,-2.608852465036834,0.0,0.10317295798503344,1.4126181216931215,1.7617676722133593,235.0,246.12588945619564,96.0,93.19194502459463
mp-1206498,MoO4,-1.9041,-2.3176,0.4135,0.4732,0.2135,0.2597,4.2939,3.9254,0.3684,105.76,112.79,7.03,49.58,56.15,6.57,-1.9041184799579585,-2.3176326226042745,0.4731763157894733,0.21350857545898333,4.293866666666666,3.9254397125532194,105.7585142806046,112.78875757011019,49.57942690435033,56.15274590851533
mp-604908,CoSe,-0.2574,-0.3089,0.0515,0.0,0.5846,0.5846,1.1478,1.0601,0.0877,45.13,33.53,11.6,26.4,24.62,1.78,-0.25744,-0.3089101238520797,0.0,0.5845899131234077,1.147775925925926,1.0600648421599286,45.13,33.52651177991096,26.4,24.623675511538394
mp-1422029,MnS2,-0.4701,-0.4034,0.0666,0.0,0.0245,0.0245,1.1322,0.9702,0.162,40.3,48.29,8.0,12.88,35.19,22.3,-0.47007,-0.4034216132829598,0.0,0.024544205868527756,1.1322015873015874,0.9701942815173155,40.295,48.29097668783464,12.885,35.185376717048776
mp-714885,VO,-1.7074,-1.4112,0.2962,0.0,0.0996,0.0996,2.7441,2.1593,0.5848,236.54,253.18,16.65,41.06,37.89,3.17,-1.70742,-1.4112490660896384,0.0,0.0995548005084391,2.7440588047138044,2.1593039543245274,236.535,253.180491808908,41.06,37.88896949562701
mp-505531,FeS,-0.5813,-0.6939,0.1126,0.0,0.1529,0.1529,1.0845,0.9909,0.0936,65.81,44.87,20.94,39.41,34.16,5.25,-0.5813,-0.6939194656518478,0.0,0.1529389929264767,1.084464814814815,0.9908939789864412,65.81,44.86887733240049,39.41,34.16442872706291
mp-1405065,MoS2,-0.9242,-1.0963,0.1721,0.921,0.5498,0.3712,2.5532,2.4608,0.0924,60.92,47.39,13.52,44.87,40.39,4.48,-0.92422,-1.0962737194149699,0.921,0.54981718777752,2.5532064814814817,2.4607741652209008,60.915000000000006,47.39279255271323,44.870000000000005,40.38651390287865
mp-966800,InP,-0.2171,-0.3263,0.1092,0.375,0.5922,0.2172,1.0788,0.9975,0.0814,59.49,79.06,19.57,30.37,28.1,2.27,-0.21708,-0.3263177663577197,0.375,0.5922277848074676,1.0788302910052912,0.9974801929734546,59.49,79.05733708116546,30.37,28.09594776721339
mp-556155,ZnS,-1.1398,-0.9588,0.181,2.0257,1.7183,0.3074,1.0705,1.313,0.2425,72.26,35.69,36.57,32.96,35.22,2.26,-1.1397547955312504,-0.9587754337100762,2.0257000000000005,1.7182953641956247,1.0704701058201058,1.3129635474343155,72.25999999999999,35.69293926251857,32.96,35.2220854478579
mp-849689,FeO,-1.5928,-1.532,0.0608,1.161,1.1966,0.0356,1.6524,1.5972,0.0551,185.88,163.05,22.83,48.78,67.0,18.22,-1.5928052881249997,-1.5319649872140646,1.1609999999999996,1.1965869778691163,1.6523537037037035,1.5972156196298082,185.88,163.0469116080244,48.785,67.00092969789966
mp-1238834,VC,-0.0642,-0.1792,0.115,0.0,0.0,0.0,2.7786,2.5493,0.2293,295.52,299.63,4.11,98.44,107.99,9.55,-0.0641849999999999,-0.17915747629723056,0.0,0.0,2.7786282010582006,2.5493438720921326,295.515,299.6282814686554,98.44,107.98740560563604
mp-18922,Mn5O8,-1.9493,-1.8507,0.0986,0.4947,0.559,0.0643,4.6576,4.8749,0.2173,136.41,152.03,15.63,52.62,57.96,5.34,-1.9493028534461525,-1.850675831778859,0.4946999999999999,0.5590300388733721,4.657578439153439,4.874916840668944,136.4053022174678,152.03472232122402,52.6233883150242,57.96042880284691
mp-30524,Ti6O11,-3.4515,-3.4381,0.0134,0.0,0.0073,0.0073,4.3738,4.0832,0.2906,171.39,148.51,22.88,75.89,82.75,6.86,-3.451462563161764,-3.4380662171610052,0.0,0.007321632323831634,4.373832804232804,4.083219464777693,171.39219797337716,148.51391361530492,75.89194021492814,82.74725907237645
mp-25210,NiO2,-0.8327,-0.6409,0.1919,0.754,1.01,0.256,4.7548,5.0352,0.2804,108.26,93.81,14.45,62.12,53.81,8.31,-0.83274,-0.6408571390722579,0.754,1.0099819946046582,4.754766666666666,5.035156727903035,108.26,93.81208226760069,62.12,53.81224339934271
mp-25302,CrO2,-1.9052,-2.0554,0.1503,0.0,0.2087,0.2087,4.1307,4.1431,0.0124,93.81,120.09,26.28,50.96,45.88,5.08,-1.90518,-2.0554359851220694,0.0,0.2087495560827343,4.1307238095238095,4.143076428210757,93.81,120.09319105280301,50.96,45.87907047769517
mp-1041984,SnO2,-1.6022,-1.6758,0.0736,0.895,0.9029,0.0079,1.1577,0.9131,0.2446,129.95,169.41,39.46,66.51,65.43,1.08,-1.60225,-1.675835228227684,0.895,0.9029162778852068,1.1577150793650794,0.9130809914724259,129.95,169.40782677404366,66.51,65.4276658523691
mp-1120722,CuO,-0.7319,-0.8187,0.0868,0.0,0.0,0.0,5.3257,5.2444,0.0813,157.77,129.11,28.66,35.2,55.64,20.44,-0.73194,-0.8187229941878803,0.0,0.0,5.325664550264551,5.244365475114377,157.77,129.11101841244775,35.2,55.638764602745454
mp-566801,VO2,-2.1236,-2.4298,0.3062,0.79,0.7419,0.0481,3.7393,4.0166,0.2773,106.73,112.0,5.27,63.06,70.83,7.77,-2.12361,-2.4298042019409634,0.79,0.7419125387382571,3.739308068783069,4.016617613088052,106.73,112.00366175655577,63.06,70.82536903591772
mp-1096922,CrN2,0.1179,0.1721,0.0542,0.0,0.1473,0.1473,3.7393,3.9545,0.2152,243.51,242.33,1.18,136.25,143.44,7.19,0.11793,0.1720878993963155,0.0,0.14732257969228152,3.739308068783069,3.9544614628090393,243.51,242.328415456457,136.25,143.43766013552346
mp-756478,WO3,-2.1414,-2.0944,0.047,0.358,0.3072,0.0508,3.7751,3.5591,0.216,166.14,171.29,5.15,73.24,65.07,8.17,-2.14141,-2.0944329912864035,0.358,0.3071727313667227,3.775115476190477,3.5591349057759167,166.135,171.2879886643546,73.245,65.07210515043202
mp-1047895,Mo4O9,-1.9773,-1.9827,0.0054,0.0,0.0,0.0,1.5272,1.1256,0.4017,87.11,90.27,3.16,39.29,33.5,5.8,-1.9773085470192309,-1.9827453396028212,0.0,0.0,1.5272359788359786,1.1255653824753664,87.10751661475871,90.27249117788304,39.29210280209245,33.496069471240396
mp-1209929,NiO3,-0.2833,-0.3378,0.0545,0.0,0.122,0.122,4.3651,4.3803,0.0152,130.56,123.97,6.59,49.65,57.02,7.37,-0.28327,-0.3377945865012049,0.0,0.12197606715662128,4.365059259259258,4.380286943952943,130.56,123.96680983846902,49.65,57.01986926736076
mp-1205462,Ti3O7,-3.1769,-3.4732,0.2963,0.9793,0.8407,0.1386,3.674,4.0527,0.3787,148.16,177.91,29.75,70.2,65.81,4.39,-3.176851214031426,-3.4731860624084607,0.9792923076923056,0.8406662736316821,3.6740339947089935,4.052701823325888,148.16179787608834,177.90877499514937,70.19764055682532,65.80856120495235
mp-581405,ZnS,-1.1399,-1.2326,0.0926,2.0207,2.3926,0.3719,1.0718,1.2022,0.1304,72.26,86.2,13.94,32.96,41.99,9.03,-1.139927730531251,-1.2325547933626155,2.0207,2.3925870757711025,1.0717558201058202,1.202169441196847,72.25999999999999,86.20491827460226,32.96,41.98621899735444
mp-624689,V2O5,-2.3279,-2.4046,0.0767,1.843,1.7144,0.1286,3.7734,3.2499,0.5235,101.72,121.26,19.53,40.3,47.02,6.72,-2.32789,-2.4045577723006555,1.843,1.7144040354128598,3.7733821428571424,3.249883525592665,101.725,121.25651783524847,40.3,47.023361763583665
mp-754765,FeO,-1.0041,-1.1749,0.1708,0.0,0.0,0.0,1.3688,1.4995,0.1307,185.88,181.82,4.06,48.78,45.27,3.51,-1.00407,-1.1748506891476238,0.0,0.0,1.368776851851852,1.4994826064007605,185.88,181.81948279833435,48.785,45.274103877997014
mp-10204,MnSe,-0.2778,-0.3173,0.0395,0.0,0.0,0.0,1.1286,1.737,0.6084,51.76,63.52,11.76,21.13,34.05,12.92,-0.27778,-0.3172933381665137,0.0,0.0,1.1286267195767197,1.7369811461729134,51.76,63.52433958262229,21.13,34.052514316805706
mp-581601,ZnS,-1.1298,-1.0535,0.0763,2.0265,1.6488,0.3777,1.0718,1.1503,0.0786,72.26,60.59,11.67,32.96,31.67,1.29,-1.1297726499479177,-1.053511867718541,2.0265,1.6487626063789327,1.0717558201058202,1.1503175265511612,72.25999999999999,60.5864822231816,32.96,31.6724342224248
mp-561258,ZnS,-0.8863,-0.5065,0.3798,2.095,2.0316,0.0634,1.0705,1.2454,0.1749,69.64,89.57,19.93,33.76,38.51,4.75,-0.88633,-0.506545811290729,2.095,2.031635776624054,1.0704701058201058,1.2453683776333058,69.64197298734038,89.57225706672571,33.75918225826361,38.50978083840979
mp-1096966,CrN2,0.1179,0.1472,0.0293,0.0,0.103,0.103,3.7393,3.7094,0.0299,243.51,203.36,40.15,136.25,137.08,0.83,0.11793,0.1471974665606793,0.0,0.10304798250428678,3.739308068783069,3.70937116658288,243.51,203.35709857237708,136.25,137.07933981886453
mp-1217121,Ti3S4,-1.4482,-1.4019,0.0463,0.0,0.3171,0.3171,2.3203,2.6809,0.3607,105.76,129.66,23.9,67.63,89.11,21.48,-1.44817,-1.4019107487965554,0.0,0.31707789288181476,2.320262962962963,2.6809148059071553,105.75732237284164,129.6605019362969,67.62852721099485,89.10812366422877
mp-1047639,CoO2,-0.9853,-1.0071,0.0217,0.0,0.1319,0.1319,4.3651,4.5752,0.2101,111.83,124.3,12.47,61.69,65.56,3.87,-0.98533,-1.0070595938517166,0.0,0.13189598990791745,4.365059259259258,4.575200679997577,111.83,124.29965178923884,61.69,65.55974810321797
mp-1047616,WO2,-1.6825,-2.0819,0.3994,0.0,0.0,0.0,1.6002,1.9906,0.3904,81.07,50.84,30.23,10.0,22.13,12.13,-1.68248,-2.0819052024184788,0.0,0.0,1.6002145502645504,1.990576738281407,81.07,50.83616775317981,10.0,22.12551360660498
mp-982778,Zn3Se,0.1431,0.1311,0.0119,0.0,0.0,0.0,1.7057,1.6739,0.0318,98.92,117.03,18.11,11.15,11.08,0.08,0.1430621378515626,0.13114844857044555,0.0,0.0,1.7056970899470898,1.6738692544336995,98.92214011638607,117.03213474598998,11.153929474628626,11.077978508465643
mp-754800,Ni3O4,-0.8366,-0.8307,0.0059,0.0,0.0,0.0,1.9947,2.1188,0.1241,144.43,149.77,5.34,78.27,65.99,12.28,-0.8365750000000001,-0.8307245453259627,0.0,0.0,1.994695238095238,2.1188237823025595,144.42858972481386,149.77107664402763,78.27113997023703,65.9879468011326
mp-685055,CrTe2,-0.1704,0.3276,0.498,0.0,0.0003,0.0003,2.3308,2.1284,0.2024,34.19,28.79,5.4,18.65,24.49,5.84,-0.17037,0.3275883507997933,0.0,0.0002714965012904559,2.330836291486292,2.1284091100314217,34.19,28.792658630349546,18.65,24.493142446927536
mp-1217167,Ti3N4,-1.4739,-1.5198,0.0459,0.0,0.0,0.0,2.717,2.7951,0.0782,285.06,271.59,13.48,185.74,169.33,16.41,-1.47388,-1.5197571757387964,0.0,0.0,2.716989021164021,2.795145271032277,285.0606000000002,271.5853342478285,185.74159999999983,169.33129086247624
mp-690346,WO3,-2.2807,-2.2255,0.0553,0.579,0.9501,0.3711,3.7751,3.7152,0.0599,166.14,154.1,12.04,73.24,61.34,11.91,-2.28072,-2.225450702999347,0.579,0.9500823205784146,3.775115476190477,3.715231168473839,166.135,154.09656055111842,73.245,61.335242160489976
mp-554630,ZnS,-1.1396,-1.1532,0.0136,2.0318,1.9633,0.0685,1.0705,0.8756,0.1949,72.26,103.05,30.79,32.96,16.49,16.47,-1.1396350420312498,-1.1532275613217908,2.0318,1.96325257456965,1.0704701058201058,0.8755974309008342,72.25999999999999,103.05330824714726,32.96,16.493598934532137
mp-25332,FeO2,-1.2729,-1.5187,0.2458,0.0,0.0,0.0,4.3651,4.3763,0.0113,98.62,92.99,5.63,49.03,47.89,1.14,-1.2729,-1.51871515363956,0.0,0.0,4.365059259259258,4.376348883771307,98.62,92.98596098613999,49.03,47.8875535879648
mp-637576,Mn4N,1.8105,2.038,0.2276,0.0,0.0179,0.0179,1.506,0.9774,0.5286,176.78,145.55,31.24,48.05,44.17,3.88,1.81048,2.038032381507668,0.0,0.017897638675338536,1.5059757936507936,0.9774164020248125,176.78364944940145,145.5485411054066,48.04749207185981,44.166170856817814
mp-27164,FeP4,-0.3864,-0.2389,0.1475,0.89,0.8095,0.0805,2.1473,1.8019,0.3454,138.0,153.92,15.92,112.0,105.9,6.1,-0.38643,-0.23892713799279208,0.89,0.8095230036563952,2.147296767676768,1.8019419007229454,138.0,153.9217247372396,112.0,105.90115096998827
mp-556576,ZnS,-1.1274,-0.9719,0.1555,2.0639,2.1097,0.0458,1.0718,1.4196,0.3479,72.26,39.47,32.79,32.96,32.42,0.54,-1.1273611664062502,-0.9718513176403439,2.0639000000000003,2.1096502168490283,1.0717558201058202,1.4196148309063852,72.25999999999999,39.46987643917389,32.96,32.42404355402579
mp-1016070,CrN2,-0.1377,-0.3304,0.1927,0.0858,0.1386,0.0528,3.7393,3.6879,0.0515,243.51,270.39,26.88,136.25,134.6,1.65,-0.1376624965866639,-0.3303780617206361,0.0858000000000001,0.13863089650411764,3.739308068783069,3.6878504584155825,243.51,270.3854888533411,136.25,134.60052174035263
mp-776873,Cr2O3,-2.3162,-2.0355,0.2808,1.7751,1.9442,0.1691,5.1137,4.4374,0.6763,67.47,76.02,8.55,45.45,41.64,3.8,-2.3162498394999984,-2.0354584265830447,1.7751,1.9442004066180052,5.113717989417989,4.437423886921499,67.47474741233617,76.02062148134898,45.44515651784407,41.64177503939928
mp-510080,Fe2O3,-1.3454,-1.6389,0.2936,0.0,0.0,0.0,1.4994,1.2306,0.2688,228.76,248.62,19.86,46.48,55.09,8.61,-1.34535,-1.6389161808939605,0.0,0.0,1.499427777777778,1.2306360401741914,228.76,248.61894999756652,46.475,55.08874761914105
mp-978855,Sn3B,0.9106,1.0243,0.1137,0.0,0.2926,0.2926,2.269,2.5336,0.2646,58.0,84.22,26.22,10.0,-31.62,41.62,0.91059,1.0242872978731263,0.0,0.2926019942391838,2.269009523809524,2.533627195204985,58.0,84.22041609593367,10.0,-31.61506268435054
mp-715572,Fe2O3,-1.8862,-1.4441,0.4421,2.019,2.0023,0.0167,1.465,1.5428,0.0778,178.33,169.05,9.28,78.68,92.18,13.5,-1.886165127750001,-1.444070164021737,2.019,2.0022839257875584,1.4649925925925926,1.5427600972629878,178.32579182791255,169.04861851819342,78.67579394068271,92.17782319410031
mp-1096928,CrN2,0.1179,-0.0914,0.2093,0.0,0.0,0.0,3.7393,2.8066,0.9327,243.51,248.93,5.42,136.25,150.99,14.74,0.11793,-0.091403876433939,0.0,0.0,3.739308068783069,2.8066037466656066,243.51,248.9301195583732,136.25,150.98796528274175
mp-556395,ZnS,-0.886,-1.0085,0.1225,2.096,1.8839,0.2121,1.0705,0.833,0.2375,72.26,44.99,27.27,32.96,41.54,8.58,-0.88604,-1.008494921535902,2.096,1.883925204924797,1.0704701058201058,0.8329526035252016,72.25999999999999,44.991864462311696,32.96,41.53823110781963
mp-1062939,CoO2,-0.9753,-0.9613,0.0139,0.0,0.2521,0.2521,4.3651,4.7821,0.4171,107.1,126.68,19.58,54.08,69.66,15.58,-0.97527,-0.961346567534422,0.0,0.25207952429850644,4.365059259259258,4.78214095154755,107.1,126.67757618555726,54.08,69.65516556605911
mp-755489,MnO2,-1.7473,-1.8569,0.1096,0.3535,0.3412,0.0123,3.9177,4.048,0.1303,97.17,84.87,12.3,53.63,42.26,11.37,-1.74728,-1.8568697170959163,0.3535,0.3412087750537934,3.917693253968254,4.048003389600811,97.17,84.87090806522117,53.63,42.26445573331121
mp-753829,Cr2O3,-2.0876,-2.4117,0.324,0.556,0.8023,0.2463,4.7223,4.8962,0.1739,152.07,155.7,3.62,62.64,63.58,0.94,-2.08761,-2.411651161642579,0.556,0.8022855481854295,4.722302248677249,4.896168454242241,152.07218221406958,155.69538765719525,62.64363794442057,63.58188431911609
mp-1226086,Cr5Te6,-0.0799,-0.0724,0.0076,0.0015,0.1865,0.185,2.106,1.7257,0.3802,31.91,22.6,9.31,16.78,4.59,12.19,-0.0799238809374998,-0.07236697637768183,0.0014749999999999,0.18651045845744238,2.105954743867244,1.7257479480359181,31.9068838902616,22.599249137472,16.77912091330503,4.586661274771522
mp-224,WS2,-0.8948,-1.1188,0.224,0.718,0.7627,0.0447,1.0481,1.3837,0.3356,74.31,30.23,44.08,52.53,67.34,14.81,-0.89481,-1.118840973262605,0.718,0.7626799180078776,1.0481137566137566,1.3836737044094773,74.31,30.233299165704146,52.53,67.33864490860671
mp-622497,V3O5,-2.5209,-2.4304,0.0905,0.9893,0.8835,0.1058,1.5226,1.3771,0.1456,184.85,194.19,9.33,84.56,84.68,0.12,-2.52091804046875,-2.4304159814692015,0.9892999999999996,0.8834604125260216,1.522633068783069,1.3770646821298227,184.85402103012748,194.18897596817231,84.55556493711946,84.6799273446503
mp-1101463,Ti11O14,-3.1136,-3.3084,0.1948,0.0,0.0102,0.0102,2.7651,2.9501,0.185,120.07,110.44,9.63,68.99,64.48,4.51,-3.113637004833333,-3.308407981514958,0.0,0.010153444885934292,2.765068809523809,2.950117941789858,120.0718449258082,110.44252624497514,68.99152579757326,64.48170216227496
mp-1278937,CoO2,-0.9853,-0.6744,0.3109,0.0,0.02,0.02,4.3846,4.5154,0.1308,111.83,106.91,4.92,61.69,71.95,10.26,-0.98533,-0.6744060679484143,0.0,0.020025374281896897,4.384599999999999,4.515372687326981,111.83,106.90676599823603,61.69,71.94695875527377
mp-1096918,CrN2,0.1179,-0.049,0.1669,0.0,0.0,0.0,3.7393,3.4939,0.2454,243.51,241.45,2.06,136.25,146.88,10.63,0.11793,-0.048954807803424885,0.0,0.0,3.739308068783069,3.493885419730971,243.51,241.4460835966411,136.25,146.87931093306938
mp-720166,V2O5,-2.3917,-2.4641,0.0724,1.642,2.0527,0.4107,3.7734,4.1414,0.368,101.72,106.36,4.63,40.3,51.26,10.96,-2.39171,-2.4641482865765365,1.642,2.0527420205041356,3.7733821428571424,4.141367538190029,101.725,106.35880993843251,40.3,51.261549408427655
mp-560190,Mo8O23,-2.0345,-1.8744,0.1601,0.577,0.396,0.181,3.9365,4.2446,0.308,125.34,96.88,28.46,65.45,52.26,13.19,-2.034542811774193,-1.874428250454621,0.5769999999999997,0.3960374924479738,3.936525,4.244563176195377,125.33929999999997,96.8839821858947,65.44714423073601,52.25544153953857
mp-565203,Mn2O3,-2.028,-2.2866,0.2586,0.1088,0.0063,0.1025,1.5598,1.8803,0.3205,150.11,160.15,10.03,51.17,51.96,0.78,-2.028022781759,-2.28657293633753,0.1088,0.006270331637409907,1.5598128306878307,1.8802854737240633,150.1147697439831,160.14557008896162,51.17092144275271,51.95513502416246
mp-19094,VO2,-2.4843,-2.4442,0.0401,0.9837,1.2639,0.2802,3.9824,3.6966,0.2858,233.06,242.64,9.58,118.71,121.55,2.84,-2.484274234166667,-2.444177145971374,0.9837000000000002,1.2638828181817205,3.982417063492064,3.6966064881080105,233.0574742138792,242.63761195779,118.7103029314201,121.55407580467656
mp-9339,NbP,-0.9816,-0.7204,0.2612,0.0,0.2635,0.2635,2.6561,2.8629,0.2068,185.84,190.13,4.29,111.01,112.41,1.4,-0.98159,-0.7203868738727014,0.0,0.26351225335440187,2.6561242063492068,2.862895804951817,185.84,190.1295022788114,111.01,112.40520575726644
mp-2779,FeS,-0.3736,-0.7092,0.3357,0.0,0.0,0.0,2.3138,2.1259,0.1879,163.18,172.22,9.05,80.78,91.45,10.68,-0.37356,-0.709237173069174,0.0,0.0,2.313789267676768,2.1259200221510524,163.175,172.22019972888322,80.775,91.45368777276894
mp-556280,ZnS,-1.1398,-1.1084,0.0313,2.0261,2.122,0.0959,1.0705,1.1883,0.1178,72.26,57.8,14.46,32.96,52.62,19.66,-1.1397543217812505,-1.1084274981746236,2.0261,2.1220207441961656,1.0704701058201058,1.1883082983364952,72.25999999999999,57.80169681723683,32.96,52.6151071323781
mp-510604,Mn2O3,-1.7537,-1.7069,0.0467,0.0,0.0,0.0,1.5957,1.5202,0.0755,150.11,139.12,10.99,51.17,59.35,8.18,-1.75368,-1.7069431006456188,0.0,0.0,1.5957378306878305,1.520206484337437,150.1147697439831,139.12108422900386,51.17092144275271,59.350077583441035
mp-1302566,CrO,-1.5048,-1.3512,0.1536,0.0,0.0288,0.0288,1.4543,0.688,0.7663,163.74,152.24,11.5,57.17,63.74,6.57,-1.50484,-1.3512160589357938,0.0,0.028840717149681186,1.4542832010582012,0.6879929026133512,163.74,152.24415614558032,57.17,63.74307368086077
mp-1104577,Mo3S4,-0.7383,-0.9981,0.2598,0.0,0.0,0.0,2.6115,2.9523,0.3407,70.52,71.75,1.24,46.79,29.48,17.32,-0.73826,-0.9980565748570638,0.0,0.0,2.6115428571428576,2.9522541455889986,70.51664004347407,71.75185529219006,46.79181361054895,29.475993038642628
mp-1190,ZnSe,-0.718,-0.9949,0.2769,1.224,1.5319,0.3079,1.7023,2.026,0.3238,59.7,45.31,14.39,28.86,50.04,21.18,-0.71802,-0.994917577896318,1.224,1.5319114460971026,1.7022593915343915,2.0260191985702742,59.7,45.30976407449124,28.86,50.041764268342504
mp-1219002,Sn3O8,-1.6684,-1.568,0.1004,0.9435,0.9309,0.0126,1.5034,1.129,0.3744,149.88,156.74,6.86,63.97,74.86,10.89,-1.6684135714285728,-1.5680101918945062,0.9435,0.9308719574778375,1.5033989417989415,1.1289764226719483,149.88090000000028,156.74436785609637,63.9702388220897,74.85761780155146
mp-1046095,Ni5O7,-0.5987,-0.5444,0.0543,0.0,0.2507,0.2507,1.8069,1.9968,0.1899,203.54,182.52,21.02,53.34,48.24,5.1,-0.5986970053124997,-0.5443620879915108,0.0,0.2506656922837988,1.806887830687831,1.996778714824663,203.53825146491536,182.52199227238722,53.34426093975561,48.23967776656505
mp-569668,VSe,-0.2352,-0.1904,0.0448,0.0,0.0,0.0,2.4388,2.2637,0.175,54.17,69.35,15.18,39.14,31.72,7.42,-0.23519,-0.19037604806578318,0.0,0.0,2.438789862914863,2.2637422687164586,54.17,69.35100296995422,39.14,31.721707138992624
mp-1071078,NiSe2,-0.259,-0.1946,0.0645,0.0,0.1972,0.1972,2.1019,1.7153,0.3867,95.16,110.18,15.02,31.93,24.13,7.8,-0.25903,-0.19456554618360655,0.0,0.19723904976540088,2.101932010582011,1.7152633151634833,95.16,110.18029563453989,31.93,24.133768455248898
mp-754585,V2O5,-2.3917,-2.5375,0.1457,1.642,1.5385,0.1035,3.6886,4.0346,0.346,101.72,120.37,18.64,40.3,31.97,8.33,-2.39171,-2.5374548397816774,1.642,1.5385286434650656,3.688567328042328,4.034592288696749,101.725,120.36806811557555,40.3,31.968848524905233
mp-1048022,W4O9,-1.9149,-1.8738,0.0411,0.0,0.0,0.0,1.4127,1.9536,0.5409,123.08,140.22,17.14,56.1,48.36,7.74,-1.914852200865384,-1.873773407833801,0.0,0.0,1.4126738095238096,1.9535841074947349,123.07922751063916,140.21980333095144,56.10133472972231,48.360883829233465
mp-632475,NbS2,-0.8699,-0.8164,0.0535,0.0,0.1471,0.1471,2.5845,2.1127,0.4718,60.68,87.94,27.26,37.25,38.35,1.1,-0.8699,-0.8163662541076478,0.0,0.1470563443191899,2.584480555555556,2.1127255297014815,60.68,87.93539947700583,37.25,38.35133028526734
mp-13116,NiN,0.3271,0.1743,0.1528,0.0,0.0,0.0,5.2815,5.4323,0.1508,216.0,244.52,28.52,35.34,6.73,28.61,0.32709,0.1743154662113858,0.0,0.0,5.281516402116402,5.4322689337877295,216.0,244.52246569583104,35.34,6.732463054045944
mp-754698,NbO2,-2.8136,-2.438,0.3756,0.0,0.1341,0.1341,1.4333,1.5884,0.1551,166.44,161.67,4.77,51.13,48.11,3.02,-2.813603650833333,-2.437999468977809,0.0,0.13413663008158386,1.433331216931217,1.5884050643285552,166.4431696734675,161.6718496376404,51.13282982382625,48.10896315036794
mp-705753,Fe38O39,-1.6797,-1.5892,0.0906,1.3911,1.0919,0.2992,1.6608,1.9031,0.2423,151.28,155.24,3.96,60.45,41.06,19.39,-1.6797428327110402,-1.5891915241992713,1.3910999999999998,1.091892192929522,1.6607703703703702,1.9030827810480109,151.28010542795374,155.23621104741954,60.45013542393657,41.05761715800773
mp-554064,V6O13,-2.5162,-2.7667,0.2504,0.0,0.0,0.0,3.7393,3.3097,0.4296,172.87,188.96,16.09,81.68,82.98,1.3,-2.51625,-2.766698575264537,0.0,0.0,3.739308068783069,3.3097041183268354,172.87065401746474,188.95861293021272,81.6814614906025,82.97749666919422
mp-1081,V3S4,-1.103,-0.975,0.128,0.0,0.0,0.0,2.3609,2.1281,0.2328,103.92,96.67,7.25,71.51,87.04,15.53,-1.10297,-0.9749996953033426,0.0,0.0,2.360889862914863,2.128099512344003,103.92,96.66512645016078,71.51,87.04373383330297
mp-554681,ZnS,-1.1399,-1.346,0.2061,2.0175,1.8504,0.1671,1.0705,0.725,0.3455,72.26,71.49,0.77,32.96,17.45,15.51,-1.1399253036383936,-1.3460123376992112,2.0175,1.8503825854088296,1.0704701058201058,0.7249676216991816,72.25999999999999,71.49423937404292,32.96,17.448481284745228
mp-1065394,MoN,-0.5566,-0.4019,0.1547,0.0,0.0,0.0,2.7357,2.9115,0.1757,216.18,178.54,37.65,81.26,82.47,1.22,-0.55658,-0.40187851960084425,0.0,0.0,2.735706349206349,2.911453162872961,216.185,178.53672916493122,81.255,82.47364676357147
mp-1274098,V3O5,-2.521,-2.2902,0.2308,0.0,0.0,0.0,1.565,1.8161,0.2511,184.85,191.81,6.96,84.56,83.46,1.1,-2.52096,-2.2901775462891045,0.0,0.0,1.5650128306878308,1.8160841207668241,184.85402103012748,191.8105560956898,84.55556493711946,83.45509887373792
mp-1345171,W5O7,-0.8527,-1.0273,0.1745,0.0,0.0,0.0,1.5224,1.5474,0.025,142.75,118.42,24.32,63.6,72.89,9.28,-0.8527121444791668,-1.0272619660209794,0.0,0.0,1.5223943121693122,1.5474114881008065,142.74511187028486,118.42314866235354,63.60252134101211,72.88641480372998
mp-1025572,WSe2,-0.518,-0.3271,0.1908,1.126,1.0003,0.1257,1.1673,1.1253,0.042,33.67,16.44,17.23,24.46,15.15,9.31,-0.51795,-0.32714613840678053,1.126,1.000309744670386,1.167331613756614,1.1253004801463846,33.67,16.440384180287435,24.46,15.146163496270919
mp-1238899,MnO,-1.3127,-1.2346,0.078,0.0,0.4989,0.4989,1.4349,1.6716,0.2367,184.99,152.98,32.01,54.12,57.46,3.35,-1.31265,-1.2346014045533025,0.0,0.49889034116802894,1.434946164021164,1.671622278759598,184.99,152.97536413134682,54.115,57.4639315302198
mp-1101174,WN2,-0.4074,-0.2455,0.1619,0.7,0.9161,0.2161,1.3819,1.2662,0.1157,327.32,312.66,14.66,193.5,193.71,0.21,-0.4074,-0.24553594692078595,0.7,0.916109055936446,1.3818960317460318,1.2661928398758986,327.32,312.6636191275498,193.505,193.71357432769926
mp-1226578,Cr19S30,-0.718,-0.3361,0.382,0.0001,0.1401,0.14,1.1369,1.4323,0.2954,63.83,84.1,20.26,44.32,40.64,3.68,-0.7180293794768617,-0.3360729882380786,6.250000000000004e-05,0.14006270039532667,1.1368814814814814,1.4322557201601873,63.83300000000006,84.09542711654736,44.31728740492504,40.63582046090856
mp-796340,MnO2,-1.7473,-1.804,0.0567,0.3535,0.4753,0.1218,3.9177,4.2348,0.3171,97.17,106.53,9.36,53.63,39.64,13.99,-1.74728,-1.8040164976579462,0.3535,0.47528589614667893,3.917693253968254,4.234835749771037,97.17,106.52698316924506,53.63,39.640821965878615
mp-979413,W3C,0.7747,0.6138,0.1608,0.0,0.0119,0.0119,2.8044,2.8042,0.0002,250.8,292.9,42.09,27.08,37.93,10.85,0.77468,0.6138399445067558,0.0,0.011922912886473534,2.8043785714285714,2.8041709758693854,250.80210051644983,292.895069275413,27.076838370358555,37.92765357518938
mp-999503,MoN,-0.3033,-0.4919,0.1886,0.0,0.2182,0.2182,2.7578,3.2245,0.4667,216.18,214.46,1.72,81.26,79.36,1.9,-0.3033,-0.4919458089270544,0.0,0.218151047974711,2.757792460317461,3.2245103457975066,216.185,214.46327068824445,81.255,79.35822121354218
mp-1016063,CrN2,-0.0344,-0.2079,0.1736,0.1766,0.0814,0.0952,3.7393,4.3642,0.6249,243.51,213.99,29.52,136.25,132.27,3.98,-0.0343588690866655,-0.2079109568690096,0.1766,0.08144835965102416,3.739308068783069,4.364214282961517,243.51,213.98734028045422,136.25,132.2674152332485
mp-1014558,Cr3N4,-0.4937,-0.516,0.0223,0.0,0.2503,0.2503,5.1137,4.7252,0.3885,288.77,297.28,8.51,126.46,134.34,7.88,-0.4936849563599992,-0.5159584247648326,0.0,0.25034504042483985,5.113717989417989,4.725199541439806,288.77,297.2801944862934,126.46,134.34009222245547
mp-10033,NbS2,-1.1228,-1.0595,0.0634,0.0,0.0,0.0,1.0449,1.0159,0.029,61.71,61.89,0.18,37.25,32.48,4.77,-1.12283,-1.0594501512590815,0.0,0.0,1.0448997354497356,1.0158598220329857,61.71,61.88974401301216,37.25,32.48211126929337
mp-556775,ZnS,-1.1393,-1.0891,0.0502,2.0399,2.3443,0.3044,1.0705,1.1516,0.0812,72.26,72.07,0.19,32.96,24.05,8.91,-1.13932252953125,-1.089143553169253,2.0399000000000003,2.344345793266322,1.0704701058201058,1.1516386889441756,72.25999999999999,72.07175807490835,32.96,24.048818918260604
mp-705555,Fe10O11,-1.7068,-1.5438,0.1629,1.4183,1.347,0.0713,1.6524,2.0945,0.4421,153.76,146.83,6.93,61.21,60.65,0.56,-1.7067550999404768,-1.5438418999272734,1.4182999999999997,1.3469560510534775,1.6523537037037035,2.0944576640342536,153.75633710107022,146.82502889238717,61.20852967323948,60.6457908325703
mp-1399869,CrN2,0.1179,0.1141,0.0038,0.0,0.1694,0.1694,3.7393,3.7791,0.0398,243.51,270.24,26.73,136.25,130.8,5.45,0.11793,0.11410866394549693,0.0,0.16935738092735736,3.739308068783069,3.7791360407525967,243.51,270.2448842574408,136.25,130.79808725239388
mp-1237627,TeMo6,-0.1433,0.1478,0.2912,0.718,0.478,0.24,2.5893,1.9954,0.5938,39.54,56.59,17.05,24.98,29.67,4.68,-0.1433338816666668,0.14784842427025027,0.7180249999999988,0.4780490356421172,2.5892633333333337,1.9954300800126517,39.54395000000004,56.592689076724824,24.983714100181288,29.666138027630666
mp-604910,MnSe,-0.2989,-0.3596,0.0607,0.0,0.1099,0.1099,1.1286,1.3288,0.2002,51.87,74.92,23.05,20.46,8.35,12.11,-0.2989,-0.3595824988781484,0.0,0.10992338415334743,1.1286267195767197,1.328806663479254,51.87,74.92142851412308,20.46,8.351676764248587
mp-13456,ZnS,-1.1387,-0.5881,0.5506,2.0687,2.27,0.2013,1.0705,1.2468,0.1763,70.0,31.88,38.12,33.0,7.38,25.62,-1.1386755635312504,-0.5881016464418337,2.0687,2.2699530590581465,1.0704701058201058,1.2468061849041483,70.0,31.884255547745717,33.0,7.378296535803724
mp-1072088,TiS2,-1.395,-1.2734,0.1216,0.0,0.1375,0.1375,1.0498,1.096,0.0461,47.84,50.22,2.38,33.58,39.23,5.64,-1.39503,-1.2733848295397796,0.0,0.13750915170186975,1.0498378306878309,1.095980307734204,47.835,50.215526376980414,33.585,39.22793214092232
mp-1221594,MnO4,-1.1307,-1.3127,0.182,0.6019,0.8948,0.2928,3.8982,3.5763,0.3218,140.72,156.48,15.77,47.47,36.74,10.74,-1.1307217586359275,-1.3127412696310623,0.6019333333333345,0.8947814271691197,3.898152513227513,3.576333553017817,140.7164999999999,156.48330479473157,47.47498546159396,36.73881675679753
mp-685047,V23Se40,-0.6832,-0.909,0.2258,0.0,0.0,0.0,1.1402,0.8467,0.2935,52.28,48.31,3.97,38.78,23.53,15.26,-0.6832193727579366,-0.9090092256103195,0.0,0.0,1.1401685185185186,0.846681649463018,52.28020000000004,48.307491142608484,38.78439999999995,23.528094234279244
mp-2065,MnS,-0.4851,-0.3928,0.0923,0.0,0.2973,0.2973,2.1339,1.8706,0.2633,40.88,52.03,11.15,27.61,6.7,20.91,-0.48509,-0.39276942710193624,0.0,0.29725653750005726,2.133935978835979,1.8705880128404098,40.88,52.033266186649186,27.61,6.702184976480687
mp-1096888,CrN2,0.1179,0.0657,0.0522,0.0,0.1421,0.1421,3.7393,4.3032,0.5639,243.51,244.63,1.12,136.25,151.42,15.17,0.11793,0.06568354599930978,0.0,0.14210978258220008,3.739308068783069,4.303192840199956,243.51,244.62996669278903,136.25,151.4243426646059
mp-1077232,WN2,-0.4076,-0.2679,0.1397,0.827,0.3161,0.5109,2.695,2.2099,0.4851,368.51,372.0,3.49,230.03,236.83,6.8,-0.40764,-0.2679052650431717,0.827,0.31612564558737777,2.6949785714285714,2.209887882029091,368.51,371.9971673239326,230.03,236.83489007955723
mp-28910,CrS2,-0.5911,-0.5007,0.0904,0.0,0.0,0.0,1.154,1.0626,0.0914,55.31,79.01,23.7,40.61,33.92,6.69,-0.59109,-0.5006606010086434,0.0,0.0,1.1540130952380954,1.062606582559833,55.31,79.00903269781884,40.61,33.91718094877021
mp-380,ZnSe,-0.7121,-0.7335,0.0214,1.255,1.3879,0.1329,1.7023,1.8168,0.1145,59.31,77.79,18.48,26.79,17.84,8.95,-0.71214,-0.7335384510898763,1.255,1.3878708413072154,1.7022593915343915,1.8167728052187648,59.31,77.7880467337185,26.79,17.83657621465111
mp-34688,TiO2,-3.2516,-3.4315,0.1799,2.006,1.8719,0.1341,3.674,3.5966,0.0775,182.0,133.25,48.74,56.39,48.33,8.05,-3.25156,-3.431457121722006,2.006,1.8718685312553578,3.6740339947089935,3.596553980323071,181.9966232372929,133.2527418728905,56.38670717423109,48.33171251627704
mp-27732,W10O29,-2.1647,-2.4814,0.3167,0.0,0.0,0.0,3.741,3.681,0.0601,159.94,158.59,1.34,68.15,72.7,4.55,-2.164721001570514,-2.4814274355114367,0.0,0.0,3.7410414021164016,3.6809519640430652,159.93602264178483,158.59154240924403,68.14979824230066,72.69997188124285
mp-556448,ZnS,-1.14,-1.2379,0.0979,2.0192,1.8382,0.181,1.0705,0.7791,0.2914,72.26,64.37,7.89,32.96,27.7,5.26,-1.139986625642361,-1.2379114769847668,2.0192,1.8381545309090999,1.0704701058201058,0.7790539082265486,72.25999999999999,64.36812165873997,32.96,27.698567522207476
mp-1187477,Ti3Te,-0.248,-0.0791,0.1689,0.0,0.0,0.0,2.5389,2.3735,0.1654,112.22,95.64,16.58,30.97,23.47,7.5,-0.24795,-0.07905380817957727,0.0,0.0,2.5388828042328044,2.373467307943542,112.22,95.64442466678237,30.97,23.47459856891512
mp-1102002,FeTe2,-0.1392,-0.1018,0.0374,0.0,0.0,0.0,2.2604,1.8308,0.4295,94.54,97.89,3.35,75.16,71.04,4.11,-0.1392,-0.10184014663337135,0.0,0.0,2.260382645502645,1.830846006569514,94.545,97.89105156302311,75.155,71.04492165657716
mp-554608,ZnS,-1.14,-1.4016,0.2616,2.0236,1.9689,0.0547,1.0705,0.9299,0.1405,72.26,82.81,10.55,32.96,30.12,2.84,-1.139989189723558,-1.4015854550308333,2.0236,1.9688950566385885,1.0704701058201058,0.9299324535293129,72.25999999999999,82.81455492174378,32.96,30.121662401862785
mp-2597,InTe,-0.3132,-0.2842,0.029,0.0,0.0079,0.0079,2.047,1.2594,0.7875,40.67,43.57,2.9,14.02,11.05,2.97,-0.31322,-0.28423859906906174,0.0,0.007864244695435358,2.046980423280423,1.2594465582494583,40.67,43.567515917824124,14.02,11.04601274542566
mp-849059,NiS2,-0.3343,-0.2619,0.0724,0.0,0.0,0.0,2.0713,1.7561,0.3152,58.18,93.4,35.22,20.45,11.35,9.1,-0.33433,-0.2619056082545839,0.0,0.0,2.071276851851852,1.75606237152722,58.18,93.40154762925687,20.45,11.3538624390143
mp-2506972,VO2,-2.4735,-2.661,0.1875,0.0,0.2016,0.2016,3.7588,3.7135,0.0453,106.73,130.91,24.18,63.06,57.66,5.4,-2.4735,-2.6609873248057205,0.0,0.20155756268034714,3.7588488095238097,3.7135286625608885,106.73,130.91218906759914,63.06,57.65754034095428
mp-849078,Ni2S,0.0151,0.0401,0.025,0.0,0.0,0.0,2.1941,2.4173,0.2232,162.69,161.03,1.66,45.58,44.54,1.04,0.01514,0.04013708333724018,0.0,0.0,2.194102248677249,2.417259636456695,162.6911999999998,161.02733442409814,45.57758659539233,44.53801328204524
mp-1014369,Cr3N4,-0.486,-0.4806,0.0054,0.0,0.0,0.0,4.7363,4.6126,0.1237,288.77,270.22,18.55,126.46,121.96,4.5,-0.486035745288571,-0.48059926772617445,0.0,0.0,4.736268915343914,4.6126187174051845,288.77,270.22307583060336,126.46,121.96453064625467
mp-705553,Fe23O25,-1.6934,-1.934,0.2406,1.2771,1.1468,0.1303,1.6393,1.7364,0.0971,148.61,146.51,2.11,59.27,53.15,6.12,-1.693412087109376,-1.9339626052603338,1.2771000000000003,1.146843565596798,1.6393092592592593,1.7364458604096267,148.61491583655808,146.50704411125548,59.26758387678328,53.148435763209925
mp-982734,WN2,-0.4074,-0.3406,0.0668,0.0,0.0,0.0,1.3852,0.6704,0.7148,286.13,271.44,14.69,156.98,159.75,2.77,-0.4074,-0.34061342465629263,0.0,0.0,1.3852174603174603,0.6704052270705092,286.13,271.4375361294345,156.98,159.74802881479633
mp-705414,Fe13O14,-1.3808,-1.2724,0.1084,0.0,0.2807,0.2807,1.6393,1.9223,0.283,258.71,269.85,11.14,123.54,126.6,3.06,-1.3807997358333333,-1.2724417857561923,0.0,0.28073347276225064,1.6393092592592593,1.922292096670795,258.7119000000003,269.8507223613806,123.53873430029547,126.59527334554978
mp-630528,InS,-0.582,-0.3667,0.2153,0.958,0.8077,0.1503,2.2675,2.217,0.0505,38.52,47.85,9.33,23.53,30.49,6.96,-0.58205,-0.366738116422862,0.958,0.807662593347423,2.2675410533910534,2.2170074952235534,38.52,47.84650484325083,23.53,30.490987789820444
mp-754720,CoO2,-0.9876,-0.7783,0.2093,0.0,0.2134,0.2134,4.7548,4.6054,0.1493,111.83,102.46,9.37,61.69,69.25,7.56,-0.98759,-0.778267998495535,0.0,0.2133954213721342,4.754766666666666,4.605434407442348,111.83,102.46456315096736,61.69,69.2538993795741
mp-25428,NiO2,-0.8217,-1.1103,0.2886,1.105,0.7467,0.3583,4.3846,4.4751,0.0905,108.26,97.64,10.62,62.12,61.31,0.81,-0.82166,-1.1102740610324229,1.105,0.7467113512123869,4.384599999999999,4.475138431121084,108.26,97.63957693918931,62.12,61.305840068084656
mp-556754,Ti3O5,-3.1783,-3.3768,0.1985,0.0,0.1792,0.1792,2.5822,2.559,0.0232,171.37,179.34,7.98,76.46,58.64,17.82,-3.17828,-3.3768192400686123,0.0,0.1791966621223783,2.5821948677248674,2.5589548120120926,171.3654383731363,179.34491758765972,76.46051437806534,58.6407589700257
mp-20411,InN,0.0171,0.1161,0.099,0.0,0.3097,0.3097,2.5956,2.3754,0.2202,125.13,137.09,11.96,58.16,78.65,20.49,0.01711,0.11609905279848283,0.0,0.3096618063459692,2.5955604761904763,2.375380107671148,125.13,137.0902332963708,58.16,78.64844434375085
mp-1114,VP,-0.8075,-0.7088,0.0987,0.0,0.0,0.0,2.5987,2.8504,0.2517,172.29,180.85,8.56,124.21,133.56,9.35,-0.80749,-0.7087567921324521,0.0,0.0,2.5986597883597886,2.850387314398741,172.29,180.8543988527061,124.21,133.556479044285
mp-1042656,W3O8,-2.1804,-2.0814,0.099,0.051,0.0,0.051,3.7751,4.1355,0.3604,157.59,149.5,8.09,70.95,61.28,9.67,-2.180405,-2.081413403919946,0.051,0.0,3.775115476190477,4.135536899626917,157.5934733332914,149.50056464661063,70.9549338273741,61.283403568947776
mp-1187918,Zn3P,-0.15,0.6325,0.7825,0.5922,0.6955,0.1034,1.7955,1.8199,0.0244,66.21,63.54,2.67,38.07,38.62,0.56,-0.1499967275566897,0.632512313090322,0.5921571428571416,0.6955147418592001,1.795458597883598,1.8198984838935575,66.20944976049852,63.53967002830347,38.06789059691702,38.62344723867544
mp-1226456,Cr2Se3,-0.5202,-0.4097,0.1104,0.0,0.0,0.0,1.0706,1.5582,0.4876,65.46,57.99,7.47,35.89,45.24,9.35,-0.52017,-0.4097424660480738,0.0,0.0,1.0705533068783069,1.5581527182619332,65.46,57.99415101459516,35.89,45.23824443854477
mp-1456,Fe2O3,-1.3454,-1.1193,0.2261,0.0,0.0,0.0,1.6315,1.6113,0.0202,228.76,232.78,4.02,46.48,55.55,9.08,-1.34535,-1.1192838003917014,0.0,0.0,1.6315027777777782,1.6113451833139265,228.76,232.78381513924907,46.475,55.55359642254521
mp-1364247,Nb2O5,-2.6869,-2.498,0.1889,2.17,2.1902,0.0202,1.6855,1.4658,0.2198,145.69,143.32,2.37,57.55,47.7,9.85,-2.68686,-2.497975895609153,2.17,2.1902116935128486,1.6855408730158732,1.465764414257588,145.69,143.3237451469433,57.55,47.69904594529803
mp-1173004,Mo3O8,-1.8242,-1.6972,0.1269,0.0,0.196,0.196,1.6317,1.3554,0.2762,77.51,77.91,0.4,32.11,22.67,9.44,-1.824155,-1.6972418839094654,0.0,0.1960099247281083,1.6316771164021162,1.355449851186928,77.51,77.90840067338098,32.11,22.673630608344975
mp-2486616,WO3,-2.2807,-2.3518,0.071,0.579,0.6083,0.0293,3.7751,3.5509,0.2242,166.14,161.54,4.59,73.24,89.62,16.38,-2.28072,-2.3517673111650583,0.579,0.6082970468891243,3.775115476190477,3.5508814027586384,166.135,161.54068032007484,73.245,89.62282682560549
mp-1096894,CrN2,0.1179,0.2669,0.1489,0.0,0.0372,0.0372,3.7393,4.1579,0.4185,243.51,252.57,9.06,136.25,144.33,8.08,0.11793,0.266873788527186,0.0,0.03716790325649802,3.739308068783069,4.157853074780134,243.51,252.56908050845547,136.25,144.32781921836443
mp-1424931,VS2,-0.9504,-1.1151,0.1647,0.0,0.0,0.0,1.0192,0.8435,0.1757,53.04,32.45,20.59,32.65,40.35,7.7,-0.95035,-1.1150992630644647,0.0,0.0,1.0192108465608465,0.8434940258937814,53.045,32.453337919159,32.645,40.34642966716751
mp-555782,ZnS,-1.1398,-1.1947,0.055,2.0251,1.654,0.3711,1.0705,0.9601,0.1104,72.26,45.48,26.78,32.96,23.78,9.18,-1.139753689031251,-1.1947352544020486,2.0251,1.6540263505413422,1.0704701058201058,0.9600639254175682,72.25999999999999,45.48258669494271,32.96,23.780586466608696
mp-1634,MoSe2,-0.6715,-0.7774,0.1059,0.906,0.4378,0.4682,1.1707,1.064,0.1067,57.63,55.5,2.13,39.12,38.12,1.0,-0.67149,-0.7773705758678137,0.906,0.43776020923118086,1.170687962962963,1.0639615601291972,57.63,55.502393198091426,39.12,38.118303400268346
mp-684963,Fe3Se4,0.2414,0.2516,0.0103,0.0,0.0,0.0,2.4087,2.7029,0.2942,67.97,82.41,14.44,25.56,23.21,2.35,0.2413550679464283,0.251637938694619,0.0,0.0,2.4086851010101005,2.702883897557193,67.97,82.41174065661612,25.56,23.213958291784067
mp-1009582,NiC,1.0513,1.5188,0.4675,0.0,0.0949,0.0949,2.6329,2.4407,0.1922,151.74,139.04,12.7,42.5,41.77,0.72,1.05131,1.5188402301355046,0.0,0.09494618346219928,2.632884814814815,2.440696070449677,151.74417008592124,139.03953215391874,42.49633275041084,41.77322108886742
mp-557151,ZnS,-1.129,-1.5178,0.3889,2.0324,2.0223,0.0101,1.0718,1.0246,0.0472,72.26,47.12,25.14,32.96,35.74,2.78,-1.12895498328125,-1.5178323725800955,2.0324,2.022294411871805,1.0717558201058202,1.0245819760354853,72.25999999999999,47.12454297125013,32.96,35.73511433699411
mp-7234,Nb5N6,-1.165,-1.0309,0.1341,0.0,0.0861,0.0861,2.8573,2.8723,0.0149,271.94,257.77,14.17,149.73,147.88,1.84,-1.16497,-1.0309161451444702,0.0,0.08611712144961636,2.8573052910052907,2.8722547330725767,271.93880000000007,257.77212690455775,149.72577810160465,147.88078878153422
mp-547074,VO2,-2.5492,-2.8859,0.3367,0.0,0.013,0.013,3.9824,4.2256,0.2432,106.73,95.27,11.46,63.06,60.36,2.7,-2.54915,-2.8858987540295837,0.0,0.012956397584619306,3.982417063492064,4.2255867473125885,106.73,95.27264488415803,63.06,60.363632891385045
mp-568328,FeP4,-0.3745,-0.4776,0.1031,0.801,0.729,0.072,2.1473,1.5792,0.5681,135.6,153.84,18.24,121.84,107.1,14.74,-0.37447,-0.47759992915525523,0.801,0.7289690137287748,2.147296767676768,1.5792273550915852,135.6,153.83965766833418,121.84,107.10130819815194
mp-1400906,CoO2,-0.9853,-0.7688,0.2165,0.0,0.0,0.0,4.3846,4.5691,0.1845,111.83,104.99,6.84,61.69,55.22,6.47,-0.98533,-0.7688099998171753,0.0,0.0,4.384599999999999,4.569081597828183,111.83,104.99317609059655,61.69,55.21873177095007
mp-25274,Mo3O8,-1.8242,-1.8175,0.0067,0.0,0.0,0.0,4.2939,4.5593,0.2654,77.51,63.06,14.45,32.11,18.38,13.73,-1.824155,-1.8174751931864288,0.0,0.0,4.293866666666666,4.559315709438172,77.51,63.06044400520102,32.11,18.383597876476088
mp-952567,Fe2S3,-0.7819,-1.0091,0.2272,0.0,0.1754,0.1754,2.2599,2.0021,0.2577,133.09,111.82,21.27,75.25,62.59,12.66,-0.7819430304375004,-1.0091361476790572,0.0,0.17538631223655435,2.259850696248196,2.002104888270619,133.0905999999999,111.8236035372036,75.24510000000005,62.58558356669809
mp-581412,ZnS,-1.1298,-1.2827,0.153,2.0265,1.963,0.0635,1.0718,0.9412,0.1306,72.26,83.45,11.19,32.96,16.87,16.09,-1.1297618203645836,-1.2827313719285862,2.0264999999999995,1.9629566532803517,1.0717558201058202,0.9411714580821231,72.25999999999999,83.4472923073781,32.96,16.869699214568037
mp-764326,Fe12O13,-1.6631,-1.5304,0.1327,0.0,0.0,0.0,1.6393,1.633,0.0063,246.97,262.35,15.38,101.47,89.21,12.26,-1.6631075078499995,-1.530418040759902,0.0,0.0,1.6393092592592593,1.6329675798609835,246.97011094045413,262.3476828326492,101.4701171501478,89.21207702842736
mp-475,SnP,-0.0332,-0.1893,0.1561,0.0,0.6006,0.6006,2.0165,1.8865,0.13,70.6,74.94,4.34,45.3,51.22,5.92,-0.0332,-0.18925425666764953,0.0,0.6005868081866942,2.016547486772487,1.8865161899699034,70.6,74.94425576959092,45.3,51.22151368536104
mp-755875,Ti3O4,-3.1499,-3.112,0.0378,0.0,0.0,0.0,2.6931,2.376,0.3171,178.43,165.43,13.0,89.0,78.71,10.29,-3.149860906428572,-3.112016761195265,0.0,0.0,2.6930931481481486,2.375991152938684,178.42668402856506,165.4255232191401,88.99905525056667,78.70571897021499
mp-1180296,Mo2O7,-1.9041,-1.9013,0.0028,0.4732,0.5106,0.0375,1.5197,1.6724,0.1528,105.76,91.05,14.71,49.58,53.68,4.11,-1.9041184799579585,-1.9012698829243297,0.4731763157894733,0.5106449050748104,1.5196919312169312,1.672446801630654,105.7585142806046,91.04703281273049,49.57942690435033,53.684474338820586
mp-13152,TiSe,-0.8404,-0.9803,0.1399,0.0,0.4465,0.4465,1.0443,0.9841,0.0602,34.22,17.75,16.47,10.0,24.09,14.09,-0.84038,-0.9803038703309754,0.0,0.446496185311633,1.0443497354497355,0.984144696955334,34.22,17.748322288102074,10.0,24.086596542163996
mp-32630,Ti19Se20,-1.0997,-0.6671,0.4326,0.0077,0.0,0.0077,2.4705,2.3629,0.1076,110.73,110.46,0.27,70.16,71.07,0.91,-1.0996803515010685,-0.6671103902668849,0.0077000000000007,0.0,2.470535317460317,2.362899165721635,110.73085652928576,110.45604512401498,70.15997085952253,71.06650273314119
mp-19399,Cr2O3,-2.1055,-1.9822,0.1233,0.735,0.5808,0.1542,5.1137,4.5757,0.538,142.82,148.49,5.67,58.46,55.63,2.83,-2.10553,-1.982194985973256,0.735,0.5808420314864773,5.113717989417989,4.575717901057947,142.8240529536577,148.4904525504661,58.4619836729416,55.632219562151974
mp-649605,W25O73,-2.1674,-2.5886,0.4212,0.0,0.0887,0.0887,3.741,4.0533,0.3123,160.21,152.54,7.68,68.08,53.35,14.73,-2.1673634533290818,-2.5885722314809363,0.0,0.08874997930265413,3.7410414021164016,4.053309899242864,160.2131760021584,152.5355407845714,68.07646610969013,53.35128613943256
mp-9984,SnS2,-0.439,-0.4073,0.0317,1.101,1.4017,0.3007,1.1893,1.1386,0.0507,42.27,32.16,10.11,26.46,27.2,0.74,-0.43898,-0.40728036888131236,1.101,1.4017387612357601,1.189269312169312,1.1385771415309065,42.27,32.160623060903795,26.46,27.19528405485416
mp-19184,VO,-1.668,-1.81,0.142,0.0,0.0,0.0,2.7578,2.4381,0.3196,220.37,231.47,11.1,12.7,12.26,0.44,-1.66796,-1.8099698644458013,0.0,0.0,2.757770493025493,2.438147929719828,220.37,231.46807256915497,12.7,12.26489440255121
mp-1272524,CrO,-1.5048,-1.3368,0.1681,0.0,0.0,0.0,1.5228,1.2456,0.2771,163.74,158.45,5.29,57.17,47.03,10.14,-1.50484,-1.3367558865313574,0.0,0.0,1.5227767195767197,1.245647205648551,163.74,158.4474031654316,57.17,47.03076195640749
mp-2383161,WO3,-2.2807,-2.4495,0.1688,0.579,0.4809,0.0981,3.7751,4.0943,0.3192,166.14,180.54,14.4,73.24,65.12,8.13,-2.28072,-2.4495026691482487,0.579,0.48089279453258954,3.775115476190477,4.094297957540743,166.135,180.53564280691796,73.245,65.11523119208931
mp-755286,CrO,-1.5048,-1.5348,0.03,0.0,0.1441,0.1441,1.6012,1.6898,0.0886,163.74,170.22,6.48,57.17,48.77,8.4,-1.50484,-1.5348206082621716,0.0,0.1441260544677904,1.6012044973544972,1.6898008396362703,163.74,170.21626462259988,57.17,48.766876399607355
mp-1016073,CrN2,-0.0621,0.0348,0.0969,0.0,0.0,0.0,3.7393,3.853,0.1136,243.51,235.48,8.03,136.25,140.95,4.7,-0.0621437713088871,0.034787574516924546,0.0,0.0,3.739308068783069,3.85295284700197,243.51,235.47879795369747,136.25,140.9453210221841
mp-1187032,Sn3B,0.912,1.0828,0.1708,0.0,0.1284,0.1284,2.269,2.4882,0.2192,58.0,51.05,6.95,10.0,-4.07,14.07,0.91202,1.0828322698219386,0.0,0.12842187010947578,2.269009523809524,2.488170063674718,58.0,51.04944484666376,10.0,-4.070046160524198
mp-1016078,CrN2,0.062,-0.1903,0.2523,0.3777,0.8226,0.4449,3.7588,3.7159,0.0429,243.51,238.51,5.0,136.25,125.6,10.65,0.0620328735522248,-0.190257341340974,0.3777000000000008,0.822612291365236,3.7588488095238097,3.7159204933730874,243.51,238.5121323254742,136.25,125.60029567951595
mp-33009,MnO2,-1.8049,-1.8799,0.075,0.157,0.2441,0.0871,3.8982,3.6568,0.2414,195.16,222.6,27.44,123.71,128.29,4.58,-1.80492,-1.8799057913357213,0.157,0.2440973711270918,3.898152513227513,3.656792035438139,195.16,222.59765704227593,123.71,128.29018692636873
mp-1446045,VO2,-2.4735,-2.5772,0.1037,0.0,0.0,0.0,3.7588,3.5901,0.1687,106.73,143.2,36.47,63.06,52.74,10.32,-2.4735,-2.5772470464738584,0.0,0.0,3.7588488095238097,3.5901186762590576,106.73,143.20225518016946,63.06,52.736167881871125
mp-20457,InP,-0.011,-0.1512,0.1403,0.0,0.1731,0.1731,2.0507,1.9164,0.1343,71.43,75.96,4.53,37.58,35.37,2.21,-0.01096,-0.15123792514996884,0.0,0.17310002875394762,2.050747486772487,1.91642566582014,71.43,75.96075816496862,37.58,35.369752246486115
mp-1097003,FeO2,-1.2729,-0.9178,0.3551,0.0,0.1011,0.1011,1.5551,1.45,0.1051,98.62,93.57,5.05,49.03,52.45,3.42,-1.2729,-0.917840201375042,0.0,0.10112194202709995,1.5550937830687832,1.4499542157035437,98.62,93.57386381210398,49.03,52.450212381515264
mp-1096909,CrN2,0.1179,0.1944,0.0765,0.0,0.0,0.0,3.7393,3.9161,0.1768,243.51,242.61,0.9,136.25,149.51,13.26,0.11793,0.19438140994749498,0.0,0.0,3.739308068783069,3.916074410142432,243.51,242.60573286025038,136.25,149.50851906643885
mp-1393120,FeS2,-0.3816,-0.6463,0.2647,0.409,0.4751,0.0661,1.125,1.4407,0.3157,114.41,117.33,2.92,64.09,56.53,7.56,-0.3815849999999999,-0.6462828148686515,0.409,0.47514453310059357,1.1250425925925926,1.4407213894214357,114.41,117.3253239756492,64.09,56.5345178108507
mp-715276,Fe2O3,-1.8298,-1.6484,0.1815,2.1029,2.0412,0.0617,1.4416,1.1034,0.3382,228.76,238.67,9.91,46.48,43.02,3.46,-1.8298481987500004,-1.648365093503209,2.1029,2.0412046210920805,1.441612037037037,1.1033972544361568,228.76,238.67094509150357,46.475,43.0183252399097
mp-1015026,CrN2,-0.0368,0.3913,0.4281,0.211,0.0701,0.1409,3.7393,3.6573,0.082,243.51,230.38,13.13,136.25,143.11,6.86,-0.0368261257533314,0.3912819375453233,0.211,0.07014298130624516,3.739308068783069,3.657336825102655,243.51,230.3787733057864,136.25,143.11142498437192
mp-1086672,MnO3,-1.0837,-0.8787,0.205,0.0,0.1817,0.1817,1.47,1.2887,0.1813,182.47,158.7,23.77,57.73,56.85,0.88,-1.08366,-0.8787075164142886,0.0,0.1816520816475555,1.4700497354497355,1.2887270079445663,182.4737,158.70216917535873,57.72501215274615,56.84687922213086
mp-755749,Cr2O3,-2.0876,-2.4052,0.3176,0.524,0.5173,0.0067,4.7418,4.8265,0.0847,156.99,143.53,13.47,65.24,35.95,29.29,-2.08761,-2.4052426368814217,0.524,0.5172785487378183,4.741842989417989,4.8265209557775375,156.99453221406958,143.52536411872842,65.24207642931695,35.95175190936949
mp-1915,Fe2B,-0.2843,-0.39,0.1056,0.0,0.0,0.0,2.5856,2.9606,0.375,262.91,285.44,22.53,80.23,52.73,27.5,-0.28434,-0.3899892729986487,0.0,0.0,2.58558854016354,2.960573849815709,262.91,285.44357091606514,80.23,52.73257572559889
mp-554829,ZnS,-1.1399,-0.8869,0.253,2.0252,2.0779,0.0527,1.0705,1.5222,0.4517,72.26,67.29,4.97,32.96,26.94,6.02,-1.1398502147395837,-0.8868860367924822,2.0252,2.0778770418661803,1.0704701058201058,1.522181610728296,72.25999999999999,67.28796610474491,32.96,26.93897848254282
mp-226,FeS2,-0.6273,-0.7787,0.1514,0.433,0.1912,0.2418,2.2755,2.4074,0.1319,154.93,137.17,17.76,136.76,128.67,8.09,-0.62728,-0.778686150411974,0.433,0.19116950911746944,2.275471767676768,2.407386237553941,154.93,137.1671735792065,136.76,128.67340983450572
mp-672264,WN18,0.2014,0.2858,0.0844,1.7919,1.6594,0.1325,3.7751,4.2459,0.4708,348.18,334.73,13.45,162.7,179.6,16.9,0.2014116556400004,0.28581656231139263,1.7919,1.6593566564210558,3.775115476190477,4.245942256341268,348.18450423753814,334.7334797077985,162.70242023348712,179.60252752923034
mp-1018050,CrC,-0.0714,0.0808,0.1522,0.0,0.0,0.0,2.646,3.0037,0.3577,341.78,305.46,36.32,243.63,251.36,7.73,-0.07135,0.08080175764759223,0.0,0.0,2.646007037037037,3.0037304817963015,341.7788932070904,305.46052956544094,243.63202334870653,251.358219296694
mp-1097042,CrN2,0.1179,-0.0784,0.1963,0.0,0.1604,0.1604,3.7393,3.9856,0.2463,243.51,253.8,10.29,136.25,136.63,0.38,0.11793,-0.07837816368573543,0.0,0.1603857115290168,3.739308068783069,3.985627883464509,243.51,253.79755569923935,136.25,136.63113548436664
mp-1101173,WN2,-0.3838,-0.4025,0.0187,0.7,0.8197,0.1197,3.7606,3.6787,0.0819,124.71,81.81,42.9,25.27,10.18,15.09,-0.3838,-0.4024740429252477,0.7,0.8196973185247877,3.7605821428571424,3.6786643899641907,124.71,81.81267566448994,25.27,10.184790769692409
mp-1001826,VN,-0.9789,-1.6492,0.6703,0.0,0.2942,0.2942,4.6999,4.4873,0.2127,330.0,303.63,26.37,228.64,227.82,0.82,-0.97894,-1.6491964808262058,0.0,0.2941579662298499,4.69991335978836,4.487254271972844,330.0,303.62710756122107,228.64,227.8157603551264
mp-1096919,CrN2,0.1179,-0.0983,0.2163,0.0,0.0,0.0,3.7393,3.6414,0.0979,243.51,228.88,14.63,136.25,136.43,0.18,0.11793,-0.09833621829225618,0.0,0.0,3.739308068783069,3.6414029486343935,243.51,228.88286890755106,136.25,136.43385753604093
mp-1009218,MoC,0.4045,0.3463,0.0582,0.0,0.0,0.0,2.9649,2.9904,0.0255,238.17,232.81,5.36,31.42,32.49,1.07,0.40452,0.34631311756939287,0.0,0.0,2.9648731481481483,2.9903779677460487,238.17,232.80622054222502,31.42,32.49304706306454
mp-510732,MnO2,-1.7473,-2.0093,0.262,0.3535,0.5087,0.1552,3.8982,3.6043,0.2939,97.17,98.51,1.34,53.63,53.08,0.55,-1.74728,-2.009294934470975,0.3535,0.5086759483663488,3.898152513227513,3.6042792593182345,97.17,98.51393307443684,53.63,53.07603594384717
mp-523,CrS,-0.5263,-0.1985,0.3278,0.0,0.1343,0.1343,2.2803,1.9817,0.2985,102.07,95.05,7.02,41.52,37.45,4.07,-0.52631,-0.19849579239022036,0.0,0.13426966045593244,2.2802521645021643,1.981739577946798,102.07,95.04622160963244,41.52,37.44574435634507
mp-10734,Ti4O5,-3.1031,-3.4024,0.2994,0.0,0.0368,0.0368,2.7651,2.987,0.2219,207.02,229.79,22.77,92.25,90.19,2.06,-3.103085741435185,-3.4024454381513065,0.0,0.03678334085470009,2.765068809523809,2.986955224613256,207.02042228587632,229.79207475736777,92.2500912535663,90.1895382608428
mp-567920,Ti4P3,-1.165,-1.2615,0.0966,0.0,0.0,0.0,2.5098,2.6152,0.1054,139.26,140.85,1.59,94.22,81.92,12.3,-1.16495,-1.2615497779639375,0.0,0.0,2.509791137566138,2.6152400614117597,139.25640000000033,140.84898879167633,94.21967721966656,81.92428101040844
mp-545820,SnO,-1.429,-1.4087,0.0203,0.507,0.4184,0.0886,2.313,2.3092,0.0038,47.82,83.09,35.27,32.25,19.1,13.15,-1.42902,-1.408729871309993,0.507,0.41841844131316785,2.3129884126984126,2.3091663200252763,47.82,83.09477569872575,32.25,19.09747541823984
mp-1214,VS,-0.638,-0.3493,0.2887,0.0,0.0,0.0,2.6147,2.1899,0.4248,144.6,154.06,9.46,77.54,87.56,10.02,-0.63798,-0.3493085557970662,0.0,0.0,2.614678968253968,2.1898673718551898,144.60000000000002,154.05976127152616,77.53999999999999,87.55960635935156
mp-1802,NbS2,-1.0844,-1.385,0.3005,0.0,0.0294,0.0294,1.0428,0.7728,0.2701,22.82,9.54,13.28,13.85,22.47,8.62,-1.08445,-1.3849812421711978,0.0,0.029388264594418363,1.0428497354497357,0.7727506475801031,22.81620087431553,9.535656568403647,13.84585634422668,22.468439483276185
mp-1386044,MnS2,-0.4701,-0.2384,0.2317,0.0,0.0,0.0,1.0891,0.9894,0.0997,40.3,42.21,1.92,12.88,13.42,0.54,-0.47007,-0.23835203944687783,0.0,0.0,1.089127513227513,0.9894431059260206,40.295,42.21297938319422,12.885,13.424657313801763
mp-1078538,FeSe,-0.0922,-0.0966,0.0044,0.0,0.3806,0.3806,2.5852,2.5688,0.0164,82.81,90.73,7.92,40.78,30.82,9.97,-0.09223,-0.096618359266903,0.0,0.3806348145717814,2.5852145502645505,2.568773148967826,82.81,90.73017947155205,40.785,30.817964727368963
mp-1208477,WN6,-0.394,-0.6015,0.2075,0.6708,0.9796,0.3088,1.5891,1.897,0.308,230.95,244.03,13.07,27.12,29.23,2.11,-0.3940178853866667,-0.601503002896415,0.6707875000000014,0.979606386247774,1.5890501322751325,1.8970099970562606,230.9549999999996,244.0261435694315,27.122462032092557,29.23376637405773
mp-1027525,MoS2,-0.9616,-0.8735,0.0881,0.921,1.1179,0.1969,1.2251,1.3717,0.1466,70.62,51.48,19.14,47.69,32.08,15.61,-0.9616,-0.8734507408941494,0.921,1.117935326547737,1.2251160052910053,1.3716980559569856,70.62,51.48447641916016,47.69,32.07517550572537
mp-665,SnSe2,-0.3343,-0.3,0.0343,0.471,0.4188,0.0522,1.1587,1.2474,0.0888,37.68,59.41,21.73,20.75,3.22,17.53,-0.33426,-0.29997893870996223,0.471,0.4188081095142276,1.158684126984127,1.247445611283605,37.68,59.41209083135688,20.75,3.221838330075652
mp-856161,CoO2,-0.9853,-1.1147,0.1294,0.0,0.0445,0.0445,4.3651,5.0493,0.6842,111.83,113.23,1.4,61.69,56.89,4.8,-0.98533,-1.1147311544382446,0.0,0.044536284716759675,4.365059259259258,5.049261465357263,111.83,113.23062739682176,61.69,56.891236976298956
mp-1386640,TiO2,-3.1211,-3.1133,0.0078,2.2435,2.379,0.1355,3.674,3.862,0.188,189.08,182.68,6.4,74.72,74.64,0.08,-3.12112,-3.113309340598158,2.2435,2.3790099800030617,3.6740339947089935,3.862043383224555,189.08,182.68114611644893,74.72,74.63995347259936
mp-615366,FeS2,-0.548,-0.6334,0.0854,0.0,0.1741,0.1741,1.1223,1.1217,0.0006,114.41,85.79,28.62,64.09,62.01,2.08,-0.5480016468749996,-0.6333931977713202,0.0,0.17411934448639613,1.122325925925926,1.1217157208192756,114.41,85.7859160016231,64.09,62.0114136526323
mp-1389926,CrO3,-1.674,-1.6573,0.0168,1.167,0.9687,0.1983,3.7734,4.142,0.3686,23.16,18.36,4.81,11.99,-5.93,17.92,-1.67403,-1.6572669817967027,1.167,0.9687499864983521,3.7733821428571424,4.14196530697848,23.165,18.358524112497737,11.99,-5.926869265600272
mp-19326,MnO2,-1.7878,-1.6587,0.1291,0.391,0.0301,0.3609,3.8982,3.4235,0.4746,97.17,77.27,19.9,53.63,47.32,6.31,-1.78783,-1.6587175793789866,0.391,0.03010276523633887,3.898152513227513,3.4235039712597914,97.17,77.2669315796007,53.63,47.31997986758931
mp-1042106,CoS2,-0.4108,-0.0925,0.3183,0.0,0.2701,0.2701,1.132,1.3597,0.2276,88.67,84.94,3.73,23.14,45.96,22.82,-0.410775,-0.09246182472059161,0.0,0.2701349430239533,1.1320415343915344,1.3596822998752347,88.66999999999999,84.94032424928226,23.14,45.96475841753724
mp-776343,WN2,-0.3667,-0.6266,0.26,1.4246,1.2589,0.1657,3.7606,4.2199,0.4593,327.32,323.74,3.58,193.5,184.65,8.86,-0.3666520074199993,-0.6266256804335941,1.4246,1.2589221919701532,3.7605821428571424,4.219867788927492,327.32,323.73915340415476,193.505,184.64853008833006
mp-1580,NbN,-1.0175,-0.5872,0.4303,0.0,0.0,0.0,2.7317,3.1122,0.3804,308.8,299.55,9.25,150.6,151.88,1.28,-1.01751,-0.5871744217230269,0.0,0.0,2.7317480158730163,3.1121885359613586,308.8,299.54609639001995,150.6,151.88020920463853
mp-581476,ZnS,-1.1298,-1.536,0.4062,2.0243,1.9752,0.0491,1.0718,0.9853,0.0864,72.26,57.46,14.8,32.96,27.64,5.32,-1.1297717736979174,-1.5360198113054124,2.0243,1.9752036730324714,1.0717558201058202,0.9853319257613857,72.25999999999999,57.45886697238947,32.96,27.639472359265234
mp-19372,WO2,-2.0322,-2.0698,0.0376,1.3865,1.5124,0.1259,1.4208,1.8348,0.4139,228.81,212.54,16.27,75.1,86.41,11.31,-2.032188589166668,-2.069756315471274,1.3865000000000007,1.512407617931062,1.42081746031746,1.8347577475866503,228.8055962356865,212.53877747890726,75.10032050402936,86.4129950462492
mp-2692,NbO,-1.3704,-1.2565,0.114,0.0,0.1899,0.1899,2.7219,2.3374,0.3845,248.23,252.83,4.6,150.41,158.24,7.83,-1.37045,-1.2564536886345061,0.0,0.18986505446860524,2.721859126984127,2.3373576555766835,248.23,252.82586472177874,150.41,158.24178324697684
mp-1079443,MnTe,0.0586,0.1096,0.0511,0.0,0.3677,0.3677,2.2713,2.5102,0.2389,46.0,46.93,0.93,31.24,4.88,26.36,0.05856,0.10961978336992027,0.0,0.3676865968815163,2.271308513708514,2.510203890405792,46.0,46.931277868647165,31.24,4.8816715821184715
mp-569424,Cr2B,-0.3464,-0.4804,0.134,0.0,0.2148,0.2148,2.7151,2.9578,0.2428,290.94,307.71,16.77,181.33,172.99,8.34,-0.34643,-0.4804353288778014,0.0,0.2148493647024012,2.71505335978836,2.9578415296548446,290.94,307.71403666001436,181.33,172.98527980859072
mp-1103177,FeSe2,-0.3726,-0.4217,0.0491,0.0,0.0261,0.0261,2.2616,2.0311,0.2304,120.78,126.71,5.93,96.12,109.58,13.46,-0.37258,-0.4216848971982306,0.0,0.026109529015542907,2.261567328042328,2.0311306857216627,120.78,126.7087387262142,96.12,109.58490841496535
mp-754769,TiO2,-3.2136,-3.321,0.1074,2.141,2.4607,0.3197,4.0459,3.8622,0.1837,154.14,181.51,27.37,75.57,58.66,16.91,-3.21357,-3.3210146207069995,2.141,2.460691232195886,4.045908994708995,3.862173552065417,154.14,181.51025956591624,75.57,58.65665767093856
mp-554986,ZnS,-1.1397,-1.2669,0.1272,2.03,1.9516,0.0784,1.0718,0.7942,0.2776,72.26,75.34,3.08,32.96,41.44,8.48,-1.139700329384192,-1.2668791003037998,2.03,1.9515671258841643,1.0717558201058202,0.7941758278514934,72.25999999999999,75.34196620160662,32.96,41.440895444639764
mp-1217163,Ti5S8,-1.4935,-1.326,0.1675,0.0,0.289,0.289,2.5963,2.588,0.0083,133.64,139.21,5.57,88.03,92.61,4.58,-1.49354,-1.3260356899287147,0.0,0.2889885068481906,2.596252958152958,2.587966400308987,133.64096847925413,139.20806245147816,88.02808522363438,92.61061489971898
mp-1047232,WO2,-1.6825,-1.6159,0.0666,0.0,0.2147,0.2147,1.2274,1.0017,0.2258,81.07,74.25,6.82,10.0,9.35,0.65,-1.68248,-1.61585149523364,0.0,0.2147106003891457,1.2274473544973543,1.0016966679329868,81.07,74.25495935184496,10.0,9.346141579492084
mp-1221467,MoO4,-0.3472,-0.4956,0.1484,0.2794,0.1792,0.1003,1.5878,1.8042,0.2164,105.0,134.07,29.07,42.75,46.1,3.36,-0.3472415189767419,-0.49562502570503864,0.2794153991228069,0.1791579639770059,1.5877974867724869,1.8041686827127634,104.9958274815776,134.0685277569132,42.74869154676864,46.10499809896931
mp-1014444,Cr3N2,-0.4159,-0.2382,0.1777,0.0,0.1247,0.1247,5.0774,5.2362,0.1588,144.87,174.31,29.44,78.6,77.11,1.5,-0.41592,-0.23817674707564268,0.0,0.12465441257356052,5.077362433862433,5.23618102262484,144.87,174.3089761759295,78.605,77.10810532236535
mp-776606,Fe2O3,-1.3454,-1.2889,0.0564,0.0,0.0,0.0,1.6004,1.447,0.1534,228.76,262.75,33.99,46.48,58.09,11.62,-1.34535,-1.2889027261121175,0.0,0.0,1.6003925925925928,1.4470424730494065,228.76,262.74909356898286,46.475,58.09354978178553
mp-9561,VS2,-0.9653,-0.8054,0.16,0.0,0.0,0.0,1.1079,1.041,0.067,56.66,70.7,14.04,41.81,38.35,3.46,-0.96534,-0.805359594969609,0.0,0.0,1.107921164021164,1.040962453777365,56.66,70.696132569587,41.81,38.354899280196946
mp-362,Ni3S2,-0.4119,-0.2895,0.1225,0.0,0.2924,0.2924,2.3381,2.1087,0.2294,127.93,111.16,16.77,54.38,60.15,5.77,-0.41194,-0.28948356324773905,0.0,0.29242294568994,2.338050582010582,2.108670293814202,127.93,111.15671574155972,54.38,60.1479706159941
mp-733506,WO3,-2.2807,-2.457,0.1763,0.579,0.8005,0.2215,3.7751,3.4898,0.2854,166.14,168.91,2.78,73.24,75.62,2.37,-2.28072,-2.456972160863399,0.579,0.8004875387056989,3.775115476190477,3.4897542572078537,166.135,168.91016433107112,73.245,75.61695685710733
mp-714960,VO2,-2.3253,-2.4465,0.1212,0.9166,0.7527,0.1639,3.7393,3.7774,0.0381,106.73,107.59,0.86,63.06,65.94,2.88,-2.3253234108333323,-2.446525708047417,0.9166,0.7527230561847893,3.739308068783069,3.777436134507377,106.73,107.58634747088338,63.06,65.9421851975504
mp-684822,Co19Te34,-0.1879,-0.0414,0.1466,0.0,0.3765,0.3765,2.1695,2.3928,0.2233,61.96,42.83,19.13,29.51,12.68,16.83,-0.1879138001886788,-0.04136103706990776,0.0,0.3765174247364048,2.1694773629148627,2.3927966728785854,61.956300000000034,42.82559033032426,29.512670709997348,12.67902439102765
mp-30987,V3O5,-2.5288,-2.4103,0.1185,0.0,0.2099,0.2099,4.3738,4.5287,0.1548,184.85,141.27,43.58,84.56,105.01,20.45,-2.52881,-2.4102974877655114,0.0,0.2099295212139773,4.373832804232804,4.528681111286234,184.85402103012748,141.26977659554464,84.55556493711946,105.00664172376408
mp-1350563,WO2,-1.6825,-1.6932,0.0108,0.0,0.0,0.0,1.618,1.3752,0.2428,81.07,64.81,16.26,10.0,-4.46,14.46,-1.68248,-1.6932443616264523,0.0,0.0,1.6179923280423278,1.3752010235534822,81.07,64.8143105520885,10.0,-4.460202680759474
mp-1272749,CoO2,-0.9755,-0.9579,0.0175,0.0,0.0,0.0,4.3651,3.9951,0.37,106.6,106.88,0.28,54.2,50.76,3.44,-0.97546,-0.9579167318900474,0.0,0.0,4.365059259259258,3.995105520689611,106.6,106.88203925587096,54.2,50.76468252674569
mp-604914,VSe,-0.5599,-0.3047,0.2552,0.0,0.0,0.0,1.1542,0.8206,0.3337,23.98,31.18,7.2,10.0,11.8,1.8,-0.55987,-0.3047035842653622,0.0,0.0,1.154242195767196,0.8205878028680577,23.98270709464436,31.181767981224944,10.0,11.797866960523946
mp-8102,W3N4,-0.2044,-0.332,0.1276,0.0,0.4388,0.4388,2.6305,2.8951,0.2646,373.08,363.72,9.36,119.01,127.85,8.84,-0.2044,-0.33203066255466734,0.0,0.4388197357679423,2.6305223544973546,2.8951426731532237,373.0795,363.7239075739091,119.00520000000012,127.84656842783028
mp-971857,Zn3C,1.0152,1.1207,0.1056,0.0,0.0571,0.0571,2.002,1.9323,0.0696,93.4,106.29,12.89,10.0,8.87,1.13,1.01516,1.1207149875864766,0.0,0.05710860894331785,2.001956349206349,1.9323076194185314,93.39787100672297,106.28692867069276,10.0,8.871068210415558
mp-556468,ZnS,-1.129,-1.1768,0.0479,2.0329,1.7771,0.2558,1.0718,1.0993,0.0276,72.26,78.63,6.37,32.96,27.42,5.54,-1.12895329328125,-1.1768438802399612,2.0329,1.7770947871111917,1.0717558201058202,1.0993326344821408,72.25999999999999,78.63434199428414,32.96,27.420442877372892
mp-1385278,NiO2,-0.8098,-0.8609,0.0511,0.7775,1.2049,0.4274,4.3846,4.4497,0.0651,108.26,105.93,2.33,62.12,39.84,22.28,-0.80985,-0.8609124556193991,0.7775000000000001,1.2048537460810689,4.384599999999999,4.449723553843827,108.26,105.92766501624578,62.12,39.841451270433055
mp-856,SnO2,-1.7859,-1.5673,0.2185,0.895,0.852,0.043,2.6272,2.6364,0.0092,186.19,186.78,0.59,99.31,90.7,8.61,-1.78587,-1.5673377011350587,0.895,0.8519671596516954,2.627173196248196,2.6363987368368127,186.19,186.77999126297746,99.31,90.69805045973561
mp-636284,WO3,-2.2937,-2.1312,0.1626,0.346,0.2436,0.1024,3.7751,3.7167,0.0585,166.14,136.3,29.83,73.24,73.83,0.59,-2.29373,-2.1311786398363464,0.346,0.24361993713527275,3.775115476190477,3.716661993233571,166.135,136.3028037822804,73.245,73.83049263224972
mp-1178787,VO2,-2.4735,-2.3134,0.1601,0.0,0.2274,0.2274,3.7588,4.2326,0.4737,106.73,126.59,19.86,63.06,80.14,17.08,-2.4735,-2.313386991253497,0.0,0.22744851590807177,3.7588488095238097,4.23257110153278,106.73,126.59041700475855,63.06,80.14059570476407
mp-1094139,Ni2O5,-0.7918,-0.531,0.2609,0.3455,0.686,0.3405,4.3651,4.455,0.09,133.02,134.47,1.45,63.27,73.57,10.3,-0.7918163658158719,-0.5309539960200781,0.3454710526315793,0.6860103055214584,4.365059259259258,4.455033388956709,133.02005754297684,134.47307075721466,63.271431840397206,73.57045754313116
mp-1198139,ZnS,-0.8853,-0.8875,0.0022,2.097,2.1584,0.0614,1.0718,1.3279,0.2562,72.26,86.58,14.32,32.96,24.2,8.76,-0.88529,-0.8874726331189933,2.097,2.1583626361652417,1.0717558201058202,1.327949671129049,72.25999999999999,86.58161905230327,32.96,24.20195038551821
mp-1213754,Cr5Te8,-0.1875,-0.0543,0.1332,0.0,0.1335,0.1335,2.2436,1.9655,0.2781,34.19,32.78,1.41,18.77,18.24,0.53,-0.18752,-0.05434821173646062,0.0,0.1335027088128787,2.243604347041847,1.9654589034095564,34.19000000000005,32.778634143175736,18.76850000000003,18.235467423397942
mp-714911,V3O5,-2.5289,-2.5989,0.07,0.0,0.0416,0.0416,1.5246,1.9935,0.469,184.85,177.19,7.67,84.56,93.32,8.76,-2.52888,-2.5989028618622716,0.0,0.04159931021297171,1.5245656084656083,1.9935193859442204,184.85402103012748,177.18851880010004,84.55556493711946,93.31785931781535
mp-1220681,Nb2Se3,-0.8704,-0.8105,0.0599,0.0,0.1168,0.1168,1.0938,1.3643,0.2706,69.0,53.09,15.91,42.0,37.64,4.36,-0.8704,-0.8104986021396069,0.0,0.11684162196787971,1.0937793650793652,1.3643399230560365,69.0,53.09195979354977,42.0,37.63577938787605
mp-25234,CoO2,-0.9853,-1.0185,0.0331,0.0,0.0,0.0,4.3651,4.4072,0.0421,111.83,108.01,3.82,61.69,80.35,18.66,-0.98533,-1.0184656970293153,0.0,0.0,4.365059259259258,4.4071561496193095,111.83,108.00652599889244,61.69,80.34522850308457
mp-1014910,CrN2,0.0405,0.0538,0.0134,0.1591,0.186,0.0269,3.7393,3.7651,0.0258,243.51,212.45,31.06,136.25,136.63,0.38,0.0404547525800017,0.05383439108738029,0.1590999999999999,0.18596656034484818,3.739308068783069,3.765123998916649,243.51,212.4482026557512,136.25,136.62500612622964
mp-1047618,VO2,-2.4735,-2.3581,0.1154,0.0,0.0836,0.0836,3.7393,3.9634,0.2241,106.73,84.95,21.78,63.06,65.43,2.37,-2.4735,-2.358102976090822,0.0,0.0835578002887833,3.739308068783069,3.963360215007326,106.73,84.95103550623786,63.06,65.43101762266232
mp-1014342,CrN2,-0.1357,-0.3097,0.174,0.0,0.0,0.0,3.7393,3.8243,0.085,243.51,267.25,23.74,136.25,142.22,5.97,-0.1356621532533329,-0.3097078615704948,0.0,0.0,3.739308068783069,3.824305337044528,243.51,267.24543409402,136.25,142.21777164097412
mp-600604,CuO2,0.0152,0.4372,0.422,0.0,0.0,0.0,4.3651,4.5527,0.1876,95.04,71.34,23.7,32.63,47.79,15.16,0.01522,0.4372317467432778,0.0,0.0,4.365059259259258,4.5526832476704495,95.04,71.34254947832596,32.63,47.785420624760754
mp-776603,Mn15O32,-1.6364,-1.8489,0.2125,0.0,0.0,0.0,3.8982,3.7112,0.1869,138.64,121.27,17.37,50.67,45.74,4.93,-1.6363941786042546,-1.8488983889310442,0.0,0.0,3.898152513227513,3.7112478408623426,138.64201855329705,121.27103058060474,50.668927245983376,45.73503434506037
mp-20027,FeP2,-0.5489,-0.8041,0.2551,0.382,0.6412,0.2592,2.4078,2.1957,0.2121,174.89,174.61,0.28,156.19,151.11,5.08,-0.54893,-0.804065171311459,0.382,0.6412034266570934,2.407805894660895,2.1956892029128166,174.89,174.60957683095558,156.19,151.10758229029162
mp-1009135,MnP,0.0281,0.2588,0.2307,0.0,0.0,0.0,1.124,1.3245,0.2006,168.59,169.89,1.3,85.85,79.93,5.92,0.02811,0.25879319186071376,0.0,0.0,1.123975925925926,1.3245464651324128,168.59,169.89222024088735,85.85499999999999,79.93344653393765
mp-706490,Mo9O26,-2.0349,-1.8793,0.1556,0.6425,0.3949,0.2476,3.9365,3.9494,0.0128,127.65,147.33,19.68,69.84,75.99,6.15,-2.034931238214286,-1.8792922200758078,0.6425000000000001,0.3949057359704584,3.936525,3.9493523035825113,127.65009999999997,147.32965687772972,69.84087257178257,75.99286993685257
mp-1187906,Zn3N,0.6867,0.8081,0.1213,0.0,0.0,0.0,1.902,2.1183,0.2163,100.98,95.58,5.4,10.0,-2.36,12.36,0.68673,0.8080582548084566,0.0,0.0,1.9020304232804237,2.1183169666406156,100.98,95.57619024668436,10.0,-2.3589679759367534
mp-404,MnTe,0.0123,0.1345,0.1222,0.0,0.2671,0.2671,2.0781,2.2513,0.1732,43.72,33.53,10.19,22.15,22.6,0.45,0.01227,0.13446362567989592,0.0,0.2671139476640944,2.0781477994227995,2.2513343836506294,43.72,33.533462968720364,22.15,22.599750623998695
mp-1387852,CoS2,-0.4108,-0.4198,0.009,0.0,0.0954,0.0954,1.1189,1.2735,0.1545,88.67,113.38,24.71,23.14,26.73,3.59,-0.410775,-0.41976695849901163,0.0,0.09538760486738655,1.1189396825396825,1.2734773088927724,88.66999999999999,113.37509298772954,23.14,26.730228832143837
mp-13036,MoN,-0.4716,-0.6618,0.1902,0.0,0.266,0.266,2.7709,3.0781,0.3072,353.69,327.55,26.14,175.39,189.53,14.14,-0.47159,-0.6618208558013454,0.0,0.26602456681886744,2.770938756613756,3.078137701501131,353.69,327.55309085821114,175.39,189.53043776256382
mp-1354190,MnO2,-1.7473,-1.7382,0.009,0.3535,0.2374,0.1161,3.9177,3.974,0.0563,97.17,91.06,6.11,53.63,58.87,5.24,-1.74728,-1.7382401063789266,0.3535,0.23740567782145772,3.917693253968254,3.973993187323009,97.17,91.06002975999697,53.63,58.869236007803046
mp-1390618,SnO2,-1.6022,-1.7474,0.1452,0.895,0.9123,0.0173,1.345,1.0327,0.3124,129.95,143.61,13.66,66.51,63.8,2.71,-1.60225,-1.7474085298017477,0.895,0.912261739030845,1.3450484126984126,1.0326565257764693,129.95,143.6113993548529,66.51,63.79886491699014
mp-2647020,MoP2,-0.5108,-0.3176,0.1932,0.0,0.1087,0.1087,1.1851,1.2178,0.0327,169.96,182.27,12.31,125.61,130.78,5.17,-0.51078,-0.3175711897102713,0.0,0.10868103508427877,1.1850641534391535,1.2177675661207457,169.96,182.2705904275558,125.61,130.77721990447276
mp-715553,VO2,-2.4859,-2.5225,0.0366,0.0,0.1258,0.1258,3.7588,3.9902,0.2313,97.5,90.0,7.5,54.04,49.88,4.16,-2.48592,-2.5225195475128297,0.0,0.12576530092383045,3.7588488095238097,3.9901532757577676,97.49968353478948,89.99761181587525,54.03838601954718,49.875594302503835
mp-1184809,InO,-0.8942,-1.0698,0.1755,0.0,0.2085,0.2085,2.3342,2.6103,0.2761,184.89,205.39,20.5,48.61,46.33,2.28,-0.89425,-1.069785850656814,0.0,0.2085476293893002,2.3341741269841267,2.6102772096929687,184.89401187028488,205.391870860151,48.60572395777013,46.328108217934705
mp-714969,MoO2,-1.7311,-1.8034,0.0723,0.0,0.1909,0.1909,1.5112,1.299,0.2122,89.0,88.33,0.67,50.0,79.81,29.81,-1.73107,-1.8033699165658705,0.0,0.19092002778742792,1.5111693121693122,1.29897253392311,89.0,88.33391379065682,50.0,79.80910413597786
mp-849079,NiS2,-0.1236,-0.0455,0.0781,0.0,0.1024,0.1024,2.4017,1.7749,0.6268,32.47,47.89,15.42,14.8,20.84,6.04,-0.12356,-0.0454805783671782,0.0,0.10241145904356622,2.401712169312169,1.7749188073279663,32.47,47.891582790629414,14.8,20.840657859127028
mp-612405,Fe3O4,-1.5664,-1.6884,0.1219,1.237,1.1915,0.0455,1.6546,1.8931,0.2384,129.74,108.11,21.63,55.55,49.74,5.81,-1.566423692857143,-1.6883516587756071,1.2369999999999997,1.1915141606568462,1.6546500000000002,1.8930511823439908,129.74,108.10665304949646,55.55,49.73944055701079
mp-1197742,In2Te5,-0.213,-0.3879,0.1749,0.7135,0.7943,0.0808,1.008,1.1131,0.1052,47.0,26.68,20.32,24.28,34.94,10.66,-0.213025,-0.38788980123101585,0.7135,0.7943269173629914,1.0079915343915344,1.1131480808601308,46.99541616103095,26.679974926836366,24.280581424362364,34.943205274040025
mp-9460,Zn3N2,0.0159,0.0593,0.0434,0.0,0.2388,0.2388,2.0776,2.0956,0.018,132.05,107.88,24.17,56.8,49.42,7.38,0.01589,0.05931023906301962,0.0,0.23878246634348016,2.0775980158730154,2.0956243731686492,132.04833184063258,107.87753465009499,56.79816769887882,49.420897663470505
mp-1208632,ZnN6,0.4778,0.5215,0.0437,0.0,0.2374,0.2374,1.4246,1.5628,0.1382,132.45,145.19,12.74,22.46,31.15,8.69,0.4777819999999995,0.5214642365041263,0.0,0.2373775466532011,1.4246456349206351,1.5628444506392707,132.44875376190586,145.19073163949074,22.46162291653236,31.14978268685138
mp-569679,ZnSe,-0.5344,-0.6447,0.1103,1.539,1.2179,0.3211,1.1808,1.3623,0.1815,30.72,24.95,5.77,18.97,17.45,1.52,-0.5344,-0.6446998236866197,1.539,1.2178910556209857,1.1808308201058202,1.3623366558476404,30.72,24.95059997055485,18.97,17.445320411439983
mp-2704783,MoO3,-2.0337,-2.1366,0.1029,1.158,0.9103,0.2477,3.9365,3.4482,0.4883,63.95,56.97,6.98,33.2,50.77,17.57,-2.03367,-2.1366169387941163,1.158,0.9102979559902384,3.936525,3.448206600602402,63.95,56.967068982773355,33.205,50.77007037807037
mp-644514,MnO2,-1.7955,-1.7545,0.041,0.217,0.6813,0.4643,4.2896,4.4693,0.1798,97.17,94.93,2.24,53.63,52.68,0.95,-1.79554,-1.754502934522094,0.217,0.6812636624256914,4.289568253968254,4.469333161135484,97.17,94.93156384347033,53.63,52.684436882225114
mp-643063,NbSe2,-0.8511,-1.1541,0.303,0.0,0.0,0.0,1.0356,1.1589,0.1234,23.0,26.88,3.88,15.0,20.07,5.07,-0.85107,-1.1541041995460717,0.0,0.0,1.0355664021164022,1.1589445990205514,23.0,26.875772127613963,15.0,20.067504772301948
mp-2194,TiSe2,-1.1628,-1.4575,0.2947,0.0,0.0,0.0,1.0372,1.327,0.2898,41.4,22.7,18.7,27.56,25.44,2.12,-1.16276,-1.4574755966277624,0.0,0.0,1.037183068783069,1.3269988693535677,41.4,22.70310651356493,27.56,25.44401476379974
mp-1874,NbS2,-1.0309,-1.1845,0.1536,0.0,0.1033,0.1033,1.1679,1.1626,0.0053,60.68,25.13,35.55,37.25,25.59,11.66,-1.03087,-1.184482690596204,0.0,0.10330003284933807,1.1678686507936509,1.1625948128256105,60.68,25.128524300288255,37.25,25.590578956101123
mp-504100,CuO2,-0.5283,-0.5785,0.0502,0.0,0.1697,0.1697,4.3651,4.5521,0.1871,95.04,102.63,7.59,32.63,20.07,12.56,-0.5282932766666661,-0.578488649529999,0.0,0.1696810498372428,4.365059259259258,4.552110488985704,95.04,102.63494657839436,32.63,20.073444628177207
mp-10264,NiTe,-0.1748,-0.1176,0.0572,0.0,0.3871,0.3871,2.1541,2.429,0.275,35.85,51.54,15.69,16.64,14.68,1.96,-0.17478,-0.11759384200792583,0.0,0.3870800970679963,2.1540891534391533,2.4290427853311787,35.84627809136212,51.53926346766508,16.64386818695906,14.684606422998227
mp-1224800,FeTe2,-0.1392,0.1565,0.2957,0.0,0.0629,0.0629,2.2206,1.9811,0.2395,94.54,71.15,23.39,75.16,81.12,5.96,-0.1392,0.1564512173437848,0.0,0.0629347896301074,2.220562085137085,1.9810663311180636,94.545,71.1545957088335,75.155,81.11724917068389
mp-1184883,In3Se,-0.1694,-0.0002,0.1692,0.0,0.3382,0.3382,2.3916,2.8341,0.4425,50.53,59.04,8.5,26.66,36.21,9.55,-0.16938,-0.00022560561048493022,0.0,0.338244754785055,2.391582804232804,2.83411351053377,50.53090000000001,59.03501978721465,26.66355917583149,36.21225877868501
mp-25433,TiO2,-3.0804,-3.1197,0.0392,2.354,2.6485,0.2945,4.0459,3.9865,0.0594,115.63,120.25,4.62,75.16,76.28,1.12,-3.08044,-3.1196774515790793,2.354,2.6485137747056333,4.045908994708995,3.986542801756668,115.63,120.24673243584017,75.16,76.2837277708522
mp-714944,VO2,-2.3167,-2.3271,0.0104,0.0,0.0,0.0,3.7588,3.6689,0.0899,106.73,93.26,13.47,63.06,44.74,18.32,-2.31668,-2.3270582572683725,0.0,0.0,3.7588488095238097,3.6689296672319873,106.73,93.26392264769044,63.06,44.74406466939516
mp-30518,V6O11,-2.4692,-2.681,0.2118,0.3957,0.4295,0.0339,4.3738,4.2713,0.1025,150.63,171.26,20.63,66.56,67.53,0.97,-2.469227943455883,-2.681017849938509,0.3956500000000003,0.4295324209548861,4.373832804232804,4.271289023552967,150.62762472864242,171.26130124304973,66.5551362996023,67.5299303615224
mp-1096961,CrN2,0.1179,0.1077,0.0103,0.0,0.322,0.322,3.7393,3.9863,0.247,243.51,255.11,11.6,136.25,139.2,2.95,0.11793,0.10765476579993385,0.0,0.3220493492321514,3.739308068783069,3.98629211305918,243.51,255.10532162857953,136.25,139.1987934074182
mp-557054,ZnS,-0.8853,-0.9509,0.0656,2.106,2.3928,0.2868,1.6229,1.4232,0.1996,72.26,43.8,28.46,32.96,33.7,0.74,-0.88529,-0.950887779607708,2.106,2.3927837328052854,1.6228748677248677,1.4232267621795853,72.25999999999999,43.79707574087262,32.96,33.698852566886586
mp-540922,CrTe3,-0.1292,-0.0696,0.0596,0.0177,0.1565,0.1388,1.1217,1.6341,0.5123,50.91,56.43,5.52,27.54,41.54,14.01,-0.1291965712499996,-0.06959166378500703,0.0176999999999996,0.15648873511607414,1.1217425925925928,1.634056390738721,50.91295726025688,56.430861914922836,27.5379801612869,41.54416414411362
mp-974355,Mn2S3,-0.6225,-0.7984,0.1759,0.0,0.0662,0.0662,2.2154,2.596,0.3806,126.69,122.39,4.3,111.15,113.92,2.77,-0.62248,-0.7983709011122373,0.0,0.0661757903425762,2.215379743867244,2.5959665051497987,126.69319999999992,122.39062999421608,111.147393576367,113.9166744695051
mp-1187035,Sn3P,0.2521,0.352,0.0999,0.0,0.0,0.0,1.9576,1.7761,0.1816,85.06,88.58,3.52,31.38,33.14,1.76,0.25209,0.35196194426672806,0.0,0.0,1.9576462962962964,1.7760936857697809,85.06264595621842,88.57870071791943,31.382912472029915,33.141911419076116
mp-1195863,ZnN6,0.4778,0.7852,0.3074,0.0,0.1624,0.1624,4.559,4.5761,0.0171,132.45,156.2,23.75,22.46,22.63,0.17,0.4777819999999995,0.7851845023868504,0.0,0.16242955207300966,4.559018518518518,4.576139237624567,132.44875376190586,156.19671909540585,22.46162291653236,22.630872665173186
mp-1002063,SnS2,-0.3552,-0.3839,0.0288,1.534,1.7162,0.1822,0.8759,1.3917,0.5158,22.42,12.41,10.01,13.43,9.41,4.02,-0.35518,-0.3839367354312928,1.534,1.7161644330335344,0.8758669312169313,1.3916610395194389,22.42,12.40690493439582,13.43,9.410625939612189
mp-1096907,CrN2,0.1179,0.1937,0.0758,0.0,0.0,0.0,3.7393,3.5304,0.2089,243.51,247.23,3.72,136.25,130.94,5.31,0.11793,0.19371175561181042,0.0,0.0,3.739308068783069,3.5304092142179133,243.51,247.2286861247683,136.25,130.94229974672805
mp-1102743,ZnS2,-0.4764,-0.3415,0.1348,1.408,1.161,0.247,1.6093,1.442,0.1673,72.83,40.62,32.21,37.22,27.77,9.45,-0.47637,-0.34152078940665603,1.408,1.160964780842706,1.609303439153439,1.442031204252756,72.83,40.61904889496286,37.22,27.767143616256043
mp-1043379,Cr2O3,-2.0876,-2.1763,0.0886,0.556,0.3721,0.1839,1.397,2.1734,0.7764,152.07,155.43,3.35,62.64,62.22,0.42,-2.08761,-2.176259087321232,0.556,0.37211681337545344,1.3970128306878309,2.173410016464618,152.07218221406958,155.42531897434515,62.64363794442057,62.21906408261612
mp-556105,ZnS,-1.1294,-1.09,0.0394,2.0379,1.9526,0.0853,1.0718,1.3511,0.2793,72.26,80.76,8.5,32.96,32.29,0.67,-1.1293712825312503,-1.0899638081110126,2.0379,1.9526324443242076,1.0717558201058202,1.3510515970401253,72.25999999999999,80.75500483306048,32.96,32.28876584919894
mp-15809,Cr2B,-0.3461,-0.35,0.0039,0.0,0.2028,0.2028,2.6016,2.0204,0.5812,290.94,279.96,10.98,181.33,164.44,16.89,-0.34607,-0.3499751948991374,0.0,0.2027707589132274,2.601571878306878,2.0203647240790485,290.94,279.96161903001934,181.33,164.44306012208932
mp-554115,ZnS,-1.1401,-1.1265,0.0135,2.0181,2.3173,0.2992,1.0705,1.0608,0.0096,72.26,54.43,17.83,32.96,25.52,7.44,-1.1400682139062497,-1.1265492922380056,2.0181000000000004,2.3172836388537177,1.0704701058201058,1.0608266619249398,72.25999999999999,54.43209819337913,32.96,25.515997201293985
mp-1273331,VO,-1.9168,-2.0816,0.1648,0.0,0.2442,0.2442,2.7793,3.0353,0.2561,236.54,219.13,17.4,41.06,36.03,5.03,-1.91684,-2.0816270606378446,0.0,0.24420929291728743,2.779291212121212,3.0353447739610546,236.535,219.130000011615,41.06,36.033804142028856
mp-849081,Cr2S3,-0.6863,-0.6878,0.0015,0.0,0.0,0.0,2.121,2.3665,0.2456,56.45,101.85,45.4,41.75,44.74,2.99,-0.68634,-0.6878045784268956,0.0,0.0,2.1209705026455024,2.3665385406431985,56.44940000000003,101.8479469741966,41.749400000000016,44.74428519265614
mp-1147691,Fe2O5,-1.3699,-1.2744,0.0955,0.4279,0.368,0.0599,4.3651,4.0922,0.2729,228.14,213.55,14.59,44.4,52.64,8.24,-1.3698774599755257,-1.2743773746635225,0.4279000000000005,0.36796827821674827,4.365059259259258,4.092168161607839,228.1401999999998,213.54838765180807,44.39694745213336,52.63958126876831
mp-554074,NbS2,-1.4529,-1.1622,0.2907,0.0,0.1366,0.1366,1.1599,1.3541,0.1942,60.68,60.66,0.02,37.25,25.46,11.79,-1.452894622708334,-1.162201856106356,0.0,0.13657903174388028,1.1598964285714286,1.3540624135062502,60.68,60.664227840781784,37.25,25.46064582517981
mp-579,CrC,0.0961,0.2861,0.19,0.0,0.0,0.0,2.6091,2.5738,0.0353,305.9,288.85,17.05,152.28,149.53,2.75,0.0961,0.2860631449498889,0.0,0.0,2.6090894925444927,2.573778268109238,305.9,288.8528245060088,152.28,149.5315622922117
mp-1406,MnTe,0.0559,0.4903,0.4345,0.0,0.0,0.0,2.0599,2.1499,0.09,39.8,20.91,18.89,12.06,17.31,5.25,0.05586,0.4903218677732014,0.0,0.0,2.0599477994227997,2.149904761174607,39.8,20.912174987493362,12.06,17.306581450096246
mp-1178540,CoO2,-0.9853,-1.149,0.1636,0.0,0.0962,0.0962,4.7548,4.3684,0.3864,111.83,95.94,15.89,61.69,39.02,22.67,-0.98533,-1.1489575059786583,0.0,0.09622885074596613,4.754766666666666,4.368399141288483,111.83,95.94401341871885,61.69,39.01924406373843
mp-1223831,In2S3,-0.5845,-0.4124,0.1722,0.686,0.7186,0.0326,1.0269,1.4843,0.4573,44.53,40.41,4.12,28.5,36.54,8.04,-0.58451,-0.4123532066169137,0.686,0.718591295701306,1.026910052910053,1.4842550782909565,44.53205313783837,40.408085929579485,28.50314999999999,36.53907208548095
mp-1217105,Ti3O8,-3.1769,-3.1458,0.0311,0.9793,0.9159,0.0634,3.7393,3.529,0.2104,148.16,142.61,5.55,70.2,76.92,6.72,-3.176851214031426,-3.145788946318119,0.9792923076923056,0.9159178780654826,3.739308068783069,3.528957282627554,148.16179787608834,142.61416022273193,70.19764055682532,76.91866407544875
mp-1093993,ZnO,-1.5564,-1.1144,0.442,0.968,1.2053,0.2373,5.035,5.4361,0.4011,131.59,110.91,20.68,35.19,27.05,8.14,-1.55639,-1.1144286998537085,0.968,1.2052724823848608,5.035029629629629,5.436142980632858,131.59,110.90918119973276,35.19,27.046100624287824
mp-1062652,FeO2,-1.2729,-1.4449,0.172,0.0,0.0,0.0,4.3651,3.8818,0.4833,87.51,101.27,13.76,52.29,54.02,1.73,-1.27293,-1.444943720735555,0.0,0.0,4.365059259259258,3.8817969763276454,87.51,101.27138083238357,52.29,54.022684396579926
mp-2420,PW,-0.336,-0.5145,0.1784,0.0,0.4034,0.4034,2.6051,2.8781,0.273,215.44,228.75,13.31,112.95,123.84,10.89,-0.33605,-0.5144988867128328,0.0,0.4034136776873829,2.605142857142857,2.878108479880587,215.44,228.74981680454772,112.95,123.84240280036752
mp-1013525,VS2,-0.9591,-1.0884,0.1292,0.0,0.0543,0.0543,1.159,1.1165,0.0425,61.77,74.93,13.16,35.32,28.6,6.72,-0.95914,-1.0883723617099823,0.0,0.05426080061863325,1.1590349206349206,1.1165150487164759,61.77,74.9289022065235,35.32,28.60261853412605
mp-715517,VO2,-2.4322,-2.8737,0.4414,0.9538,0.9532,0.0006,3.7588,3.7575,0.0013,106.73,104.35,2.38,63.06,69.48,6.42,-2.432222255833333,-2.8736544872083645,0.9538000000000002,0.9531728398426892,3.7588488095238097,3.757515397029257,106.73,104.34576042494676,63.06,69.47515623158584
mp-558139,CuS,0.0027,-0.1114,0.1142,0.0,0.2477,0.2477,2.2048,2.2485,0.0437,87.0,58.95,28.05,19.5,17.05,2.45,0.00274,-0.11141226324377392,0.0,0.2476620727982886,2.2048220899470903,2.248511440123814,87.0,58.947847989882014,19.5,17.054568301678337
mp-1096931,CrN2,0.1179,-0.044,0.1619,0.0,0.0,0.0,3.7393,3.8958,0.1565,243.51,258.21,14.7,136.25,134.55,1.7,0.11793,-0.04401519312442399,0.0,0.0,3.739308068783069,3.8958052020276646,243.51,258.21473742741347,136.25,134.54729526463115
mp-1394584,CrO2,-1.892,-1.8677,0.0243,0.0,0.0,0.0,3.7588,3.604,0.1549,93.81,103.69,9.88,50.96,42.13,8.83,-1.89202,-1.867705130768164,0.0,0.0,3.7588488095238097,3.603951030899544,93.81,103.69027883518449,50.96,42.128342264362935
mp-556732,ZnS,-0.8864,-0.8229,0.0635,2.094,2.1419,0.0479,1.0705,1.7742,0.7038,72.26,75.08,2.82,32.96,34.17,1.21,-0.88636,-0.8228564591368651,2.094,2.1418912610700547,1.0704701058201058,1.7742451044489438,72.25999999999999,75.08478657380623,32.96,34.16531676157608
mp-690772,V5S8,-1.3514,-0.9737,0.3777,0.0,0.0,0.0,2.5037,2.1745,0.3292,20.0,20.06,0.06,13.27,16.28,3.01,-1.3513972125000004,-0.9736639878673264,0.0,0.0,2.503693235930736,2.174453281621828,20.0,20.060380326110973,13.27453129941695,16.282949067048946
mp-964,Cr3S4,-0.7259,-0.5378,0.1882,0.0,0.0,0.0,1.1292,1.3682,0.239,66.38,54.66,11.72,48.05,45.69,2.36,-0.72592,-0.5377686116200617,0.0,0.0,1.129175925925926,1.3681945290288389,66.38,54.66238160545569,48.05,45.69079445623534
mp-1080199,V3N4,-1.0874,-1.212,0.1246,0.0,0.2336,0.2336,1.3309,1.4969,0.1659,321.74,334.64,12.9,180.43,176.04,4.39,-1.0874166666666687,-1.212043554123399,0.0,0.23364861619937144,1.330949074074074,1.4968954628904911,321.73880000000025,334.64348256617956,180.43360000000004,176.0423921114855
mp-2746,MoC,0.1213,-0.0692,0.1905,0.0,0.0,0.0,2.9036,3.1764,0.2728,332.37,326.58,5.79,162.88,161.16,1.72,0.12131,-0.06915847123871316,0.0,0.0,2.903605423280424,3.176420314938463,332.37,326.58309267202446,162.88,161.15554980075893
mp-1226371,Cr2Se3,-0.5079,-0.4136,0.0943,0.0,0.0535,0.0535,1.1256,1.494,0.3684,57.65,36.95,20.7,34.59,43.55,8.96,-0.50787,-0.41361484519452524,0.0,0.053489514724563446,1.1255878306878306,1.4940087179974084,57.65,36.94838463526213,34.59,43.55262904718538
mp-1147673,Cu3O4,-0.563,-0.8398,0.2769,0.0,0.0,0.0,5.4997,5.533,0.0333,117.85,116.41,1.44,42.7,49.17,6.47,-0.56298,-0.8398318270251549,0.0,0.0,5.499718518518518,5.53303674315388,117.84515767711582,116.40945008347549,42.70008150472962,49.16823098535908
mp-1210578,NbS6,-1.0148,-0.6462,0.3686,0.0673,0.2042,0.137,1.226,1.2223,0.0037,84.04,67.17,16.87,34.83,31.99,2.84,-1.0147505217738375,-0.6461737912600931,0.0672688157894736,0.20423148444749334,1.2259519841269844,1.222277720097049,84.03882227676364,67.17082937891493,34.833312385703394,31.990307281939398
mp-756587,TiO2,-3.1398,-2.9048,0.2351,2.347,2.2719,0.0751,3.674,3.4449,0.2291,189.08,216.85,27.77,74.72,74.23,0.49,-3.13982,-2.904768835194638,2.347,2.2719423807271166,3.6740339947089935,3.4449144806727046,189.08,216.85138956627557,74.72,74.22952666166266
mp-1077263,TiS2,-1.4143,-1.5169,0.1026,0.0,0.0029,0.0029,1.1615,0.9214,0.2401,46.88,53.86,6.98,29.95,23.44,6.51,-1.41431,-1.5168754897880474,0.0,0.0029423183889407917,1.1615130952380952,0.9213711452264984,46.88,53.85969022961821,29.95,23.437899309796876
mp-767469,Ni9S10,-0.6312,-0.9885,0.3573,0.0,0.0,0.0,2.2771,1.9723,0.3048,132.91,158.36,25.45,31.75,26.78,4.97,-0.6311685352960538,-0.9884818210365387,0.0,0.0,2.277146190476191,1.972300611597639,132.90799999999996,158.3622996441938,31.752486595392316,26.782268187478405
mp-555773,ZnS,-1.1397,-0.8689,0.2708,2.0276,2.2197,0.1921,1.0705,1.3228,0.2523,72.26,77.97,5.71,32.96,20.67,12.29,-1.139694378697917,-0.8689215892231235,2.0276000000000005,2.2196701021259337,1.0704701058201058,1.3227934431933392,72.25999999999999,77.97049830501597,32.96,20.671308685437396
mp-555280,ZnS,-1.1286,-1.1585,0.0299,2.0347,1.8089,0.2258,1.0705,0.9551,0.1153,69.34,90.33,20.99,32.88,30.42,2.46,-1.128590515364584,-1.1585308630898463,2.0347,1.8088636916971743,1.0704701058201058,0.9551357832332625,69.33807864274564,90.3286422450426,32.87719676996845,30.415438899051434
mp-714921,V6O13,-2.3983,-2.1513,0.247,0.0,0.1845,0.1845,3.7393,3.9176,0.1783,101.33,124.43,23.09,51.32,35.44,15.88,-2.3982744898026307,-2.1512685841029247,0.0,0.1844800069590827,3.739308068783069,3.917561541339545,101.33189999999982,124.42638374986433,51.32195124664604,35.44272592700334
mp-755264,TiO,-2.7117,-3.0447,0.333,0.0,0.0206,0.0206,2.6395,3.0165,0.377,245.18,242.48,2.7,176.73,187.37,10.64,-2.71166,-3.0446635483915196,0.0,0.02061033168258222,2.6395115343915343,3.0164893547032126,245.18,242.47775195148492,176.73,187.3658552172671
mp-759920,Ti5O8,-3.3553,-3.4846,0.1292,0.0,0.0,0.0,2.5799,2.7541,0.1741,171.58,194.01,22.43,76.39,82.47,6.09,-3.3553311400000005,-3.4845598928362227,0.0,0.0,2.579938650793651,2.7540542495043447,171.57806207041912,194.00544614365586,76.38516171475212,82.47036816723447
mp-1096911,CrN2,0.1179,0.1125,0.0054,0.0,0.0,0.0,3.7393,3.3112,0.4281,243.51,221.64,21.87,136.25,132.82,3.43,0.11793,0.11251987962968944,0.0,0.0,3.739308068783069,3.311171172482651,243.51,221.63784181709897,136.25,132.82380275869556
mp-715617,V6O13,-2.3799,-2.3767,0.0031,0.0,0.0,0.0,3.7393,3.5161,0.2232,100.36,81.41,18.95,50.68,50.8,0.13,-2.3798785255921047,-2.3767414327345784,0.0,0.0,3.739308068783069,3.5161143451688446,100.36199999999982,81.40852148439373,50.67700598840528,50.80402598530963
mp-9945,CoTe2,-0.1686,-0.2673,0.0987,0.0,0.3939,0.3939,2.2027,2.5177,0.315,86.64,104.38,17.74,45.79,68.25,22.46,-0.16864,-0.26729195495610514,0.0,0.3938680069310016,2.202662085137085,2.5176965475990563,86.64,104.38421051322827,45.79,68.24629050094694
mp-2280,CuSe2,-0.1032,0.0179,0.1211,0.0,0.1097,0.1097,1.5687,1.4881,0.0806,64.82,32.89,31.93,26.1,23.33,2.77,-0.1032,0.017868197715244102,0.0,0.10968565593669322,1.5687236772486772,1.488146048034098,64.81509124766467,32.88818632480435,26.09783211409761,23.33043452213035
mp-1014373,CrN2,0.0771,-0.148,0.2251,0.0,0.0,0.0,3.7393,3.7682,0.0289,243.51,247.52,4.01,136.25,125.69,10.56,0.0771,-0.1480197725953273,0.0,0.0,3.739308068783069,3.7681888995474986,243.51,247.52496565196267,136.25,125.69014127942107
mp-1047121,CrO2,-1.892,-1.9277,0.0356,0.0,0.1954,0.1954,3.7393,3.963,0.2237,93.81,98.87,5.06,50.96,44.04,6.92,-1.89202,-1.927661570653437,0.0,0.1953698981086293,3.739308068783069,3.963030537194757,93.81,98.8672659213152,50.96,44.037813170021636
mp-850009,FeS2,-0.1779,-0.1597,0.0182,0.0,0.0,0.0,1.133,1.5733,0.4403,114.41,105.47,8.94,64.09,59.64,4.45,-0.17789,-0.15973887036622816,0.0,0.0,1.133014814814815,1.5732787388246074,114.41,105.4670179001133,64.09,59.636030896118584
mp-1023926,Te2W,0.0459,0.1448,0.0989,1.285,0.966,0.319,1.1673,1.4973,0.33,42.68,70.01,27.33,29.93,45.47,15.54,0.04594,0.1448069104727326,1.285,0.9659961621577833,1.167331613756614,1.497287517387194,42.68000000000001,70.00760924228187,29.93,45.471917470872235
mp-684733,Ti10O11,-2.8752,-2.736,0.1392,0.0,0.103,0.103,2.7406,2.5582,0.1825,233.81,221.22,12.6,122.01,132.15,10.14,-2.8752284278769844,-2.7359822383456103,0.0,0.10303465208146834,2.74061246031746,2.558157344845317,233.81209999999996,221.21694424108938,122.00819999999985,132.14939133382543
mp-553432,TiO2,-3.1024,-3.3392,0.2368,3.483,3.6593,0.1763,3.674,3.556,0.118,15.0,53.8,38.8,11.37,7.38,3.99,-3.10242,-3.3392171223058087,3.483,3.6592679591478356,3.6740339947089935,3.556004271363201,15.0,53.79768405823123,11.37,7.38234576729862
mp-1023934,MoSe2,-0.669,-0.9896,0.3207,1.4317,1.9303,0.4986,1.2028,1.3643,0.1615,47.02,31.07,15.94,29.8,27.51,2.29,-0.6689573490624999,-0.9896094215062018,1.4317,1.9303140993188201,1.2028419312169314,1.364330283433356,47.015,31.070135100857893,29.805,27.51405715983091
mp-1030319,Te2Mo,-0.241,0.0142,0.2552,0.785,0.9358,0.1508,0.8274,0.9089,0.0815,43.31,32.57,10.74,29.79,23.52,6.27,-0.241,0.014168858058346723,0.785,0.9358384315096625,0.8273835978835979,0.9089160404950394,43.31,32.57046998432454,29.79,23.524821656388255
mp-826017,W3O10,-1.7743,-1.7127,0.0616,0.261,0.1675,0.0935,4.1325,3.8672,0.2653,121.72,127.75,6.03,54.05,58.11,4.05,-1.77431,-1.7127400596050097,0.261,0.16747530914308345,4.132457142857143,3.867172409391012,121.72300366121168,127.75463946776196,54.05495059315327,58.10881027069705
mp-999540,MnSe,0.1985,0.0388,0.1598,0.0,0.2851,0.2851,1.1076,0.9698,0.1378,101.76,74.85,26.91,10.0,4.66,5.34,0.19854,0.038775005054656836,0.0,0.2851029066144391,1.1075878306878308,0.9697666944879473,101.76,74.8535355931062,10.0,4.66242453295284
mp-571133,NbSe2,-0.8609,-0.5498,0.3112,0.0,0.0,0.0,1.098,1.1236,0.0256,51.49,45.61,5.88,30.43,34.15,3.72,-0.86093,-0.5497567241732304,0.0,0.0,1.0979738095238096,1.1235729609309766,51.49,45.61131356211239,30.43,34.14562542267031
mp-1184892,In3S,-0.1287,-0.1115,0.0172,0.0,0.0718,0.0718,2.2538,1.9156,0.3382,37.27,39.63,2.36,10.0,20.84,10.84,-0.12868,-0.11147519498304703,0.0,0.07177009124941001,2.2538137566137566,1.9156453453805111,37.27,39.63434510795804,10.0,20.84213328740207
mp-1009488,NiN,0.504,0.739,0.235,0.0,0.0,0.0,2.465,2.8791,0.4141,259.2,254.2,5.0,77.83,81.84,4.01,0.50399,0.7390118930994215,0.0,0.0,2.4649857407407407,2.8791336591856442,259.19805763927127,254.20221325269935,77.82671501478248,81.84066481052443
mp-448,CoN,-0.0185,-0.0112,0.0073,0.0,0.0937,0.0937,5.2815,5.619,0.3375,253.9,257.91,4.01,54.18,58.49,4.31,-0.01854,-0.011196995107944155,0.0,0.09369258025493045,5.281516402116402,5.619047933994013,253.9,257.9144717996196,54.18,58.48732904269215
mp-684710,Cu9S5,-0.3394,0.0761,0.4155,0.0,0.0,0.0,2.3258,2.7956,0.4698,77.73,76.71,1.02,31.28,45.53,14.25,-0.339393438236607,0.07613895052171998,0.0,0.0,2.325819312169312,2.7955844984468365,77.73248250523912,76.71261904421846,31.276672194048057,45.52862615429861
mp-1023938,Te2Mo,-0.2681,0.0849,0.353,1.0502,1.1643,0.1141,1.1309,0.9967,0.1342,43.42,33.1,10.32,25.47,5.59,19.88,-0.2680710533333332,0.08491764321867262,1.0502,1.1643328790365666,1.1309193121693122,0.9967225653603248,43.42,33.102216931569515,25.47,5.5942187471979565
mp-1025799,MoSe2,-0.6444,-0.7019,0.0575,1.123,0.9209,0.2021,1.2028,1.03,0.1729,32.01,48.43,16.42,22.33,12.12,10.21,-0.6444,-0.7018688260398732,1.123,0.9209449530031583,1.2028419312169314,1.0299814080573704,32.01,48.4301900615486,22.33,12.123022755755166
mp-771359,Cu2O3,-0.8429,-0.6504,0.1925,0.0,0.0,0.0,5.7378,6.2596,0.5218,159.27,177.37,18.1,55.57,62.36,6.8,-0.8429194447500009,-0.6504373823677714,0.0,0.0,5.737760846560846,6.259590477041917,159.26943807835443,177.37438536743204,55.565914047006906,62.36237013296025
mp-1944,CoP3,-0.4932,-0.3675,0.1257,0.0,0.0,0.0,2.12,1.7726,0.3475,148.9,134.64,14.26,114.53,119.35,4.82,-0.49316,-0.3674787452544619,0.0,0.0,2.12004962962963,1.7725860111281098,148.90319263904462,134.644687094961,114.52804651154588,119.3512974985536
mp-458,Ti2O3,-3.1318,-2.858,0.2738,0.0,0.0,0.0,2.6913,2.4949,0.1963,15.0,48.29,33.29,10.0,30.51,20.51,-3.13181,-2.858014707529051,0.0,0.0,2.69129208994709,2.4949428649254792,15.0,48.28990692423758,10.0,30.513191522039413
mp-1455,MnS2,-0.4701,-0.6742,0.2041,0.0,0.1727,0.1727,2.2769,2.5738,0.2969,40.3,23.99,16.31,12.88,5.04,7.84,-0.47007,-0.6741586702514825,0.0,0.1727221232563379,2.276897362914863,2.573780528359484,40.295,23.988280177390113,12.885,5.0444657940695246
mp-16730,MoN,-0.1797,-0.0457,0.134,0.0,0.0686,0.0686,2.7709,2.2549,0.516,330.2,329.73,0.47,47.82,67.51,19.69,-0.17973,-0.04571889061157272,0.0,0.06855735300700763,2.770938756613756,2.2549449040378553,330.2,329.72821313702707,47.82,67.51249548216367
mp-2662,MnP,-0.5643,-0.3541,0.2103,0.0,0.0,0.0,2.2772,2.0824,0.1948,176.61,146.56,30.05,106.35,128.88,22.53,-0.56433,-0.35406137951739985,0.0,0.0,2.277193593073593,2.082364520894837,176.61,146.55625671299046,106.35,128.8795164341002
mp-1101295,Ti2O3,-3.0195,-3.3862,0.3667,0.026,0.0165,0.0095,2.5153,2.6521,0.1368,15.0,22.6,7.6,10.0,3.38,6.62,-3.01952,-3.3861726317428538,0.026,0.01654609349640442,2.5153107888407886,2.652109468520322,15.0,22.60330734324078,10.0,3.3770588277709956
mp-1080190,Ti3N4,-1.4739,-1.7227,0.2488,0.0,0.047,0.047,4.8757,5.1828,0.3071,201.83,228.03,26.2,81.42,88.77,7.35,-1.47388,-1.7226810593239739,0.0,0.04699403808836386,4.875675661375661,5.18275613844995,201.83049999999972,228.02663671188066,81.4188233401282,88.76656623445834
mp-20050,InP3,-0.0955,-0.5196,0.4241,0.0,0.0,0.0,2.1031,1.9498,0.1533,50.76,57.16,6.4,22.82,26.66,3.84,-0.09553,-0.5196241567167208,0.0,0.0,2.103073677248677,1.949803821355113,50.75694600011636,57.161234860010296,22.816347578175105,26.660424735525666
mp-1014339,CrN2,-0.1122,-0.1738,0.0617,0.0,0.1181,0.1181,3.7393,3.4722,0.2671,243.51,217.83,25.68,136.25,122.28,13.97,-0.1121512490866649,-0.17380649100362255,0.0,0.11806857424726128,3.739308068783069,3.4722129676617635,243.51,217.8257204657728,136.25,122.28406743797248
mp-542844,V2O5,-2.2422,-2.1018,0.1405,1.396,1.5602,0.1642,3.7734,3.3093,0.4641,101.72,117.19,15.47,40.3,31.29,9.01,-2.242215435178572,-2.1017553900812382,1.396,1.560216491605416,3.7733821428571424,3.3092648153731767,101.725,117.19402199951496,40.3,31.29138905497544
mp-2097,SnO,-1.429,-1.1278,0.3012,0.505,0.6079,0.1029,2.4217,2.363,0.0587,48.66,66.13,17.47,32.25,31.58,0.67,-1.42895,-1.1277693368122297,0.505,0.60791950284109,2.421662005772005,2.3630001339670925,48.66,66.12612101718497,32.25,31.582744663666254
mp-2282,NiS2,-0.3397,-0.3311,0.0087,0.0,0.1118,0.1118,2.0534,1.952,0.1013,58.18,48.68,9.5,20.45,27.76,7.31,-0.33974,-0.33105024827472446,0.0,0.11182579894029335,2.053376851851852,1.9520469251663797,58.18,48.67538542343113,20.45,27.761711579104905
mp-684674,Cr5S8,-1.0622,-0.7352,0.327,0.0,0.0,0.0,1.1369,1.2364,0.0995,74.19,90.64,16.45,43.4,47.13,3.73,-1.062219740192308,-0.7351828581791817,0.0,0.0,1.1368814814814814,1.236362083834898,74.188981416622,90.64121154319763,43.40140000000003,47.129115468692554
mp-1181008,InO2,-1.122,-1.4111,0.2891,0.15,0.2335,0.0835,1.4681,0.9166,0.5514,166.59,186.87,20.27,55.34,38.6,16.74,-1.12203,-1.41114212382549,0.15,0.23353509992821345,1.4680907407407409,0.9166476994386136,166.5943999999998,186.86742069469446,55.33509087118061,38.597081266057145
mp-1183691,CrN,-0.6896,-1.0449,0.3553,0.0,0.0,0.0,4.6885,4.612,0.0765,272.17,279.12,6.95,69.7,57.75,11.95,-0.68955,-1.0448661752153163,0.0,0.0,4.688505952380952,4.6120121206952875,272.17,279.1221148948893,69.7,57.75083243660077
mp-1407329,WN2,-0.4074,-0.4253,0.0179,0.7,0.7093,0.0093,3.741,3.4248,0.3162,327.32,317.12,10.2,193.5,207.41,13.91,-0.4074,-0.4252594666441255,0.7,0.7093022669409668,3.7410414021164016,3.424798223239126,327.32,317.116339659986,193.505,207.4140830306089
mp-1147607,InS2,-0.2711,-0.1989,0.0722,0.0,0.0193,0.0193,1.085,0.9716,0.1134,59.28,71.03,11.75,28.85,27.18,1.67,-0.27108,-0.19891198860221268,0.0,0.019250518352776712,1.0849933862433865,0.9715704036674488,59.28,71.02944038627368,28.85,27.181025613450373
mp-1201781,ZnS,-0.8853,-0.8985,0.0132,2.097,2.1739,0.0769,1.0718,1.1868,0.115,72.26,94.67,22.41,32.96,35.28,2.32,-0.88529,-0.8984694575572837,2.097,2.1738632924701964,1.0717558201058202,1.1867990314840449,72.25999999999999,94.66559964309145,32.96,35.28390216383188
mp-1097766,CrN2,0.1179,-0.3119,0.4299,0.0,0.0519,0.0519,3.7393,3.7346,0.0047,243.51,218.34,25.17,136.25,131.51,4.74,0.11793,-0.3119412090435418,0.0,0.05188317681205963,3.739308068783069,3.734603214631536,243.51,218.33910792140838,136.25,131.5057065091614
mp-1096957,CrN2,0.1179,0.0932,0.0247,0.0,0.0,0.0,3.7393,4.0624,0.3231,243.51,294.85,51.34,136.25,129.2,7.05,0.11793,0.09319532233792313,0.0,0.0,3.739308068783069,4.062387890622331,243.51,294.85327417987503,136.25,129.19643095692132
mp-1220475,Nb7S8,-1.1571,-1.4307,0.2736,0.0033,0.0,0.0033,2.5264,2.7519,0.2255,52.89,70.29,17.41,37.8,24.76,13.04,-1.1570607373890285,-1.430684347175469,0.0033157894736842,0.0,2.526361111111111,2.7518977706600585,52.88930000000002,70.29494778922346,37.80015000000005,24.7577755333452
mp-776041,V2O5,-2.381,-2.2503,0.1307,1.657,1.5616,0.0954,3.6886,4.0247,0.3362,101.72,108.92,7.19,40.3,16.18,24.12,-2.381,-2.250343094353709,1.657,1.561567649256407,3.688567328042328,4.024747763096426,101.725,108.91557166946023,40.3,16.183527216053694
mp-1213750,Cr5Te8,-0.1762,-0.1076,0.0686,0.0,0.0424,0.0424,2.1271,1.7496,0.3775,34.19,45.13,10.94,18.77,25.57,6.81,-0.17618,-0.10758906137197438,0.0,0.04238394331265178,2.1271394660894662,1.7496187977969848,34.19000000000005,45.13226933609429,18.76850000000003,25.574973844930355
mp-1042086,MoS2,-0.9242,-1.1232,0.199,0.921,1.2366,0.3156,1.1354,1.5317,0.3963,60.92,81.62,20.7,44.87,56.25,11.38,-0.92422,-1.1231800273867798,0.921,1.2366286807923228,1.1354156084656084,1.5316956987946664,60.915000000000006,81.61774595913369,44.870000000000005,56.25170217181186
mp-1017532,VN,-1.2108,-1.3225,0.1117,0.0,0.0,0.0,2.6435,2.7333,0.0899,330.0,312.21,17.79,228.64,226.33,2.31,-1.21076,-1.3224777226526565,0.0,0.0,2.643469867724868,2.7333209684889423,330.0,312.20546765285656,228.64,226.33124453313457
mp-631,TiC,-0.9199,-1.1433,0.2234,0.0,0.1319,0.1319,2.7321,2.2886,0.4435,255.3,262.33,7.03,180.36,179.13,1.23,-0.91993,-1.1433281391921635,0.0,0.13192675697743925,2.73214208994709,2.2886489746258034,255.3,262.33444978179887,180.36,179.13424319353263
mp-1041565,TiO2,-3.1211,-3.1404,0.0193,2.2435,2.1666,0.0769,3.7588,3.689,0.0699,189.08,168.41,20.67,74.72,66.55,8.17,-3.12112,-3.14043989114215,2.2435,2.1665858498787687,3.7588488095238097,3.6889701770254106,189.08,168.4089491626529,74.72,66.55308537027665
mp-1232659,MnO,-1.3127,-1.1235,0.1891,0.0,0.0,0.0,1.4635,1.2612,0.2023,184.99,157.71,27.28,54.12,66.82,12.71,-1.31265,-1.1235323232706054,0.0,0.0,1.463487830687831,1.2612021281064565,184.99,157.71013959123928,54.115,66.82327804803563
mp-927,CuP2,-0.1239,-0.3323,0.2083,0.941,1.1329,0.1919,2.1215,1.8117,0.3098,88.02,87.7,0.32,52.61,45.95,6.66,-0.12391,-0.3322587892709704,0.941,1.1329360202099537,2.1215106565656563,1.8116935120865647,88.02,87.70284982949511,52.61,45.948654796057696
mp-796336,MnO2,-1.7473,-1.6505,0.0967,0.3535,0.4902,0.1367,3.9177,4.0465,0.1288,97.17,86.63,10.54,53.63,58.58,4.95,-1.74728,-1.6505413112009173,0.3535,0.49022673958275076,3.917693253968254,4.046481191327115,97.17,86.62923564053679,53.63,58.584800392090834
mp-1303934,Mn2O3,-1.7537,-1.8688,0.1151,0.0,0.0371,0.0371,1.5957,1.6989,0.1031,150.11,156.1,5.99,51.17,38.97,12.21,-1.75368,-1.86875434081763,0.0,0.03706641723833645,1.5957378306878305,1.6988735261775825,150.1147697439831,156.1024920267249,51.17092144275271,38.96559571830339
mp-9946,ZnS,-0.8857,-1.0545,0.1689,2.102,2.0087,0.0933,1.0705,0.7859,0.2845,72.41,72.0,0.41,32.97,29.23,3.74,-0.88569,-1.0545447737239941,2.102,2.008718086900608,1.0704701058201058,0.7859413715815222,72.41,71.99775927510923,32.97,29.225397918647285
mp-684829,Co27Se32,-0.2199,-0.2483,0.0284,0.0,0.0,0.0,2.3095,2.0553,0.2542,118.38,115.5,2.89,50.61,43.98,6.62,-0.2198698309322041,-0.24827232651153947,0.0,0.0,2.309533315295815,2.055309387351009,118.38419789223734,115.49807380435311,50.6071423380689,43.98259722423126
mp-704645,CuO,-0.7433,-0.9618,0.2185,0.0,0.0,0.0,5.3257,5.0752,0.2504,146.0,135.27,10.73,25.0,29.98,4.98,-0.74327,-0.9617591262463288,0.0,0.0,5.325664550264551,5.0752444235984635,146.0,135.27436037794803,25.0,29.975948394583494
mp-1186027,MoSe,0.1236,0.0037,0.1199,0.0,0.0,0.0,2.7503,2.5655,0.1848,71.51,60.59,10.92,37.65,44.79,7.14,0.12355,0.0036853234159161252,0.0,0.0,2.7503087301587303,2.565517417027932,71.50787100990497,60.58752401164814,37.649962130066015,44.78980889856193
mp-22762,CoN3,0.5154,0.2637,0.2518,0.0,0.3091,0.3091,4.9979,5.0573,0.0595,295.56,308.86,13.3,62.02,67.77,5.75,0.51545,0.26365506774140207,0.0,0.30905219821661145,4.9978756613756605,5.057338589042284,295.56479035763766,308.86407589784744,62.02360642319576,67.76867207621932
mp-20974,VO2,-2.4944,-2.0985,0.3959,0.0,0.0672,0.0672,3.7588,3.6534,0.1055,106.73,115.73,9.0,63.06,64.4,1.34,-2.49439,-2.0985219225521083,0.0,0.06722179138118743,3.7588488095238097,3.6533735005167376,106.73,115.73016942334536,63.06,64.40219157517544
mp-14285,CoP2,-0.5389,-0.5381,0.0007,0.429,0.614,0.185,2.3038,2.3218,0.018,163.17,137.29,25.87,121.8,140.08,18.28,-0.53885,-0.5381124161833871,0.429,0.6140364523574064,2.303821767676768,2.321831662885733,163.16539836117926,137.29042576255472,121.79985976557528,140.08030074254336
mp-1178239,FeO,-1.0041,-1.1538,0.1498,0.0,0.295,0.295,1.5563,1.5621,0.0057,185.88,177.91,7.97,48.78,75.65,26.87,-1.00407,-1.1538493235659646,0.0,0.2949673709115368,1.5563175925925927,1.562059923371249,185.88,177.91495387891868,48.785,75.65205839738617
mp-16366,Cu2Se,0.0224,0.0598,0.0373,0.0,0.1096,0.1096,2.3482,1.9954,0.3528,83.1,97.39,14.29,10.0,28.35,18.35,0.02244,0.05977654165812389,0.0,0.10961223225552709,2.348208201058201,1.9953860678527437,83.1,97.39195235989715,10.0,28.353663644602506
mp-1222372,Mn20O43,-1.7128,-1.7423,0.0295,0.2425,0.0736,0.1689,3.8982,4.1932,0.295,100.63,93.98,6.65,57.23,63.26,6.03,-1.7128046162192043,-1.7422920148519467,0.2424969696969692,0.07358876324030347,3.898152513227513,4.193188012750409,100.62755107106705,93.98103331413382,57.226451626496,63.258422640987256
mp-752989,Ti8O13,-3.1347,-3.1865,0.0517,0.053,0.2632,0.2102,1.3451,1.3172,0.0279,20.0,60.89,40.89,19.37,26.23,6.86,-3.13472,-3.1864558795779163,0.053,0.2632474545269588,1.3451145502645503,1.3171976015414493,20.0,60.89424038536844,19.3722173662288,26.228803787869325
mp-619461,WO3,-2.2807,-2.1614,0.1193,0.579,0.5681,0.0109,3.7751,3.9355,0.1603,166.14,177.48,11.35,73.24,105.34,32.09,-2.28072,-2.1614300236810813,0.579,0.5680600406799036,3.775115476190477,3.9354526488434853,166.135,177.48015295903392,73.245,105.33619171064308
mp-1068510,In2Te3,-0.2532,-0.1046,0.1486,0.0,0.0404,0.0404,1.0688,0.7344,0.3344,44.96,67.04,22.07,22.82,15.33,7.49,-0.25325,-0.10460551120993422,0.0,0.04042373275240947,1.0688080687830688,0.7344347094977326,44.96080000000004,67.03561735879899,22.81880651920314,15.331655845352849
mp-1095323,WO5,-2.0645,-2.1796,0.1151,0.493,0.2978,0.1951,3.741,3.9499,0.2089,167.88,143.92,23.97,76.65,76.76,0.11,-2.064455878851648,-2.1795800915242087,0.4929500000000004,0.297802083514197,3.7410414021164016,3.9499381359554673,167.88206878425876,143.91690989059424,76.6475032050402,76.75509761294668
mp-556750,CoO2,-0.9267,-1.0511,0.1244,0.0,0.0,0.0,4.3651,4.2244,0.1406,79.16,78.2,0.96,51.43,56.72,5.29,-0.92667,-1.0510746075336763,0.0,0.0,4.365059259259258,4.224429447803249,79.16,78.1951049263805,51.43,56.72004662586841
mp-1147746,CoS,-0.2096,-0.2724,0.0628,0.0,0.0,0.0,1.179,0.8208,0.3582,159.69,150.76,8.93,49.12,46.22,2.9,-0.20956,-0.2723712418134882,0.0,0.0,1.1790222222222224,0.8207821269865156,159.69235388571332,150.76239552254958,49.118659539226186,46.22015193154597
mp-1232036,InSe2,-0.2243,-0.7022,0.4779,0.0,0.0,0.0,1.0688,1.1001,0.0313,47.65,67.4,19.75,27.96,35.65,7.68,-0.22428,-0.7021696974624998,0.0,0.0,1.0688080687830688,1.1001266976740738,47.653850814523096,67.40136481665893,27.96459179692276,35.646609100131926
mp-1180281,Mo3O10,-1.7019,-2.0187,0.3168,0.309,0.5538,0.2448,4.2939,4.0178,0.2761,97.89,109.09,11.2,40.61,25.09,15.52,-1.70188,-2.018656847722394,0.309,0.5538162025011727,4.293866666666666,4.01776930420238,97.88845685356908,109.09022756575835,40.61131982991097,25.086872591371105
mp-1061769,CrSe2,-0.35,-0.0766,0.2734,0.0,0.234,0.234,1.2121,0.8459,0.3662,48.5,64.82,16.32,31.86,44.12,12.26,-0.35,-0.0765645793744989,0.0,0.23404430772625556,1.2120964285714286,0.845920032039347,48.5,64.82073182242948,31.86,44.12015073155298
mp-7541,SnP3,-0.049,0.2814,0.3304,0.0,0.0,0.0,2.0171,1.7106,0.3065,42.63,64.54,21.92,25.32,17.19,8.13,-0.04903,0.2813556090621281,0.0,0.0,2.0170629629629637,1.7106051126341404,42.626775847388245,64.5433006944631,25.322382436666192,17.188404985030154
mp-604,Nb2O5,-2.7176,-2.7751,0.0575,2.566,2.6048,0.0388,1.2704,1.6321,0.3616,124.54,147.8,23.26,62.23,50.38,11.85,-2.71763,-2.7751135484666603,2.566,2.6048029905623244,1.2704075396825398,1.6320522453903448,124.54,147.799434652517,62.23,50.38441500613918
mp-1097032,CrN2,0.1179,0.2295,0.1116,0.0,0.0,0.0,3.7393,3.6915,0.0478,243.51,238.79,4.72,136.25,121.63,14.62,0.11793,0.22951795514988335,0.0,0.0,3.739308068783069,3.6915386852314036,243.51,238.78974722323127,136.25,121.63076999595795
mp-1205415,Fe2O3,-1.3297,-1.2725,0.0573,0.0,0.0844,0.0844,1.437,1.4214,0.0156,228.76,207.43,21.33,46.48,50.04,3.56,-1.32973,-1.2724736839179709,0.0,0.08441077566519245,1.4370203703703706,1.4213887199200932,228.76,207.4323329568888,46.475,50.03836475799225
mp-1079888,TiSe,-0.9894,-0.3653,0.624,0.0,0.1608,0.1608,2.4282,1.7875,0.6407,107.17,127.09,19.92,57.66,60.08,2.42,-0.98936,-0.3653262589257731,0.0,0.1608141116969769,2.428171296296296,1.7874599877510364,107.17,127.09489552236899,57.66,60.077468796335815
mp-684997,Ni23Te42,-0.2132,0.0096,0.2228,0.0,0.1689,0.1689,2.1367,1.9164,0.2203,58.59,55.19,3.4,28.35,25.79,2.56,-0.2131518975384612,0.00963959341259324,0.0,0.16888281438879896,2.1367046296296297,1.9163956872233698,58.59000000000008,55.18797935368495,28.34999999999995,25.79136356602678
mp-1042111,CrS2,-0.5898,-0.6225,0.0327,0.0,0.0147,0.0147,1.1322,1.4279,0.2957,45.59,34.58,11.01,30.87,23.77,7.1,-0.58982,-0.6224999490332159,0.0,0.014740570020665056,1.1322015873015874,1.4279093103761658,45.59,34.583013528880926,30.87,23.77486187018697
mp-1178873,V2O3,-2.4512,-2.6534,0.2022,0.0,0.0,0.0,1.4003,1.04,0.3603,233.16,209.27,23.89,111.53,113.04,1.51,-2.4512150000000004,-2.6533821407673313,0.0,0.0,1.4003342592592594,1.0399887350516797,233.16,209.26586200100218,111.53,113.04496348537884
mp-1277117,VO2,-2.4735,-2.809,0.3355,0.0,0.0,0.0,3.7588,3.8934,0.1345,106.73,101.01,5.72,63.06,48.28,14.78,-2.4735,-2.808964825508226,0.0,0.0,3.7588488095238097,3.893368970068949,106.73,101.01088778538637,63.06,48.27937835432369
mp-763787,Fe8O9,-1.1144,-1.0792,0.0352,0.0,0.0,0.0,1.5232,1.2883,0.2348,158.37,148.27,10.1,41.8,43.55,1.74,-1.11436,-1.0791770647781986,0.0,0.0,1.5231537037037035,1.288323701363464,158.37139999999974,148.27240716195035,41.80474555064371,43.546404435173514
mp-1876,SnS,-0.5209,-0.6823,0.1614,0.443,0.5191,0.0761,2.0984,2.0098,0.0886,55.93,65.47,9.54,35.54,47.58,12.04,-0.52092,-0.6822954901774347,0.443,0.519067964541022,2.098380339105339,2.0097544731323067,55.93,65.47493902869167,35.54,47.575590350246685
mp-1042100,WS2,-0.8848,-1.1825,0.2977,0.7495,0.6478,0.1017,1.0402,1.195,0.1548,47.16,50.8,3.64,32.97,20.7,12.26,-0.884785,-1.1825293972332838,0.7495,0.6477958784331469,1.0401867724867726,1.1949968583290465,47.155,50.799355090187824,32.965,20.703977981047228
mp-756900,Co7O12,-1.0183,-1.1572,0.1389,0.0,0.0718,0.0718,4.7548,5.2573,0.5025,112.8,127.62,14.82,63.77,38.3,25.47,-1.01827,-1.157164306384189,0.0,0.07183055403856814,4.754766666666666,5.2572801955381,112.7975,127.62066670670562,63.7736999999999,38.302074302087945
mp-1289705,VO2,-2.4735,-2.7015,0.228,0.0,0.1383,0.1383,3.7588,3.4978,0.261,106.73,106.18,0.55,63.06,43.68,19.38,-2.4735,-2.7014719720563827,0.0,0.13831658406429614,3.7588488095238097,3.4978161051105423,106.73,106.17875737681653,63.06,43.67616087451809
mp-1194571,In2O3,-1.6986,-1.3596,0.339,0.827,0.7226,0.1044,1.6601,1.4272,0.2329,161.15,168.05,6.9,65.22,54.68,10.54,-1.698575,-1.3595526797364659,0.827,0.7225504601649531,1.6601425925925926,1.4272423436192458,161.14999999999998,168.0494638972672,65.22,54.68268250094259
mp-796331,MoO5,-1.9041,-1.7301,0.1741,0.4732,0.058,0.4151,3.9365,3.6759,0.2606,105.76,101.42,4.34,49.58,50.99,1.41,-1.9041184799579585,-1.7300532429901074,0.4731763157894733,0.05804718748438875,3.936525,3.6759032285143642,105.7585142806046,101.41794129253508,49.57942690435033,50.9894985222926
mp-1025576,Te2Mo,-0.2027,-0.2108,0.0081,1.133,1.3266,0.1936,1.1309,1.1722,0.0413,21.64,33.48,11.84,12.19,18.08,5.89,-0.20266,-0.21077666783860652,1.133,1.326600382241698,1.1309193121693122,1.1722018678623924,21.64,33.47943113309392,12.19,18.080623421310616
mp-1275937,CoO2,-0.9853,-0.6887,0.2966,0.0,0.1456,0.1456,4.3651,4.6032,0.2382,111.83,82.13,29.7,61.69,82.7,21.01,-0.98533,-0.6887392314990506,0.0,0.14559434791911882,4.365059259259258,4.603216963829625,111.83,82.13271895427718,61.69,82.70256766736674
mp-755880,WN2,-0.4053,-0.3959,0.0094,0.1365,0.0,0.1365,1.3752,1.3386,0.0366,327.32,327.35,0.03,193.5,195.66,2.16,-0.4052866270033325,-0.39592649632766613,0.1364999999999998,0.0,1.375195238095238,1.3386193780845763,327.32,327.34988548536785,193.505,195.66063916440106
mp-557418,ZnS,-1.1395,-1.3224,0.1829,2.0311,2.2423,0.2112,1.0705,1.2445,0.174,72.26,32.47,39.79,32.96,46.2,13.24,-1.1394893990312505,-1.322353997203666,2.0311,2.2423004286932575,1.0704701058201058,1.2444982919831957,72.25999999999999,32.46751055241842,32.96,46.20332378197496
mp-755235,V2O5,-2.3917,-2.0863,0.3054,1.642,1.2199,0.4221,3.6886,2.7836,0.905,101.72,104.94,3.21,40.3,35.78,4.52,-2.39171,-2.08627650017161,1.642,1.2199476381917447,3.688567328042328,2.7835821883623524,101.725,104.93558538148692,40.3,35.77739838229292
mp-1102515,ZnSe2,-0.3255,-0.2216,0.1039,0.342,0.525,0.183,1.6247,1.3169,0.3078,59.77,60.05,0.28,27.34,31.58,4.24,-0.325505,-0.2216266805234633,0.342,0.5249948732158551,1.6247256613756615,1.31689174495146,59.77,60.05123620730293,27.34,31.580330704687384
mp-1208223,Ti5S8,-1.5286,-1.7475,0.2189,0.0,0.0369,0.0369,2.4777,2.8771,0.3994,139.71,140.92,1.21,100.87,100.21,0.66,-1.52857,-1.747469486887048,0.0,0.03687798751099587,2.4776927248677247,2.8771219564681894,139.71370679849133,140.92279105657852,100.874288341616,100.2146985554384
mp-1198417,Cr4O15,-1.5313,-1.5768,0.0455,0.6719,0.6551,0.0168,3.7734,3.587,0.1864,110.05,131.03,20.98,57.27,57.35,0.08,-1.531297058823528,-1.5767600946027915,0.6719411764705889,0.6551463783895227,3.7733821428571424,3.5870040890964825,110.0491,131.0312294638751,57.26820171219349,57.35022643698242
mp-556048,Nb2O5,-3.0428,-3.2286,0.1858,1.5321,1.1466,0.3855,1.6855,1.8013,0.1158,145.69,141.23,4.46,57.55,46.72,10.83,-3.0427980882142864,-3.2285981276106965,1.5321,1.146639588117428,1.6855408730158732,1.8013282759377407,145.69,141.22753225912456,57.55,46.72045006932943
mp-821,NbO2,-2.9079,-3.1975,0.2897,0.426,0.2057,0.2203,1.5901,1.0031,0.5871,174.21,173.7,0.51,40.06,35.68,4.38,-2.907868634791668,-3.1975333323786512,0.4260000000000001,0.2056961584605929,1.5901366402116404,1.0030794676543708,174.21,173.70107359133314,40.06,35.67808871316695
mp-1184256,Fe3Se,-0.021,0.1622,0.1832,0.0,0.0,0.0,2.3066,1.9898,0.3168,58.65,53.67,4.98,25.13,35.15,10.01,-0.0209774660267858,0.16220857404582137,0.0,0.0,2.306637481962482,1.9897975609381566,58.648700000000055,53.66755002646679,25.13383471452005,35.14605483417159
mp-18896,V6O13,-2.3993,-2.0148,0.3845,0.0,0.0,0.0,3.7588,3.7096,0.0492,101.33,101.17,0.16,51.32,35.18,16.14,-2.3993007711184213,-2.0147592067963274,0.0,0.0,3.7588488095238097,3.709634375042339,101.33189999999982,101.17202918629282,51.32195124664604,35.17815785003918
mp-1388338,Cr3O8,-1.4583,-1.7512,0.2929,0.0,0.1146,0.1146,3.7393,3.9431,0.2038,149.51,157.52,8.01,56.67,57.59,0.92,-1.45833,-1.7512237618981106,0.0,0.11455945758622235,3.739308068783069,3.9431467699648426,149.51222953326192,157.5233641944613,56.67379620144151,57.58890132677891
mp-550206,CoO2,-0.9853,-0.8765,0.1088,0.0,0.0,0.0,4.7548,4.7648,0.01,111.83,93.12,18.71,61.69,41.49,20.2,-0.98533,-0.8765246475611683,0.0,0.0,4.754766666666666,4.764762174610808,111.83,93.12240505313034,61.69,41.48511973671285
mp-1028,V3Te4,-0.3004,-0.4401,0.1397,0.0,0.2503,0.2503,2.3833,1.9854,0.3979,52.39,57.16,4.77,31.79,28.47,3.32,-0.30037,-0.44009772883279485,0.0,0.25033633515181036,2.383278751803752,1.9854241228443914,52.39,57.16220610110872,31.79,28.471630431575466
mp-776321,WN2,-0.407,-0.5132,0.1062,0.5702,0.46,0.1102,4.3756,4.3195,0.056,327.32,327.43,0.11,193.5,183.15,10.35,-0.4069528886699996,-0.5131942673181346,0.5701999999999998,0.46001959908955636,4.375566137566137,4.319531140107958,327.32,327.4344765627352,193.505,183.15131878061732
mp-788,CoTe,-0.0321,-0.1599,0.1278,0.0,0.1486,0.1486,2.2027,2.6847,0.482,112.92,116.53,3.61,48.97,50.27,1.3,-0.03209,-0.15988910789871663,0.0,0.1486322851420285,2.2026512962962967,2.684695860503273,112.92,116.53119310424809,48.97,50.267616199741596
mp-203,NiTe,-0.1601,-0.3436,0.1834,0.0,0.0,0.0,2.2027,2.1785,0.0242,99.72,91.94,7.78,32.13,37.83,5.7,-0.16015,-0.34356887077330966,0.0,0.0,2.2026512962962967,2.1784715878137706,99.72,91.94168687412805,32.13,37.82578106218791
mp-849057,FeS,-0.3502,-0.3468,0.0035,0.0,0.2769,0.2769,2.3285,1.9023,0.4262,163.18,164.26,1.08,80.78,90.51,9.74,-0.35023,-0.3467773219023771,0.0,0.2768923186579219,2.328489047619048,1.9023259483355537,163.175,164.2551174685949,80.775,90.5148900614067
mp-966,NbS2,-1.118,-1.2947,0.1767,0.0,0.0,0.0,1.0449,1.0479,0.003,60.68,89.59,28.91,37.25,28.33,8.92,-1.118,-1.2946525429205415,0.0,0.0,1.0448997354497356,1.0478564856912758,60.68,89.59058148942752,37.25,28.32893131642763
mp-25275,MnO2,-1.7374,-1.6885,0.0489,0.363,0.4123,0.0493,3.9177,3.9257,0.008,97.17,130.6,33.43,53.63,50.52,3.11,-1.73739,-1.6884876663400366,0.363,0.4123468971556209,3.917693253968254,3.925674900581833,97.17,130.6017293640135,53.63,50.517783855623996
mp-694910,Fe35O36,-1.606,-1.6227,0.0168,1.13,1.0464,0.0836,1.6393,1.6117,0.0276,185.53,144.56,40.97,51.08,61.0,9.92,-1.6059517183802818,-1.622723845053463,1.1300000000000003,1.0463988761406309,1.6393092592592593,1.6116970627722114,185.53405791827893,144.5591982317166,51.07558740699843,60.99581607947571
mp-1014995,CrN2,-0.1091,-0.1645,0.0554,0.0,0.1233,0.1233,3.7393,3.5519,0.1874,243.51,286.87,43.36,136.25,152.34,16.09,-0.109072061308887,-0.16448971037091384,0.0,0.12333261092148201,3.739308068783069,3.5519230188965447,243.51,286.86894588555987,136.25,152.34236036149304
mp-1197857,WO3,-2.2807,-2.4731,0.1923,0.579,0.5342,0.0448,3.7751,3.8716,0.0965,166.14,181.95,15.81,73.24,66.32,6.92,-2.28072,-2.473062074343616,0.579,0.5342432197608975,3.775115476190477,3.8716151184182364,166.135,181.94790555980012,73.245,66.32196357338158
mp-1096924,CrN2,0.1179,-0.0067,0.1246,0.0,0.1452,0.1452,3.7393,3.4176,0.3217,243.51,252.78,9.27,136.25,145.96,9.71,0.11793,-0.006669788871168189,0.0,0.14515403607817193,3.739308068783069,3.4175689796202007,243.51,252.78344795741353,136.25,145.95785017692444
mp-1445593,WO2,-1.6825,-1.5343,0.1482,0.0,0.1692,0.1692,1.3227,1.6373,0.3146,81.07,101.36,20.29,10.0,5.81,4.19,-1.68248,-1.5342689416878885,0.0,0.16915997940524588,1.322655687830688,1.6372720519386394,81.07,101.36025861527044,10.0,5.8097825428880165
mp-19006,MnO,-1.3137,-1.2176,0.0961,0.0,0.1062,0.1062,1.4602,1.6838,0.2236,184.99,212.23,27.24,54.12,60.41,6.3,-1.31371,-1.2176121598643423,0.0,0.10619890032433109,1.4601851851851857,1.6837649203995388,184.99,212.23054462134726,54.115,60.41328152606781
mp-1103643,NiS2,-0.2978,-0.5045,0.2067,0.0,0.004,0.004,2.1136,1.5976,0.5161,58.18,72.04,13.86,20.45,3.79,16.66,-0.29781,-0.5044855075241038,0.0,0.004042141508620678,2.113640873015873,1.5975908457376162,58.18,72.03567886454498,20.45,3.7850064325851527
mp-559374,TiS3,-0.9072,-0.8934,0.0139,0.0,0.0,0.0,1.1515,1.0311,0.1204,46.66,32.23,14.43,29.97,39.44,9.47,-0.9072219222135428,-0.8933638293233016,0.0,0.0,1.151490873015873,1.0311360147207647,46.66,32.22693284772113,29.97,39.44255662049905
mp-1201852,Nb2O5,-2.6869,-2.5395,0.1474,2.17,2.1072,0.0628,1.3287,1.6811,0.3525,145.69,183.16,37.47,57.55,60.02,2.47,-2.68686,-2.539468933645651,2.17,2.1071772416933143,1.3286658730158731,1.6811460858449052,145.69,183.16214817893666,57.55,60.02314208553662
mp-760,FeSe2,-0.3869,-0.7352,0.3484,0.328,0.4496,0.1216,2.2663,2.2053,0.061,118.73,109.52,9.21,92.8,98.84,6.04,-0.38686,-0.7352180624248406,0.328,0.4495698701480784,2.26629025974026,2.2053300767912947,118.73,109.51669087756787,92.8,98.84085695359629
mp-1179450,Sn3O4,-1.2259,-1.1211,0.1048,0.5304,0.6023,0.0719,1.4334,0.8843,0.5491,54.13,44.62,9.51,34.1,28.89,5.21,-1.2258839999999973,-1.1210943436675922,0.5304000000000001,0.6022578417665891,1.4333794973544975,0.8842923353037416,54.1345815199048,44.624423059164315,34.10102822152712,28.893551039850514
mp-1062643,CoO2,-0.5104,-0.6526,0.1422,0.0,0.0789,0.0789,4.3651,4.3132,0.0519,106.5,109.57,3.07,44.14,34.51,9.63,-0.51038,-0.652561332209099,0.0,0.07886898482717486,4.365059259259258,4.313183025765386,106.5,109.56531404414653,44.14,34.50527906841744
mp-971859,Zn3B,0.6349,0.7452,0.1104,0.0,0.0629,0.0629,2.0323,1.8526,0.1796,95.21,97.09,1.88,10.0,11.4,1.4,0.63486,0.7452277682047472,0.0,0.06289734123622645,2.0322530423280427,1.8526315156376043,95.21158653997703,97.08693181429739,10.0,11.403649643075664
mp-20593,VO2,-2.5369,-2.6997,0.1628,0.0,0.0,0.0,3.7393,3.5444,0.1949,106.73,131.81,25.08,63.06,64.16,1.1,-2.53689,-2.699680249599247,0.0,0.0,3.739308068783069,3.544415992365436,106.73,131.81092599048455,63.06,64.15547352490249
mp-1103235,CuTe2,-0.0072,-0.3833,0.3761,0.0,0.0,0.0,2.1057,1.8994,0.2063,20.0,44.49,24.49,11.5,-4.03,15.53,-0.00724,-0.3833420834047613,0.0,0.0,2.105699074074074,1.8993920590883888,20.0,44.486585943814916,11.49658401656997,-4.030595042534259
mp-20901,NiSe2,-0.2531,-0.5929,0.3398,0.0,0.0,0.0,2.1332,2.051,0.0822,77.16,71.97,5.19,38.12,31.63,6.49,-0.25314,-0.592925056319467,0.0,0.0,2.1332097883597885,2.0510302352541783,77.15614822262387,71.96832912650166,38.12203715306946,31.630365405605197
mp-715479,Mo3O8,-1.8706,-1.8673,0.0034,0.0,0.0863,0.0863,3.9365,3.3849,0.5516,77.51,49.08,28.43,32.11,21.29,10.82,-1.87062,-1.8672567489699026,0.0,0.08634918236462223,3.936525,3.3848782422754686,77.51,49.0766608203053,32.11,21.289696270420453
mp-1021522,VO2,-2.5378,-2.4911,0.0467,0.0,0.0,0.0,3.7588,4.0849,0.326,209.74,204.3,5.44,88.25,89.33,1.08,-2.53782,-2.4911159266245972,0.0,0.0,3.7588488095238097,4.08485573697736,209.74,204.30405382113804,88.25,89.33333978460358
mp-1018150,NbTe2,-0.4172,-0.6089,0.1917,0.0,0.0,0.0,2.5329,2.2351,0.2978,39.22,34.58,4.64,26.53,21.86,4.67,-0.41718,-0.6088571202857056,0.0,0.0,2.5329472222222225,2.23511470273201,39.22,34.57677476735911,26.53,21.86349204592098
mp-760432,Cu2O3,-0.5642,-0.4399,0.1243,0.125,0.0145,0.1105,5.1049,5.3925,0.2875,92.62,82.51,10.11,44.79,48.19,3.4,-0.56418,-0.43988792247254704,0.125,0.014485888457849608,5.1049444444444445,5.392455964726486,92.62132009730864,82.51102695451321,44.78977284358511,48.189398232173225
mp-1187454,Ti3C,-0.4297,-0.7764,0.3467,0.0,0.1873,0.1873,2.7316,2.8283,0.0967,139.08,137.97,1.11,69.13,66.99,2.14,-0.42968,-0.7764232645722611,0.0,0.18728216870938613,2.731621164021164,2.8282743164898627,139.08,137.97227648133915,69.13,66.98897711060283
mp-754806,Ni5O6,-0.8108,-0.8308,0.02,0.0,0.2419,0.2419,2.0472,2.3487,0.3015,124.79,126.96,2.17,63.28,54.27,9.01,-0.8108049652272716,-0.8308212790533087,0.0,0.24192146696810898,2.047223015873016,2.3487268892556976,124.78817608509884,126.95629194294416,63.28343317906948,54.270624030809756
mp-2578,NiTe2,-0.2135,-0.468,0.2545,0.0,0.0,0.0,2.1715,1.9636,0.2078,58.59,101.18,42.59,28.35,26.72,1.63,-0.21349,-0.4679754993319498,0.0,0.0,2.171454629629629,1.9636414462899572,58.59,101.17622065311738,28.35,26.720116892398696
mp-1907,TiTe2,-0.7194,-0.8594,0.14,0.0,0.1034,0.1034,2.4933,2.8079,0.3146,34.34,46.35,12.01,21.71,12.86,8.85,-0.71943,-0.8594021511797258,0.0,0.10340706899970506,2.4933288359788364,2.8078816366847983,34.34,46.3487863060397,21.71,12.86045903574107
mp-755071,SnO2,-1.6922,-1.6889,0.0032,1.472,1.7925,0.3205,1.5099,1.1945,0.3155,147.18,149.95,2.77,51.95,52.62,0.67,-1.69216,-1.6889372898951547,1.472,1.79251476183564,1.5099396825396827,1.194456831721104,147.18,149.9507607504925,51.95,52.623671202448215
mp-972,MnSe,-0.2697,-0.4524,0.1827,0.0,0.0,0.0,1.124,1.418,0.2941,50.2,65.15,14.95,10.0,15.61,5.61,-0.26969,-0.45237626143875936,0.0,0.0,1.123975925925926,1.4180476969322913,50.2,65.14552982620884,10.0,15.606398063759839
mp-1429856,CrO3,-1.674,-1.7593,0.0852,1.167,1.1742,0.0072,3.7393,3.183,0.5563,23.16,20.99,2.18,11.99,9.6,2.39,-1.67403,-1.7592663108471727,1.167,1.1741960184376719,3.739308068783069,3.1830294548357734,23.165,20.986608424654495,11.99,9.599956583438681
mp-776655,Ti2O3,-3.0366,-2.837,0.1996,0.0,0.0,0.0,2.6986,2.8533,0.1547,15.0,-1.47,16.47,10.0,18.44,8.44,-3.03661,-2.837017319230964,0.0,0.0,2.6986092676767672,2.8532886066228396,15.0,-1.4669060415215647,10.0,18.44209804838087
mp-715550,MoO2,-2.1561,-2.2808,0.1246,0.0,0.0,0.0,1.5617,1.2532,0.3085,91.86,73.51,18.35,29.72,30.45,0.73,-2.15613,-2.2807544737973613,0.0,0.0,1.5616925925925926,1.253189431755651,91.86,73.5089005096538,29.725,30.450570465645647
mp-1186219,Nb3Se,-0.6876,-0.523,0.1647,0.0287,0.1538,0.1251,2.6954,2.3824,0.3129,52.63,65.89,13.26,29.53,45.24,15.71,-0.687642730131953,-0.5229870174498576,0.0287108,0.15383968496810935,2.695350396825397,2.3824183453476504,52.63029445894274,65.89474147846238,29.529781924941044,45.23763427693572
mp-849084,Cr5S8,-0.7521,-0.99,0.2378,0.0,0.0,0.0,1.1289,0.7472,0.3817,65.7,54.2,11.5,47.05,58.38,11.33,-0.75214,-0.9899743247320486,0.0,0.0,1.1289092592592591,0.7472459528054385,65.69899732631583,54.19887752151207,47.04730000000007,58.37924203673792
mp-15799,NbN,-1.0227,-0.9207,0.102,0.0,0.0825,0.0825,2.8427,2.8957,0.053,23.84,23.88,0.04,40.92,43.21,2.29,-1.02268,-0.9206664521633485,0.0,0.08248939108621203,2.8427378306878306,2.895730282748959,23.84,23.87941825650374,40.92,43.20736757610754
mp-1094049,SnB6,0.1585,0.4472,0.2887,0.794,0.572,0.222,2.4687,2.6245,0.1557,152.0,159.75,7.75,95.88,108.76,12.88,0.15849,0.44722192455600185,0.794,0.5720340195122665,2.468737481962482,2.6244728147362415,152.0,159.75189144275566,95.88,108.7600213016166
mp-623012,CuTe,0.0225,-0.4901,0.5126,0.0,0.1361,0.1361,2.2885,2.2889,0.0004,15.0,2.73,12.27,10.0,-9.93,19.93,0.02253,-0.49011699242829926,0.0,0.13613777380667527,2.288533835978836,2.288941548767146,15.0,2.7255655316955565,10.0,-9.934758107838341
mp-978886,SnB,0.7397,0.5701,0.1697,0.0,0.0,0.0,2.4349,2.5862,0.1512,85.98,88.44,2.47,10.0,37.82,27.82,0.73973,0.5700514824484428,0.0,0.0,2.4349407936507936,2.586163610882833,85.97592287750702,88.44281139953557,10.0,37.81855959562908
mp-19443,WO3,-2.2807,-2.169,0.1117,0.177,0.1109,0.0661,3.7751,4.0507,0.2756,180.62,162.86,17.76,109.47,115.11,5.64,-2.28072,-2.1690265454419224,0.177,0.11087583678864298,3.775115476190477,4.050701131946699,180.62,162.8566828542097,109.47,115.10564724161148
mp-581602,ZnS,-1.1292,-1.1773,0.0481,2.0385,1.9752,0.0633,1.0718,0.865,0.2067,72.26,54.45,17.81,32.96,41.7,8.74,-1.12923505953125,-1.1773002760629085,2.0385,1.9751896473395472,1.0717558201058202,0.8650413852836911,72.25999999999999,54.44612970128442,32.96,41.69905179946606
mp-25223,MnO2,-1.7394,-1.6699,0.0695,0.679,0.8586,0.1796,3.9177,3.695,0.2227,103.69,109.43,5.74,73.33,63.87,9.46,-1.73944,-1.6699177620771064,0.679,0.8586448790137332,3.917693253968254,3.6949905894653106,103.69,109.42642157366299,73.33,63.868627027509085
mp-1369444,NiO2,-0.8098,-0.94,0.1302,0.7775,1.0374,0.2599,4.3651,3.9894,0.3756,108.26,115.09,6.83,62.12,44.43,17.69,-0.80985,-0.9400228588505677,0.7775000000000001,1.0374374848536707,4.365059259259258,3.9894138539683643,108.26,115.08609676077116,62.12,44.428635586088774
mp-571651,TiSe,-1.1558,-1.1445,0.0112,0.0,0.0,0.0,2.5467,2.3801,0.1666,107.52,114.47,6.95,65.95,73.23,7.28,-1.15579,-1.1445414213182374,0.0,0.0,2.546717063492064,2.38007686391816,107.52,114.47264520503911,65.95,73.23414219539464
mp-766361,Nb2O5,-3.0389,-3.0772,0.0384,2.1388,1.8591,0.2797,1.4239,1.2715,0.1523,145.69,164.63,18.94,57.55,42.39,15.16,-3.038857163607144,-3.0772219533804046,2.1388000000000003,1.8591129702909686,1.4238742063492065,1.2715280700164426,145.69,164.6269217334947,57.55,42.39169574772725
mp-1232782,CrN,-0.4883,-0.2556,0.2327,0.0,0.0,0.0,2.5133,2.8301,0.3168,272.17,264.4,7.77,69.7,59.28,10.42,-0.48831,-0.2556462652825128,0.0,0.0,2.5133403703703703,2.8301145858267223,272.17,264.39507215900613,69.7,59.27849673462159
mp-1207893,V5Se8,-0.7258,-0.6802,0.0456,0.0,0.0115,0.0115,1.1402,1.1849,0.0447,52.99,74.91,21.92,40.43,35.73,4.7,-0.72578,-0.6801616424166889,0.0,0.011468568442048572,1.1401685185185186,1.1848646620720715,52.99,74.90853714561865,40.43,35.731635345618386
mp-1187043,Sn3Se,0.0044,0.0671,0.0627,0.0,0.0402,0.0402,2.0104,1.7102,0.3002,56.32,80.05,23.73,21.8,22.58,0.78,0.00445,0.06710299223886201,0.0,0.04018948077155924,2.010447486772487,1.710222353963074,56.32034776160855,80.04811247202143,21.796594396239627,22.577131542451752
mp-1102412,CrO2,-1.892,-1.9829,0.0908,0.0,0.0,0.0,3.9824,4.2891,0.3067,93.81,90.52,3.29,50.96,33.73,17.23,-1.89202,-1.9828514089956741,0.0,0.0,3.982417063492064,4.289089780908084,93.81,90.51639834136395,50.96,33.72665870752084
mp-755453,MnP4,-0.3252,-0.4315,0.1063,0.0,0.0,0.0,2.216,2.1355,0.0805,130.17,120.56,9.61,85.85,88.8,2.95,-0.3252049704761902,-0.43154481942819345,0.0,0.0,2.216005696248196,2.135458200311643,130.1683565533802,120.55569565011784,85.84772196665676,88.79559537915738
mp-19342,WO3,-2.1839,-2.279,0.0951,1.6833,1.6483,0.035,3.7751,3.9641,0.189,166.14,162.55,3.59,73.24,75.25,2.01,-2.1839278334375,-2.2789945075552156,1.6833,1.648334058971275,3.775115476190477,3.964102510701719,166.135,162.54941315278228,73.245,75.25316220364725
mp-1868,VS,-0.9893,-0.915,0.0743,0.0,0.0,0.0,2.5987,2.9806,0.3819,147.61,142.98,4.63,86.63,85.01,1.62,-0.9893,-0.9150049188816871,0.0,0.0,2.5986597883597886,2.980585707393011,147.61,142.9797071800059,86.63,85.00688416909686
mp-1371977,MnO2,-1.7473,-1.84,0.0927,0.3535,0.0531,0.3004,3.8982,4.0133,0.1151,97.17,114.27,17.1,53.63,77.94,24.31,-1.74728,-1.8399765183162402,0.3535,0.05314581417194081,3.898152513227513,4.013291016575583,97.17,114.26785254392647,53.63,77.93546774395145
mp-849086,CuS2,-0.1998,-0.1469,0.0529,0.0,0.0114,0.0114,2.1818,1.702,0.4798,77.49,110.4,32.91,34.6,19.83,14.76,-0.19977,-0.14691156623083454,0.0,0.011361587908371735,2.1818097883597884,1.702047564478289,77.48977616085091,110.40456740941309,34.59506872249635,19.833665045521716
mp-628773,SnSe,-0.3681,0.0505,0.4185,0.387,0.5871,0.2001,1.1419,0.9931,0.1487,21.27,1.99,19.28,10.0,-10.67,20.67,-0.36807,0.05046312082806581,0.387,0.5871432776061147,1.1418785714285715,0.9931486242900905,21.27,1.990967165127973,10.0,-10.666792127327785
mp-826025,W3O10,-1.7743,-1.6024,0.1719,0.261,0.1756,0.0854,3.741,3.5699,0.1711,121.72,125.79,4.07,54.05,59.26,5.2,-1.77431,-1.6023981193508567,0.261,0.17562792551675754,3.7410414021164016,3.5699088629316127,121.72300366121168,125.78856591926697,54.05495059315327,59.25896052642436
mp-14549,CuO,-0.5821,-0.6554,0.0732,0.0,0.0,0.0,2.5602,2.7928,0.2325,177.74,210.78,33.04,32.46,35.07,2.61,-0.58215,-0.6553996597276616,0.0,0.0,2.5602242063492064,2.7927692877952066,177.74276527884084,210.78260131197567,32.46005703092968,35.071499154917234
mp-1178232,FeO,-1.014,-0.7744,0.2395,0.0,0.0,0.0,1.4314,0.9162,0.5152,185.88,168.27,17.61,48.78,42.78,6.01,-1.01396,-0.7744498228995842,0.0,0.0,1.4314342592592595,0.916222910210334,185.88,168.27487790780833,48.785,42.778778135965
mp-1202182,ZnS,-0.8853,-0.9753,0.0901,2.097,2.0681,0.0289,1.0718,1.073,0.0012,72.26,57.93,14.33,32.96,14.85,18.11,-0.88529,-0.9753428885144242,2.097,2.0680849341453538,1.0717558201058202,1.0729977991574964,72.25999999999999,57.92578405534316,32.96,14.854156072288145
mp-601195,CuO2,-0.3332,-0.757,0.4239,0.0,0.1487,0.1487,4.3651,4.9602,0.5952,95.04,99.59,4.55,32.63,27.67,4.96,-0.33318,-0.757047324856158,0.0,0.14872928675193914,4.365059259259258,4.960242600477572,95.04,99.59458021362293,32.63,27.669215139811136
mp-1183684,Co3Se,-0.2574,-0.4704,0.2129,0.0,0.1334,0.1334,2.3074,2.6272,0.3197,45.13,61.34,16.21,26.4,42.53,16.13,-0.2574399999999998,-0.47036790215365887,0.0,0.13342571328290925,2.3074496031746032,2.6271757831461366,45.13000000000008,61.33754866054454,26.40000000000005,42.532468229854004
mp-580226,CuSe,-0.081,-0.4706,0.3896,0.0,0.2212,0.2212,1.5511,1.3899,0.1612,36.1,29.24,6.86,14.44,22.32,7.88,-0.08099,-0.4705896208067619,0.0,0.221167549956286,1.551077380952381,1.3898835787969979,36.1,29.244448605264296,14.44,22.321499009289752
mp-569240,Fe3Se4,-0.1591,-0.2376,0.0785,0.0,0.0,0.0,1.1548,1.1965,0.0416,67.97,54.2,13.77,25.56,37.26,11.7,-0.1591,-0.2375696948741866,0.0,0.0,1.1548342592592593,1.1964793319944942,67.97,54.20209746587496,25.56,37.2590250814323
mp-555381,ZnS,-1.1399,-1.1426,0.0027,2.0205,2.1309,0.1104,1.0705,1.2525,0.1821,72.26,68.4,3.86,32.96,16.16,16.8,-1.1398540339062506,-1.1425661385946906,2.0205,2.130893535936959,1.0704701058201058,1.252544236256944,72.25999999999999,68.40377181277908,32.96,16.16340347760733
mp-1025573,Te2W,-0.0339,0.3029,0.3368,0.985,0.7399,0.2451,1.0954,1.2661,0.1707,42.68,31.9,10.78,29.93,29.71,0.22,-0.03391,0.30292020387591057,0.985,0.7399024628782386,1.0954089947089949,1.2661323882978015,42.68000000000001,31.903315249830243,29.93,29.706651390600097
mp-565814,Fe2O3,-1.3454,-1.2849,0.0605,0.0,0.0,0.0,1.605,1.655,0.05,228.76,242.02,13.26,46.48,63.95,17.48,-1.34535,-1.284883178235666,0.0,0.0,1.6050203703703705,1.6550022587260853,228.76,242.02434349548787,46.475,63.953369866137535
mp-1216242,W2N3,-0.7834,-0.8348,0.0514,0.0,0.0,0.0,2.5386,3.0474,0.5088,310.92,343.32,32.39,163.09,152.79,10.29,-0.78342,-0.8347731164043752,0.0,0.0,2.538611243386244,3.0474065114164532,310.9243237895166,343.3189507374392,163.0855113189358,152.79372493051042
mp-555311,ZnS,-1.1397,-0.9764,0.1634,2.0318,1.8218,0.21,1.0705,0.9312,0.1392,72.26,48.97,23.29,32.96,32.5,0.46,-1.139727345685097,-0.9763590388135281,2.0318000000000005,1.8218240259296037,1.0704701058201058,0.9312203071924625,72.25999999999999,48.96525665248306,32.96,32.4993288450535
mp-541885,In3Te4,-0.2856,-0.7449,0.4593,0.0839,0.1734,0.0895,2.2222,2.4731,0.2509,43.12,37.34,5.78,21.91,19.84,2.07,-0.2856363814285712,-0.744934229049282,0.0838999999999998,0.17340399535253176,2.2221927248677247,2.4730720150450276,43.12190000000004,37.33864391908705,21.91449919179865,19.84163882869671
mp-545665,WO3,-2.2807,-2.239,0.0418,0.579,0.6377,0.0587,3.7751,3.6394,0.1357,166.14,188.36,22.23,73.24,77.51,4.27,-2.28072,-2.238952943124062,0.579,0.6376614318030022,3.775115476190477,3.639389934972992,166.135,188.36188372859343,73.245,77.51281181214664
mp-1197170,Zn3P2,-0.1094,0.042,0.1514,0.1525,0.0,0.1525,1.6503,1.7985,0.1481,65.0,42.66,22.34,35.0,27.9,7.1,-0.1094,0.04197994060489449,0.1525,0.0,1.6503208994708995,1.7984525419884794,65.0,42.65872392135569,35.0,27.89698991937924
mp-635966,MoO2,-1.8969,-2.2062,0.3093,1.6438,1.5746,0.0692,1.5565,1.6,0.0435,89.18,121.41,32.23,50.06,46.74,3.32,-1.8969405308333336,-2.2062211530161,1.6438,1.5745674471419486,1.5564600529100527,1.5999917676239181,89.1826785075565,121.40831945511397,50.05861145846354,46.7376966832263
mp-1272680,CoO2,-0.9853,-0.7576,0.2277,0.0,0.1151,0.1151,4.7548,4.6616,0.0931,111.83,101.12,10.71,61.69,43.85,17.84,-0.98533,-0.7575869140718081,0.0,0.1150962429489295,4.754766666666666,4.661649245317212,111.83,101.11867915027659,61.69,43.84910899761759
mp-755263,CrS2,-0.6439,-0.581,0.0628,0.0,0.0,0.0,1.1264,1.1624,0.036,47.28,51.31,4.03,30.35,25.52,4.83,-0.64387,-0.5810339794634194,0.0,0.0,1.126393386243386,1.162373379595217,47.28,51.31386112738991,30.35,25.52112706477315
mp-553916,ZnS,-1.1399,-1.2314,0.0915,2.0265,1.9662,0.0603,1.0705,1.1646,0.0941,72.26,107.32,35.06,32.96,34.11,1.15,-1.1398560234895836,-1.2313859535093163,2.0265,1.9662234215473207,1.0704701058201058,1.164602380504639,72.25999999999999,107.32193330478702,32.96,34.11255488314255
mp-6988,FeN,-0.2983,-0.1752,0.1231,0.0,0.0476,0.0476,5.3143,5.3475,0.0333,272.7,272.52,0.18,81.48,81.27,0.21,-0.29828,-0.17517786186967854,0.0,0.04760060980113571,5.314257142857144,5.347527139285426,272.7,272.516250478567,81.48,81.26988584635204
mp-1172828,WO3,-2.2807,-1.8222,0.4585,0.579,0.4139,0.1651,3.7751,3.4075,0.3676,166.14,174.1,7.97,73.24,68.77,4.48,-2.28072,-1.8221934175244796,0.579,0.4139141668059953,3.775115476190477,3.4075276598525726,166.135,174.10278737842924,73.245,68.7670835935278
mp-1185988,Mn3Te,0.3423,0.373,0.0308,0.0,0.2708,0.2708,2.2263,1.7822,0.4441,29.74,22.54,7.2,13.97,4.42,9.55,0.34226,0.3730200517477924,0.0,0.270834211233192,2.2262847041847045,1.7821502226315329,29.74269999999993,22.53956003575568,13.966564959478047,4.417213683967281
mp-540702,Fe7Se8,-0.1326,-0.0882,0.0443,0.0,0.1169,0.1169,2.5251,2.3986,0.1266,74.12,75.36,1.24,29.93,27.55,2.38,-0.1325939523611118,-0.08824533273661395,0.0,0.11689044836155933,2.525149981962482,2.3985576219928966,74.1178000000001,75.36253561715972,29.9291795262797,27.5506813164576
mp-850222,FeO2,-1.3924,-1.493,0.1006,0.0,0.0,0.0,4.3651,4.5501,0.1851,269.79,286.78,16.99,141.71,146.84,5.13,-1.39242,-1.4929755466702552,0.0,0.0,4.365059259259258,4.550137023039062,269.79,286.78193637345015,141.71,146.83727788690604
mp-705588,Fe8O9,-1.6751,-1.8556,0.1805,1.1978,0.944,0.2538,1.6477,1.1839,0.4638,165.81,163.83,1.98,61.56,64.0,2.44,-1.6750832465441174,-1.855605104930515,1.1978000000000004,0.9439538020020337,1.6477259259259258,1.183907271528355,165.81315791827885,163.8325385892419,61.5602532701876,63.99586680786206
mp-696673,Cr7Se8,-0.3797,-0.2162,0.1636,0.0,0.0,0.0,1.1292,0.9943,0.1348,52.62,27.85,24.76,32.24,23.76,8.48,-0.37975,-0.21619119213016355,0.0,0.0,1.129175925925926,0.9943382062532775,52.61749999999998,27.853125118369643,32.23909999999999,23.756934857968538
mp-1178416,CrO,-1.5048,-1.6866,0.1818,0.0,0.0,0.0,1.4408,1.1721,0.2687,163.74,187.33,23.59,57.17,71.28,14.11,-1.50484,-1.6866396239190653,0.0,0.0,1.4407990740740744,1.172104966739977,163.74,187.32617877608766,57.17,71.28363073686324
mp-29131,VSe,-0.515,-0.5069,0.0082,0.0,0.0545,0.0545,2.506,2.4238,0.0822,93.16,82.16,11.0,20.69,24.7,4.01,-0.51504,-0.5068680634687674,0.0,0.05451957636368531,2.505981529581529,2.42377187617046,93.16,82.161163494593,20.69,24.698336259311077
mp-32686,CoO2,-0.9917,-1.096,0.1043,0.0,0.0,0.0,4.3651,4.1005,0.2646,115.7,142.64,26.94,70.44,57.43,13.01,-0.99171,-1.0960124591810356,0.0,0.0,4.365059259259258,4.1005026535107385,115.7,142.63776413805707,70.44,57.428732648465285
mp-715514,V2O3,-2.4845,-2.3929,0.0916,0.0,0.1424,0.1424,1.3546,1.2382,0.1165,233.16,281.14,47.98,111.53,119.85,8.32,-2.4845,-2.392894667366655,0.0,0.14243135551418373,1.3546330687830688,1.238169148846939,233.16,281.13801575312976,111.53,119.8488130640735
mp-6933,MnN,-0.3126,-0.2507,0.0618,0.0,0.1292,0.1292,2.4748,2.4196,0.0552,262.3,252.44,9.86,52.02,39.8,12.22,-0.31255,-0.25070398633189683,0.0,0.12921324514394464,2.4747765295815296,2.4196080295784212,262.3,252.44297996888562,52.02,39.80414123687584
mp-2664,TiO,-2.5301,-2.3241,0.206,0.0,0.0,0.0,2.6043,2.527,0.0773,233.4,220.86,12.54,99.24,100.1,0.86,-2.53006,-2.324068282309876,0.0,0.0,2.604279126984127,2.527024841910943,233.4,220.86015972561793,99.24,100.10002441568054
mp-570751,Nb3Te,-0.1068,-0.2177,0.1109,0.0,0.0,0.0,2.6763,2.8599,0.1836,168.99,169.75,0.76,85.52,85.33,0.19,-0.10681,-0.21773918284262142,0.0,0.0,2.67627261904762,2.8598500014165054,168.99109924635297,169.75444000731272,85.52027002934959,85.32784324211059
mp-1041584,SnO2,-1.6022,-1.664,0.0618,0.895,0.4934,0.4016,1.5355,2.0377,0.5022,129.95,120.95,9.0,66.51,71.83,5.32,-1.60225,-1.6640011033330582,0.895,0.4933679624663781,1.535532142857143,2.0377450501959764,129.95,120.95177952491073,66.51,71.82719772446065
mp-1221945,Mn8O17,-1.7128,-1.9197,0.2069,0.2425,0.0223,0.2202,3.8982,3.6522,0.246,100.63,90.13,10.5,57.23,69.74,12.51,-1.7128046162192043,-1.919727604046138,0.2424969696969692,0.022292902555346578,3.898152513227513,3.652199409933341,100.62755107106705,90.12547151506969,57.226451626496,69.73834871745622
mp-20826,CuTe,-0.0364,-0.1338,0.0975,0.0,0.0,0.0,2.1638,2.1098,0.0539,15.0,-4.2,19.2,10.0,12.69,2.69,-0.03638,-0.13384987558039296,0.0,0.0,2.1637582010582013,2.1098337238690283,15.0,-4.195161448380876,10.0,12.68971951299973
mp-1209992,NbP2,-0.6979,-0.6271,0.0708,0.0,0.129,0.129,1.0786,1.0751,0.0035,151.8,149.58,2.22,104.94,106.81,1.87,-0.69788,-0.6270973700932818,0.0,0.12896519220960853,1.0786404761904762,1.0751034921894693,151.8,149.58302655045367,104.94,106.81313598003173
mp-1013526,VS2,-0.9589,-0.8104,0.1485,0.0,0.0,0.0,1.0775,1.2236,0.1461,16.64,3.54,13.1,14.24,15.68,1.45,-0.95892,-0.8103818152867711,0.0,0.0,1.0774656084656085,1.223556383504472,16.638804286494473,3.5406849757555072,14.236001047409642,15.68319107673589
mp-2330,Nb2Se3,-0.8704,-1.0657,0.1953,0.0,0.2108,0.2108,1.0851,1.4373,0.3522,69.0,83.18,14.18,42.0,65.51,23.51,-0.8704,-1.065732318888843,0.0,0.21082911073917232,1.0851339947089949,1.4372866763715038,69.0,83.17659091572989,42.0,65.51456725663986
mp-971863,ZnP,0.0558,0.2275,0.1716,0.0,0.127,0.127,1.6508,1.8835,0.2327,66.07,35.66,30.4,34.14,24.43,9.71,0.05585,0.22745085211597071,0.0,0.12699220931237018,1.6508208994708995,1.8835108128274218,66.06559999999999,35.664404310837384,34.14398305042878,24.434720837544965
mp-1023936,WSe2,-0.466,-0.1948,0.2711,1.334,1.3549,0.0209,1.1673,1.4576,0.2903,22.36,26.29,3.93,16.63,0.09,16.54,-0.46596,-0.19482566053426154,1.334,1.3549098697492588,1.167331613756614,1.4576144865306548,22.36,26.29148135726679,16.63,0.08647809749573554
mp-1178720,ZnO2,-0.6626,-0.5844,0.0782,1.1895,1.0722,0.1173,1.9186,2.2033,0.2848,150.4,155.74,5.34,66.66,51.79,14.87,-0.662585,-0.5844024780860758,1.1895,1.0722309248944668,1.9185723544973543,2.2033415739568962,150.4,155.74077838695797,66.66,51.78541229364855
mp-1023939,MoS2,-0.9227,-0.5448,0.3779,1.207,1.0663,0.1407,1.2251,1.3496,0.1245,16.0,19.82,3.82,10.0,-19.77,29.77,-0.92268,-0.5448187883539328,1.207,1.0662940917336028,1.2251160052910053,1.3495745102595373,16.0,19.822213359921992,10.0,-19.773532740967564
mp-2214915,CrO2,-1.892,-2.057,0.1649,0.0,0.139,0.139,3.7393,3.7833,0.044,93.81,90.42,3.39,50.96,59.94,8.98,-1.89202,-2.0569666754934963,0.0,0.13896741218239164,3.739308068783069,3.783310214708026,93.81,90.41591133975056,50.96,59.94323703624967
mp-1238498,CuTe,-0.0364,-0.2978,0.2614,0.0,0.0,0.0,2.2815,2.5726,0.2911,15.0,10.89,4.11,10.0,7.15,2.85,-0.03638,-0.29775425972168024,0.0,0.0,2.281453835978836,2.5725689944852883,15.0,10.889178185633483,10.0,7.148626942204478
mp-553880,ZnS,-1.1397,-1.5105,0.3707,2.031,2.3398,0.3088,1.0705,0.6578,0.4127,72.26,93.45,21.19,32.96,40.83,7.87,-1.1397215443389432,-1.51046599559263,2.031,2.3397682245051894,1.0704701058201058,0.6577620793460688,72.25999999999999,93.45188461715942,32.96,40.83129937833562
mp-685129,Co17Se20,-0.2166,0.0833,0.2999,0.0,0.1102,0.1102,2.3586,2.3515,0.0071,118.97,96.02,22.95,51.52,59.36,7.84,-0.2165701346452699,0.08331775529592048,0.0,0.11024207442598634,2.3585920454545453,2.351468689775978,118.96979789223732,96.02017275320307,51.524542338068905,59.36468608077414
mp-1444811,NiS2,-0.2978,-0.1703,0.1275,0.0,0.0,0.0,1.4984,1.4209,0.0775,58.18,45.81,12.37,20.45,32.28,11.83,-0.29781,-0.17028776157887052,0.0,0.0,1.498370105820106,1.4209109185940219,58.18,45.80935872022054,20.45,32.284551670559296
mp-559964,Ti6O11,-3.4551,-3.473,0.0179,0.0,0.1393,0.1393,3.9824,3.86,0.1224,171.39,171.4,0.01,75.89,76.93,1.04,-3.455146079338236,-3.4730131174055097,0.0,0.13934419501532683,3.982417063492064,3.8600382574308822,171.39219797337716,171.40032638988444,75.89194021492814,76.928832245765
mp-1224450,In2Te3,-0.0913,-0.0405,0.0509,0.0,0.0,0.0,1.018,1.4893,0.4712,44.95,36.59,8.37,22.63,25.22,2.59,-0.09131,-0.04045976414814894,0.0,0.0,1.0180137566137566,1.4892541407666031,44.9513976130824,36.585503010887976,22.62859042734527,25.216853266334823
mp-567925,MoC,0.0379,-0.199,0.237,0.0,0.0967,0.0967,2.9036,2.6955,0.2081,332.37,318.46,13.91,162.88,158.04,4.84,0.03793,-0.19904056858351582,0.0,0.09669731308134162,2.903605423280424,2.695517833808835,332.37,318.464669040984,162.88,158.0435006111954
mp-850099,CuS2,-0.0093,0.4851,0.4944,0.0,0.0631,0.0631,1.5473,1.4608,0.0865,77.49,40.02,37.47,34.6,27.1,7.49,-0.0093013643750001,0.48507521786187235,0.0,0.06308912207917232,1.5472867724867727,1.4608095820723435,77.48977616085091,40.01884403735334,34.59506872249635,27.100967568420884
mp-694,VSe2,-0.7132,-0.6932,0.02,0.0,0.0,0.0,1.1046,0.8031,0.3015,47.42,34.93,12.49,32.47,25.99,6.48,-0.71318,-0.6932010251702886,0.0,0.0,1.1045997354497354,0.8031338160585875,47.42,34.931989932981764,32.47,25.987190662348073
mp-9281,ZnTe,-0.3312,-0.3153,0.0159,0.298,0.409,0.111,1.6508,1.4409,0.21,45.37,49.18,3.81,23.3,21.72,1.58,-0.33119,-0.3152712305176941,0.298,0.4089558189018502,1.6508208994708995,1.4408660553725077,45.37,49.17867142211804,23.3,21.71648160451552
mp-1212000,InC6,0.4775,0.6196,0.1421,0.0731,0.0,0.0731,1.6294,1.4386,0.1908,208.87,221.81,12.93,83.24,55.59,27.65,0.477470250779887,0.6196145474116026,0.0730527192982455,0.0,1.6293771164021165,1.438575347851573,208.8743892412104,221.80609407554456,83.2426110546086,55.593558887801464
mp-21688,Fe7S8,-0.7168,-0.6247,0.092,0.0228,0.0,0.0228,2.3193,2.5744,0.2551,133.09,141.04,7.95,77.34,75.05,2.29,-0.7167539330555555,-0.6247330025172542,0.0228000000000001,0.0,2.3192894264069266,2.574377212994661,133.0905999999999,141.04204911944998,77.34020000000005,75.05285288571035
mp-1221492,Mo2O,-0.3472,-0.3079,0.0394,0.2794,0.5409,0.2614,2.628,2.5382,0.0899,105.0,78.67,26.32,42.75,47.38,4.63,-0.3472415189767419,-0.30787673414828015,0.2794153991228069,0.540863531179079,2.628042376142376,2.538183613854373,104.9958274815776,78.67436593855055,42.74869154676864,47.37679957925728
mp-2669,Mo8O23,-2.0345,-2.2029,0.1684,0.577,0.5733,0.0037,3.9025,4.177,0.2746,125.34,121.97,3.37,65.45,79.95,14.5,-2.034542811774193,-2.2029064268117495,0.5769999999999997,0.5732576127643005,3.902450925925926,4.177017918932111,125.33929999999997,121.9667288653442,65.44714423073601,79.94514858280611
mp-555594,ZnS,-1.1399,-1.0498,0.0901,2.0252,2.2849,0.2597,1.0705,0.931,0.1395,72.26,74.69,2.43,32.96,9.88,23.08,-1.139887306406251,-1.0498202320773125,2.0252,2.284939295584222,1.0704701058201058,0.9309561674185,72.25999999999999,74.69255952796493,32.96,9.883707140828072
mp-850249,Fe4S5,-0.8197,-0.4407,0.3789,0.0,0.0,0.0,1.1574,1.5446,0.3872,73.6,77.65,4.05,36.34,39.04,2.7,-0.8196720433680567,-0.44074006022928025,0.0,0.0,1.1574178571428575,1.5445952002705394,73.60196600108698,77.65352785417869,36.34252409982554,39.038342247467945
mp-1096896,CrN2,0.1179,0.387,0.269,0.0,0.0,0.0,3.7393,4.2199,0.4806,243.51,230.29,13.22,136.25,135.73,0.52,0.11793,0.3869718544968285,0.0,0.0,3.739308068783069,4.219929209083824,243.51,230.29076282492306,136.25,135.7334375450204
mp-1097738,CrN2,0.1179,0.4377,0.3198,0.0,0.0,0.0,3.7393,3.5578,0.1815,243.51,258.44,14.93,136.25,127.12,9.13,0.11793,0.43771146611646544,0.0,0.0,3.739308068783069,3.55778816137768,243.51,258.44130563438364,136.25,127.12038214774495
mp-1018809,MoS2,-0.9575,-1.0687,0.1112,0.958,0.8992,0.0588,1.1927,1.6696,0.4769,71.48,69.81,1.67,44.27,44.32,0.05,-0.95754,-1.0687147804463564,0.958,0.899150990004225,1.192684259259259,1.6695524770685384,71.48,69.81303035922876,44.27,44.32202521979109
mp-25375,WO2,-1.699,-1.9082,0.2091,0.0,0.4012,0.4012,1.6626,1.4546,0.208,81.07,89.35,8.28,10.0,14.14,4.14,-1.69904,-1.9081831154550366,0.0,0.40121764308944124,1.6626219576719576,1.4545941180452113,81.07,89.3517645522777,10.0,14.141038534935335
mp-1356129,Fe2O3,-1.3454,-1.3776,0.0322,0.0,0.0,0.0,1.605,1.9556,0.3506,228.76,264.81,36.05,46.48,53.12,6.65,-1.34535,-1.3775936131958497,0.0,0.0,1.6050203703703705,1.9556171448189454,228.76,264.8105669567042,46.475,53.12295918161647
mp-555763,ZnS,-0.8842,-0.8793,0.0049,2.12,2.3341,0.2141,1.0705,0.9106,0.1599,72.16,55.79,16.37,33.05,43.4,10.35,-0.88421,-0.8792821760240304,2.12,2.334085016607582,1.0704701058201058,0.9105583817241669,72.16,55.79221857582719,33.05,43.39547567834791
mp-796077,MnO2,-1.7473,-1.5297,0.2176,0.3535,0.3935,0.04,3.8982,3.9899,0.0917,97.17,101.45,4.28,53.63,26.11,27.52,-1.74728,-1.529686722214115,0.3535,0.39350753893131546,3.898152513227513,3.989855185308892,97.17,101.44734168042967,53.63,26.111910991040407
mp-1216498,V3S5,-0.8332,-1.1863,0.3531,0.0,0.0221,0.0221,2.508,2.415,0.093,50.93,55.53,4.6,32.63,34.31,1.68,-0.8332242487599197,-1.186304588053359,0.0,0.022101725495662777,2.5080023809523806,2.415019810959782,50.93191790750166,55.53104593116645,32.62904999999998,34.311042325641516
mp-21369,W3O,0.8567,1.1635,0.3067,0.0,0.3078,0.3078,2.7039,2.8954,0.1916,245.3,232.6,12.7,10.0,0.69,9.31,0.85671,1.1634595168323996,0.0,0.3078493383549315,2.703862962962963,2.8954391340582006,245.3,232.60414358914025,10.0,0.6919303047172853
mp-1047621,MoO2,-1.7494,-1.7882,0.0388,0.0,0.0386,0.0386,1.5272,1.8229,0.2957,91.86,114.77,22.91,29.72,29.23,0.49,-1.74938,-1.7882220815237817,0.0,0.038584794687414416,1.5272359788359786,1.8229396521705183,91.86,114.7707459227333,29.725,29.23024251369766
mp-697,SnO2,-1.7082,-1.8021,0.0939,0.788,0.5969,0.1911,2.4863,2.2752,0.2111,199.7,224.55,24.85,104.16,84.02,20.14,-1.70823,-1.802134068751846,0.788,0.5968520668717507,2.486257481962482,2.275206181795756,199.7,224.5506476009364,104.16,84.01775968676316
mp-2305,MoC,-0.1697,-0.3835,0.2138,0.0,0.0,0.0,2.9036,3.1103,0.2067,349.99,359.47,9.48,242.45,226.63,15.82,-0.1697,-0.3834507533380921,0.0,0.0,2.903605423280424,3.1102677204499956,349.99,359.46798952192347,242.45,226.62551351367335
mp-1273363,CrO,-1.5048,-1.8502,0.3454,0.0,0.2031,0.2031,1.437,1.2596,0.1774,163.74,168.67,4.93,57.17,56.24,0.93,-1.50484,-1.8502186824705633,0.0,0.2030576239317166,1.4370443121693122,1.259646509224969,163.74,168.67433741607914,57.17,56.23938318808924
mp-1009458,NbC,0.0208,0.1829,0.1621,0.0,0.0,0.0,1.5735,2.0778,0.5044,299.63,304.71,5.08,195.56,192.44,3.12,0.02081,0.1829014545339627,0.0,0.0,1.573465740740741,2.0778340036088343,299.63,304.708010351724,195.56,192.4412412128209
mp-656887,Ni3O4,-0.8253,-0.8168,0.0085,0.0,0.0,0.0,5.362,5.1949,0.1671,145.69,157.65,11.96,78.29,78.47,0.18,-0.82531,-0.8167793302686871,0.0,0.0,5.362020105820107,5.194929282560892,145.68873852068404,157.6518815182223,78.29103694463919,78.46604613880031
mp-1310867,Cr3O4,-1.8116,-2.0823,0.2707,0.0,0.0424,0.0424,1.485,1.4237,0.0613,103.09,87.81,15.28,54.49,41.58,12.91,-1.81165,-2.0823024230894283,0.0,0.04238569764329614,1.485048941798942,1.4237119113670347,103.0893905126016,87.80901293761015,54.48625877899676,41.57896857027197
mp-1220631,Nb3S4,-1.1381,-1.4098,0.2717,0.0,0.1152,0.1152,2.4332,2.4244,0.0088,58.43,78.05,19.63,38.06,14.01,24.04,-1.13809,-1.4097905017022017,0.0,0.11518684923948451,2.4332000000000003,2.42435992788113,58.42740000000003,78.05426925665333,38.05799370246249,14.013780902730645
mp-12087,Cu2S,-0.0831,-0.1583,0.0752,0.0,0.0,0.0,2.2132,1.9403,0.273,95.27,91.77,3.5,18.52,40.07,21.55,-0.08309,-0.1583386291922717,0.0,0.0,2.2132189153439152,1.940265324866368,95.27,91.77288533538805,18.52,40.06788056017936
mp-11675,NbTe2,-0.4525,-0.1172,0.3353,0.0,0.0705,0.0705,2.4933,2.4556,0.0377,43.2,65.55,22.35,27.72,20.17,7.55,-0.4525,-0.11718845998417232,0.0,0.07048953581760946,2.4933111111111117,2.4556061233584514,43.2,65.54692731811667,27.72,20.169628110267617
mp-557062,ZnS,-1.1395,-1.1991,0.0596,2.0314,2.0135,0.0179,1.0705,0.8446,0.2258,72.26,37.57,34.69,32.96,30.84,2.12,-1.1394904120312503,-1.1991355612294363,2.0314,2.013488794787791,1.0704701058201058,0.8446286270642445,72.25999999999999,37.569693409116496,32.96,30.836503234666775
mp-1271757,VO2,-2.4735,-2.7878,0.3143,0.0,0.0,0.0,3.7588,3.8965,0.1377,106.73,102.54,4.19,63.06,56.08,6.98,-2.4735,-2.787809540088339,0.0,0.0,3.7588488095238097,3.8965371757523037,106.73,102.5404394102486,63.06,56.07909597234817
mp-755508,CoO2,-1.0294,-1.0862,0.0568,0.0,0.1,0.1,4.3651,3.8909,0.4742,111.83,102.18,9.65,61.69,69.35,7.66,-1.02939,-1.0861991867504182,0.0,0.10004004034268402,4.365059259259258,3.8908878791359705,111.83,102.17824518960823,61.69,69.35362870309454
mp-1390701,CoS2,-0.4108,-0.4731,0.0623,0.0,0.0362,0.0362,1.1776,1.3731,0.1955,88.67,76.79,11.88,23.14,16.04,7.1,-0.410775,-0.4731094693607721,0.0,0.03617329447563365,1.177606216931217,1.3731099222192784,88.66999999999999,76.78679319204244,23.14,16.044236269633387
mp-1101258,TiS2,-1.4274,-1.9862,0.5588,0.0,0.3079,0.3079,1.0796,0.8305,0.2491,47.84,49.63,1.8,33.58,27.0,6.59,-1.42742,-1.9861938704940445,0.0,0.3079477124754098,1.0795682539682545,0.8305129703763892,47.835,49.63101382884591,33.585,26.99921688507755
mp-560588,ZnS,-0.8825,-0.9001,0.0176,2.139,1.9982,0.1408,1.0705,1.5002,0.4297,72.17,90.96,18.79,32.68,22.09,10.59,-0.88249,-0.9000929016618714,2.139,1.9982372080525603,1.0704701058201058,1.5001738283382924,72.17,90.96408602576443,32.68,22.08650191952905
mp-27151,V7O13,-2.4784,-2.5322,0.0538,0.5862,0.7704,0.1843,4.3738,4.232,0.1418,185.92,161.31,24.6,83.86,83.94,0.08,-2.4784185180625,-2.5321950954266175,0.5861500000000004,0.7704208743211746,4.373832804232804,4.232046770331954,185.9171763944285,161.3133674101985,83.85509413877215,83.93830349419679
mp-1102324,NiTe2,-0.1758,-0.0397,0.1361,0.0,0.113,0.113,2.2354,2.2679,0.0325,58.59,68.14,9.55,28.35,20.57,7.78,-0.17578,-0.03968928840961711,0.0,0.11295601875485803,2.235402645502645,2.2678571906123306,58.59,68.14254356653478,28.35,20.566469231665856
mp-556392,ZnS,-1.1395,-0.7674,0.3722,2.0362,2.1122,0.076,1.0705,1.1021,0.0316,72.26,55.05,17.21,32.96,47.06,14.1,-1.1395133895312506,-0.767353416754881,2.0362,2.112189773860849,1.0704701058201058,1.1020919064687937,72.25999999999999,55.04605907111501,32.96,47.05957865243991
mp-2693,SnSe,-0.4806,-0.2564,0.2242,0.199,0.3144,0.1154,1.1796,1.3317,0.1521,50.5,35.76,14.74,34.08,22.6,11.48,-0.48064,-0.25641701704730147,0.199,0.314419645609107,1.1795526455026455,1.3316625418154848,50.5,35.757640975965444,34.08,22.60080633543415
mp-1443423,VS2,-0.9504,-1.0119,0.0615,0.0,0.0,0.0,1.1397,1.2991,0.1594,53.04,53.15,0.1,32.65,34.49,1.84,-0.95035,-1.011899132288789,0.0,0.0,1.1397015873015874,1.2991071083794103,53.045,53.146855395948215,32.645,34.488267513467896
mp-22408,CoO,-0.8025,-1.0356,0.2331,0.0,0.0,0.0,5.146,5.3156,0.1696,167.37,173.63,6.26,29.23,29.01,0.22,-0.80249,-1.035577146196302,0.0,0.0,5.145962962962963,5.315600875713073,167.37,173.6255216181656,29.230000000000004,29.0115268000659
mp-493,Co2B,-0.2094,0.3111,0.5205,0.0,0.0,0.0,2.5646,3.0351,0.4705,274.66,276.45,1.79,94.71,106.73,12.02,-0.20944,0.3110691276274097,0.0,0.0,2.5646361592111595,3.0351195581908814,274.66,276.4545916076166,94.71,106.72851259061711
mp-1213798,Cr6O11,-1.8261,-1.8204,0.0056,0.2483,0.0292,0.2192,4.1307,3.597,0.5337,94.61,76.41,18.2,51.48,35.99,15.49,-1.8260691703498464,-1.8204259151998865,0.2483312499999997,0.029166494224981743,4.1307238095238095,3.5969765605924113,94.6113866080313,76.41022177439564,51.48177724038421,35.9873780567129
mp-1015612,CrN2,0.2674,0.2637,0.0036,0.0,0.0,0.0,3.9824,4.4334,0.4509,243.51,240.37,3.14,136.25,152.39,16.14,0.26737,0.2637385843032059,0.0,0.0,3.982417063492064,4.433362077503974,243.51,240.36882175375342,136.25,152.39145779153097
mp-1001828,WN,-0.193,-0.2044,0.0114,0.0,0.1177,0.1177,2.5217,2.8029,0.2812,279.87,246.34,33.53,10.0,17.36,7.36,-0.19302,-0.20444449419945493,0.0,0.11768866461843451,2.5217223544973546,2.8029436760060826,279.86792654654926,246.34028372822294,10.0,17.363327272687922
mp-1400963,TiO2,-3.1211,-3.087,0.0341,2.2435,2.5011,0.2576,3.674,3.689,0.0149,189.08,212.19,23.11,74.72,84.3,9.58,-3.12112,-3.0870385936161835,2.2435,2.5011102963261584,3.6740339947089935,3.6889809113653698,189.08,212.18801616111173,74.72,84.29814984155121
mp-20862,CoSe2,-0.3158,-0.3518,0.036,0.0,0.1189,0.1189,2.2793,2.3717,0.0924,110.73,113.77,3.04,55.8,57.83,2.03,-0.31576,-0.3518072406251126,0.0,0.1188937888753996,2.279269624819625,2.3717104472833297,110.73,113.77238484058007,55.8,57.82997530313943
mp-715614,Fe3O4,-1.245,-1.369,0.124,0.0,0.0,0.0,1.6053,1.6006,0.0047,129.74,160.82,31.08,55.55,60.21,4.66,-1.24501,-1.3689730368280746,0.0,0.0,1.6052870370370371,1.6006364528963604,129.74,160.81975561246782,55.55,60.21260015915541
mp-910,NbC,-0.5275,-0.646,0.1185,0.0,0.0,0.0,2.8644,3.0675,0.2031,299.63,293.29,6.34,195.56,217.59,22.03,-0.52754,-0.6460140917971412,0.0,0.0,2.864414682539683,3.0674825844997655,299.63,293.289726899869,195.56,217.58944342006876
mp-1023933,WSe2,-0.5047,-0.5179,0.0132,1.219,1.0782,0.1408,1.1673,0.9429,0.2244,31.29,38.67,7.38,22.91,15.16,7.75,-0.50474,-0.5179314421830181,1.219,1.0781876090040643,1.167331613756614,0.9428870260133391,31.29,38.67191391672677,22.91,15.15683323709274
mp-684731,Ti13S24,-1.7476,-1.8653,0.1178,0.0,0.0,0.0,1.057,0.7478,0.3092,143.21,170.78,27.57,105.05,112.17,7.12,-1.7475684593018026,-1.8653392744217367,0.0,0.0,1.0570044973544974,0.7477779920604226,143.20999999999964,170.77632230634143,105.05093707270768,112.17010188957757
mp-1393040,VO2,-2.4735,-2.626,0.1525,0.0,0.2596,0.2596,3.7393,3.6677,0.0716,106.73,99.85,6.88,63.06,72.18,9.12,-2.4735,-2.625966197802744,0.0,0.2595778934438831,3.739308068783069,3.6676703231495487,106.73,99.84803400840202,63.06,72.18066857098755
mp-20683,Cu3Se2,-0.1291,-0.1138,0.0153,0.0,0.2495,0.2495,1.6092,1.4436,0.1656,74.9,108.46,33.56,20.12,18.46,1.66,-0.12914,-0.11382833811667603,0.0,0.24949326373063954,1.6092035714285715,1.4436445119988113,74.9,108.4573703276178,20.12,18.462085651880816
mp-754629,WN2,-0.4524,-0.5111,0.0587,1.0066,0.8471,0.1595,3.7606,3.265,0.4956,103.13,102.57,0.57,26.02,24.61,1.41,-0.4524111015866655,-0.5111113317253143,1.0066,0.8470537505229714,3.7605821428571424,3.2650055149326302,103.13325971977284,102.56803613367703,26.016579974871085,24.611228646768932
mp-1096889,CrN2,0.1179,0.4194,0.3015,0.0,0.2492,0.2492,3.7393,3.5049,0.2344,243.51,242.1,1.41,136.25,122.09,14.16,0.11793,0.4194456832772643,0.0,0.24915989265820038,3.739308068783069,3.504881927430851,243.51,242.103388964678,136.25,122.09217419567419
mp-1384466,FeO2,-1.2729,-1.8223,0.5494,0.0,0.0078,0.0078,4.3651,3.8019,0.5632,98.62,64.59,34.03,49.03,56.25,7.22,-1.2729,-1.822270655793975,0.0,0.0077803990358293875,4.365059259259258,3.8018549880599375,98.62,64.59144905440533,49.03,56.2509943410408
mp-1178760,W2O7,-2.0645,-1.8474,0.217,0.493,0.569,0.076,3.741,3.786,0.045,167.88,179.36,11.48,76.65,79.43,2.79,-2.064455878851648,-1.8474123884411715,0.4929500000000004,0.5689753739553898,3.7410414021164016,3.785997727568765,167.88206878425876,179.3575356178937,76.6475032050402,79.43456884977147
mp-1213653,CuC6,1.1021,1.3508,0.2487,0.0156,0.0,0.0156,1.9721,1.948,0.0241,113.46,122.9,9.43,48.11,45.46,2.65,1.1021254666666669,1.3508247395085644,0.015557947368421,0.0,1.9721390211640213,1.9480189829530503,113.46486168775502,122.89585050488819,48.11130553698607,45.45728603238594
mp-1201958,Mo8O23,-2.0345,-2.4656,0.4311,0.577,0.8143,0.2373,3.9365,3.7909,0.1456,125.34,125.56,0.22,65.45,66.04,0.59,-2.034542811774193,-2.465632126688342,0.5769999999999997,0.8142871454441324,3.936525,3.7909419766347345,125.33929999999997,125.56389434415259,65.44714423073601,66.03877062340365
mp-1183728,Co2S3,-0.5118,-0.5884,0.0767,0.0,0.111,0.111,2.248,2.3643,0.1163,120.84,98.57,22.27,72.87,60.88,11.99,-0.51176,-0.5884222589078782,0.0,0.11098859158929594,2.248030343915344,2.3643111717998035,120.84040000000012,98.5673593067219,72.8721329119246,60.88111221815375
mp-673637,Ti9S10,-1.7636,-1.8461,0.0826,0.0,0.3062,0.3062,2.4282,2.0896,0.3386,143.21,135.19,8.02,105.05,95.42,9.63,-1.7635576868750007,-1.8461082695710629,0.0,0.3062064548447385,2.428171296296296,2.0895950637746044,143.20999999999964,135.19105725228806,105.05093707270768,95.42229485238308
mp-754628,WN2,-0.4634,-0.7581,0.2947,0.8351,0.908,0.0729,3.7606,3.8523,0.0917,121.36,106.83,14.53,25.58,19.1,6.48,-0.4633599740866655,-0.7580853842231738,0.8351,0.9080278435391598,3.7605821428571424,3.8522891391630765,121.35985230251192,106.83184979916592,25.579832871948327,19.096040607050313
mp-556000,ZnS,-1.1398,-1.3056,0.1658,2.0282,2.0357,0.0075,1.0705,1.2996,0.2291,72.26,84.7,12.44,32.96,33.35,0.39,-1.1398288738494322,-1.30560033047866,2.0282,2.035667210023753,1.0704701058201058,1.2995538121105892,72.25999999999999,84.69542172224148,32.96,33.350479542389785
mp-567832,TiTe,-0.6065,-0.8404,0.2339,0.0,0.0,0.0,2.6252,2.5598,0.0653,88.16,77.75,10.41,61.35,61.25,0.1,-0.60646,-0.8403765244605784,0.0,0.0,2.625151455026455,2.559829336197871,88.16,77.75047377218058,61.35,61.25016132017997
mp-636148,WO3,-2.2807,-1.9284,0.3524,0.579,0.5111,0.0679,3.7751,4.1527,0.3776,166.14,180.14,14.01,73.24,88.87,15.63,-2.28072,-1.9283600841877788,0.579,0.511097175653536,3.775115476190477,4.15268393646585,166.135,180.14132467484404,73.245,88.87448539695065
mp-1009079,CrTe,0.056,0.2411,0.1851,0.0,0.0814,0.0814,2.2368,2.21,0.0268,47.73,69.84,22.11,13.4,0.39,13.01,0.05599,0.24112169882796597,0.0,0.08137152619847074,2.236775577200577,2.2099962411476195,47.73,69.84387034425843,13.4,0.39420664828471885
mp-1096912,CrN2,0.1179,0.3718,0.2539,0.0,0.0,0.0,4.1307,4.862,0.7313,243.51,244.47,0.96,136.25,132.53,3.72,0.11793,0.37184520211749733,0.0,0.0,4.1307238095238095,4.862024222020354,243.51,244.4679768701919,136.25,132.52897955976476
mp-1411545,NiS2,-0.2978,-0.1565,0.1413,0.0,0.0,0.0,1.4739,0.9661,0.5078,58.18,60.89,2.71,20.45,28.24,7.79,-0.29781,-0.1565042199124166,0.0,0.0,1.4738867724867726,0.9660885610093303,58.18,60.890349033805805,20.45,28.243966586603342
mp-1202959,ZnS,-0.8853,-1.123,0.2377,2.097,2.1649,0.0679,1.0718,1.1117,0.0399,72.26,100.58,28.32,32.96,25.77,7.19,-0.88529,-1.1229901715331838,2.097,2.164947652731769,1.0717558201058202,1.111662638523038,72.25999999999999,100.58346032986617,32.96,25.76516171107059
mp-1178680,ZnO2,-0.6626,-0.7765,0.1139,1.1895,1.166,0.0235,4.6438,4.8487,0.2049,150.4,158.57,8.17,66.66,78.18,11.52,-0.662585,-0.7764844002088607,1.1895,1.1659767784683974,4.643833333333332,4.848739787153719,150.4,158.56758906745486,66.66,78.17839834102203
mp-673633,In2S3,-0.5789,-0.4852,0.0937,1.001,1.1212,0.1202,1.0971,1.7581,0.661,38.57,28.94,9.63,23.49,26.01,2.52,-0.57892,-0.485185950732675,1.001,1.1212479392386347,1.097073015873016,1.7581082988057601,38.57269999999998,28.940256490480067,23.491200000000006,26.01111226533627
mp-794,CrTe,0.0276,-0.2291,0.2568,0.0,0.3041,0.3041,2.193,1.8465,0.3464,48.07,45.67,2.4,17.08,22.89,5.81,0.02764,-0.22912102305511362,0.0,0.30409821899652184,2.192964466089466,1.8465211703610334,48.07,45.67086330242564,17.08,22.886370912035275
mp-1186370,Ni3Se,0.124,0.2636,0.1395,0.0,0.0,0.0,2.2674,2.2983,0.0309,149.32,132.35,16.97,10.0,12.24,2.24,0.12405,0.2635795243347807,0.0,0.0,2.267413492063492,2.2983124755328137,149.32,132.34765496825673,10.0,12.239595980610236
mp-705417,Fe11O12,-1.695,-1.7507,0.0557,1.3876,1.3054,0.0822,1.5232,1.3199,0.2033,151.52,133.53,17.99,60.64,48.93,11.71,-1.694969427173913,-1.7506691411918727,1.3876,1.3053763046483162,1.5231537037037035,1.3198820683517183,151.51704750967463,133.53021885608334,60.639916422494586,48.93266643984654
mp-1187055,Sn3Se,0.0044,-0.0788,0.0832,0.0,0.223,0.223,1.9576,2.1099,0.1522,56.32,58.71,2.39,21.8,2.14,19.65,0.00445,-0.07879275401877199,0.0,0.22300965329424835,1.9576462962962964,2.1098843741153868,56.32034776160855,58.713619235948194,21.796594396239627,2.1446722446741973
mp-1206038,Mo3Se,-0.4341,-0.295,0.1391,0.5735,0.8259,0.2524,2.6808,3.0059,0.3251,56.41,55.44,0.97,32.14,35.27,3.13,-0.4340993199545021,-0.2949872480800209,0.5734865416666661,0.8259096824694991,2.680789285714285,3.0058554757226634,56.40955708584328,55.44097623878212,32.14044412546156,35.27108570241594
mp-556152,ZnS,-1.1397,-1.0552,0.0845,2.0281,2.1353,0.1072,1.0705,1.325,0.2545,72.26,77.96,5.7,32.96,26.28,6.68,-1.139695647586806,-1.055199838953485,2.0281,2.1353342510804656,1.0704701058201058,1.3249961391882565,72.25999999999999,77.95791216142841,32.96,26.283880828299893
mp-608468,ZnS,-1.0894,-1.1698,0.0804,1.9806,2.0754,0.0948,1.0718,0.8172,0.2545,72.26,67.38,4.88,32.96,31.39,1.57,-1.0893997920312497,-1.1698052822868408,1.9806,2.0754234009900454,1.0717558201058202,0.8172409321980447,72.25999999999999,67.37778883323145,32.96,31.39251540689917
mp-1101178,WN2,-0.4074,-0.1765,0.2309,0.7,0.6374,0.0626,1.4478,1.4293,0.0184,327.32,303.22,24.1,193.5,194.58,1.08,-0.4074,-0.17646718598371078,0.7,0.6373543433670429,1.447777513227513,1.4293376733645098,327.32,303.22005172857473,193.505,194.58220436666855
mp-555858,ZnS,-1.1294,-1.3572,0.2279,2.0047,1.7484,0.2563,1.0718,1.4762,0.4044,72.26,80.5,8.24,32.96,32.6,0.36,-1.1293651655312509,-1.35723788177723,2.0047,1.7483822210039515,1.0717558201058202,1.476193018842563,72.25999999999999,80.50499523942645,32.96,32.603694446929644
mp-1078012,Cr3Te4,-0.1365,-0.0168,0.1197,0.0,0.0,0.0,2.2009,2.0859,0.115,53.49,26.07,27.42,28.99,17.24,11.75,-0.13649,-0.01683777285223924,0.0,0.0,2.200850577200577,2.0858669235737812,53.49,26.06783475698644,28.99,17.242439234253226
mp-948,ZnTe,-0.1966,-0.0816,0.115,0.0,0.0,0.0,1.6459,1.5205,0.1254,54.4,14.21,40.19,22.92,35.07,12.15,-0.19657,-0.08159397250902167,0.0,0.0,1.64592208994709,1.520541302526301,54.4,14.206791053108844,22.92,35.06729715298862
mp-1201338,V6O13,-2.5162,-2.5861,0.0699,0.0,0.0313,0.0313,3.7393,3.5109,0.2284,172.87,173.79,0.92,81.68,74.14,7.54,-2.51625,-2.5861253495588303,0.0,0.031269420685375235,3.739308068783069,3.5109445607511427,172.87065401746474,173.7875441495877,81.6814614906025,74.13872624375703
mp-849080,VS2,-0.9504,-0.89,0.0603,0.0,0.0,0.0,1.1515,0.8758,0.2757,53.04,75.49,22.44,32.65,34.17,1.52,-0.95035,-0.89004585186033,0.0,0.0,1.151490873015873,0.8757815099869878,53.045,75.4857767836647,32.645,34.16922382779739
mp-1181272,InO3,-1.6493,-1.912,0.2627,0.7863,0.8,0.0137,1.4053,1.7993,0.3939,164.97,145.38,19.59,63.68,66.02,2.34,-1.6492964593500017,-1.9119934184875143,0.7862800000000003,0.799974137419978,1.4053489417989418,1.79926767522498,164.96759999999978,145.38009321195523,63.68205588260789,66.02363338334108
mp-1442954,CrS2,-0.5898,-0.4071,0.1827,0.0,0.0,0.0,1.1217,1.4127,0.291,45.59,39.33,6.26,30.87,26.07,4.8,-0.58982,-0.4070743622276588,0.0,0.0,1.1217425925925928,1.412693556925614,45.59,39.33411753651572,30.87,26.06780488405071
mp-756436,FeO,-0.9914,-1.0357,0.0443,0.0,0.0,0.0,1.4604,1.7472,0.2867,139.79,162.98,23.19,45.8,47.2,1.41,-0.9914,-1.0357496975281577,0.0,0.0,1.4604342592592594,1.7471785702720295,139.7911870285058,162.97744420643042,45.79560741495768,47.20124682474562
mp-556161,ZnS,-0.886,-0.9995,0.1135,2.1,2.0168,0.0832,1.6229,1.2767,0.3462,72.26,75.74,3.48,32.96,25.2,7.76,-0.88595,-0.999481345922821,2.1,2.0168269926212505,1.6228748677248677,1.2766934761954611,72.25999999999999,75.74358858706208,32.96,25.196379208949754
mp-556363,ZnS,-1.1397,-0.9314,0.2083,2.028,1.9545,0.0735,1.0705,1.5218,0.4514,72.26,97.24,24.98,32.96,41.12,8.16,-1.1396952014756947,-0.9313547130525023,2.0280000000000005,1.954527054039561,1.0704701058201058,1.5218288709107484,72.25999999999999,97.23585166137187,32.96,41.11871347204149
mp-1147712,CuS2,-0.1982,-0.349,0.1507,0.0,0.1626,0.1626,1.5473,2.0329,0.4856,77.49,73.62,3.87,34.6,41.56,6.97,-0.19824,-0.34896507173154145,0.0,0.16260841483668653,1.5472867724867727,2.0328743755029093,77.48977616085091,73.61769693707367,34.59506872249635,41.56167770647037
mp-556784,ZnS,-1.1401,-1.435,0.2949,2.0208,2.2494,0.2286,1.0705,1.3442,0.2737,72.26,73.38,1.12,32.96,44.19,11.23,-1.1400695247585233,-1.434989401875219,2.0208,2.2494412312189187,1.0704701058201058,1.3441551673504128,72.25999999999999,73.37774225460986,32.96,44.189881834192676
mp-12120,FeN,-0.0978,-0.4231,0.3253,0.0,0.0,0.0,2.4812,3.1312,0.65,313.98,338.08,24.1,86.33,97.53,11.2,-0.09781,-0.42307287384742176,0.0,0.0,2.4812265295815297,3.1311978602612136,313.98,338.07871431836423,86.33,97.52858664465558
mp-1042098,TiS2,-1.395,-1.2774,0.1176,0.0,0.0,0.0,1.1693,1.1901,0.0208,47.84,43.88,3.95,33.58,27.67,5.92,-1.39503,-1.2774104275757285,0.0,0.0,1.169268650793651,1.1901181829064478,47.835,43.881129974450985,33.585,27.66673052229396
mp-556480,Ti3O5,-3.3882,-3.6569,0.2687,0.0,0.0,0.0,2.5525,2.6492,0.0967,171.37,148.12,23.25,76.46,73.65,2.81,-3.3882285339062506,-3.656929010916477,0.0,0.0,2.5524963443963444,2.6491930851249847,171.3654383731363,148.11734101780075,76.46051437806534,73.6547200668433
mp-1096903,CrN2,0.1179,0.4708,0.3529,0.0,0.0,0.0,3.7393,3.561,0.1783,243.51,244.5,0.99,136.25,139.47,3.22,0.11793,0.47080674707393205,0.0,0.0,3.739308068783069,3.560996041762192,243.51,244.49762881907836,136.25,139.47215052061617
mp-753740,CrO3,-1.6496,-2.0824,0.4328,1.588,1.7232,0.1352,3.7734,3.7287,0.0447,28.66,17.82,10.84,12.53,13.2,0.67,-1.64956,-2.082398035206996,1.588,1.7232358961815737,3.7733821428571424,3.7286918647460885,28.66,17.81871497671871,12.53,13.200379996323985
mp-1097757,CrN2,0.1179,0.4589,0.3409,0.0,0.2859,0.2859,3.7393,3.974,0.2347,243.51,222.7,20.81,136.25,147.84,11.59,0.11793,0.4588598654412213,0.0,0.2858986796914401,3.739308068783069,3.9739697034888803,243.51,222.7000020528077,136.25,147.84386077105367
mp-1189023,Cr2Se3,-0.4281,-0.3914,0.0367,0.0,0.0541,0.0541,1.1256,1.1346,0.009,57.65,46.99,10.66,34.59,43.43,8.84,-0.42814,-0.3914101310979225,0.0,0.05414544528533667,1.1255878306878306,1.1346127631225675,57.65,46.99183579143123,34.59,43.432353118039075
mp-13685,Cr2S3,-1.0818,-1.1081,0.0263,0.0,0.1405,0.1405,1.1289,0.6993,0.4296,73.1,78.44,5.34,42.8,66.03,23.23,-1.0818403314375005,-1.1081299788685888,0.0,0.14054381192065607,1.1289092592592591,0.6993026318941582,73.10146200874323,78.44380611368223,42.79840000000003,66.02822312007717
mp-554889,ZnS,-1.1394,-1.2575,0.1181,2.0385,2.0099,0.0286,1.0705,0.6717,0.3988,72.26,51.06,21.2,32.96,38.9,5.94,-1.1394191172395842,-1.257495950212482,2.0385,2.009851065651947,1.0704701058201058,0.6716701435542789,72.25999999999999,51.05644963731059,32.96,38.89843347347747
mp-770274,NiP4,-0.1674,-0.0921,0.0753,0.0,0.0,0.0,2.1332,1.826,0.3072,91.13,79.51,11.62,51.08,51.55,0.47,-0.1673666174761905,-0.09211231531070536,0.0,0.0,2.1331940740740745,1.8260375119731118,91.13212955761232,79.51414510648334,51.08304108998284,51.551349311039736
mp-714932,V5O9,-2.4821,-2.4963,0.0142,0.757,1.1002,0.3432,4.002,3.6576,0.3444,191.43,170.74,20.69,82.36,75.64,6.72,-2.4821467683035707,-2.496337869011723,0.7569999999999997,1.100225411537179,4.001957804232805,3.6575948381596834,191.43487945546747,170.7400565220502,82.35832447853528,75.64002085009136
mp-554961,ZnS,-1.1399,-0.9205,0.2195,0.0011,0.0,0.0011,1.0705,1.099,0.0285,72.26,88.0,15.74,32.96,35.93,2.97,-1.1399266479241077,-0.9204676774079429,0.0010999999999998,0.0,1.0704701058201058,1.0989967725056706,72.25999999999999,87.99831759868334,32.96,35.92500361054831
mp-1016059,CrN2,-0.0821,-0.0652,0.0169,0.0,0.2287,0.2287,3.7393,3.6643,0.075,243.51,260.13,16.62,136.25,135.21,1.04,-0.0820991626283316,-0.06519068284129224,0.0,0.2287073899829999,3.739308068783069,3.664281071984365,243.51,260.12992985258103,136.25,135.20606272273065
mp-1178392,Fe2O3,-1.3454,-1.3211,0.0243,0.0,0.3572,0.3572,1.6004,2.0102,0.4098,228.76,216.3,12.46,46.48,71.53,25.06,-1.34535,-1.3210539763827633,0.0,0.3571924484144767,1.6003925925925928,2.0101643030151464,228.76,216.297468073976,46.475,71.53279163812735
mp-748,Ti5O9,-3.2132,-3.2941,0.0809,0.0,0.2121,0.2121,3.9824,3.8274,0.155,171.4,191.85,20.45,76.26,65.8,10.46,-3.21317,-3.2941173686886547,0.0,0.21207259915668888,3.982417063492064,3.827444482109854,171.39802083821053,191.85266968006695,76.25977630602709,65.80141054308935
mp-1274,CoS,-0.3601,-0.3783,0.0181,0.0,0.0369,0.0369,2.3054,2.0943,0.2112,159.69,140.48,19.22,49.12,58.54,9.42,-0.36014,-0.3782857448117755,0.0,0.03690969634628268,2.305441693121693,2.094252463967199,159.69235388571332,140.4765933156985,49.118659539226186,58.540177661007576
mp-825726,WO3,-2.2807,-2.2242,0.0566,0.579,0.6799,0.1009,3.7751,3.8911,0.116,166.14,171.56,5.42,73.24,75.13,1.88,-2.28072,-2.2241698717675535,0.579,0.6799361893701145,3.775115476190477,3.8911224768937633,166.135,171.55619066136057,73.245,75.12747562140513
mp-1220143,Ni2O3,-0.7334,-1.0901,0.3567,0.0,0.0718,0.0718,5.1049,5.1318,0.0269,141.77,145.98,4.21,26.4,15.88,10.51,-0.73336,-1.0900658567224528,0.0,0.07177415289716442,5.1049444444444445,5.131809545727918,141.76710000000006,145.97632898481228,26.39582176914878,15.88105322368773
mp-999355,NbN,-0.8184,-1.101,0.2826,0.0,0.1046,0.1046,2.751,3.0574,0.3064,312.81,346.62,33.81,172.67,168.36,4.31,-0.81843,-1.101006104022287,0.0,0.10455455477734317,2.75098425925926,3.057418868552326,312.81,346.6160212257656,172.67000000000002,168.36194097316007
mp-1206914,ZnTe2,-0.0828,0.0629,0.1457,0.0,0.0,0.0,2.2753,1.9243,0.3509,49.56,71.32,21.76,23.0,21.69,1.31,-0.08285,0.06287756777620697,0.0,0.0,2.275278835978836,1.9243460336904263,49.55914984090346,71.31997518089383,23.0001697474612,21.686975541940697
mp-569402,VP,-0.4285,-0.4,0.0285,0.0,0.1187,0.1187,2.6147,2.7071,0.0924,152.21,149.53,2.68,43.97,44.13,0.16,-0.42854,-0.4000327830673941,0.0,0.11868516676285315,2.614678968253968,2.7071178751774068,152.21,149.52953277122143,43.97,44.13073044981815
mp-1181961,Cr5S8,-0.7699,-0.8141,0.0442,0.0,0.0,0.0,1.1289,0.761,0.368,65.1,87.56,22.46,46.42,36.79,9.63,-0.76993,-0.8140915383355528,0.0,0.0,1.1289092592592591,0.7609546997963934,65.10152716566705,87.56309196278794,46.41709370246255,36.78710456954451
mp-999142,SnO,-0.9798,-0.9825,0.0027,0.0,0.0,0.0,2.2726,2.788,0.5154,86.49,61.49,25.0,48.58,48.77,0.19,-0.97981,-0.982518919441996,0.0,0.0,2.2725850793650797,2.7880325189990334,86.48611470671919,61.488072945321704,48.58107010193486,48.76964146528035
mp-716723,V9O17,-2.47,-2.4053,0.0647,0.56,0.9704,0.4104,4.3738,4.4626,0.0887,170.44,157.15,13.29,79.15,96.56,17.41,-2.469969269278846,-2.4052726891610177,0.5599999999999996,0.97036172717033,4.373832804232804,4.462568357178716,170.4408892917659,157.14645148631263,79.15488544137246,96.56245243183753
mp-390,TiO2,-3.2441,-3.3611,0.117,2.023,1.7519,0.2711,3.674,3.9109,0.2369,196.6,215.22,18.62,60.5,52.73,7.77,-3.24411,-3.361130248660901,2.023,1.7518983098380283,3.6740339947089935,3.9108848245026557,196.6,215.21693836783095,60.5,52.72580824855624
mp-19033,WO3,-2.1838,-2.3497,0.1659,1.4239,1.6646,0.2407,3.7751,4.4788,0.7037,166.14,156.14,10.0,73.24,73.72,0.47,-2.1838248418750004,-2.349696242770156,1.4239,1.6646207328373008,3.775115476190477,4.478834807781863,166.135,156.13956743905987,73.245,73.71956191235707
mp-1371699,Mo2O3,-1.6087,-1.5751,0.0336,0.495,0.4809,0.0141,1.6255,1.5092,0.1163,105.36,98.47,6.89,52.12,63.95,11.83,-1.60867762675,-1.5750548441551642,0.4950000000000001,0.4809320167879281,1.625540476190476,1.5092496866663765,105.35739463583124,98.46731481310287,52.12131123614101,63.9497888194627
mp-1063268,CoO2,-0.9853,-1.1922,0.2068,0.0,0.0,0.0,4.3651,4.7787,0.4136,111.83,147.0,35.17,61.69,66.93,5.24,-0.98533,-1.1921729283986764,0.0,0.0,4.365059259259258,4.778678374177727,111.83,146.99539038761432,61.69,66.93315662584236
mp-1399565,CrO2,-1.892,-1.8149,0.0771,0.0,0.0783,0.0783,3.7588,4.0579,0.299,93.81,101.06,7.25,50.96,55.15,4.19,-1.89202,-1.8148987194829578,0.0,0.07825856196330781,3.7588488095238097,4.05788253220533,93.81,101.0639601768384,50.96,55.145793564588786
mp-1025874,MoS2,-0.9242,-1.2794,0.3552,1.097,1.1108,0.0138,1.2251,1.2839,0.0588,40.79,44.18,3.39,26.71,16.42,10.29,-0.92422,-1.279372583404341,1.097,1.1107978209255707,1.2251160052910053,1.283887096759666,40.79,44.184467374940375,26.71,16.41946726783774
mp-1228730,B24Mo7,-0.0509,0.1533,0.2043,0.487,0.6764,0.1895,3.1099,3.5718,0.4618,181.16,163.6,17.56,105.16,109.29,4.13,-0.0509349898314236,0.15333972277831104,0.4869674166666662,0.6764359667853483,3.1099239417989417,3.5717688813602777,181.15555313783844,163.59534965948333,105.1619843377391,109.2880625272777
mp-1018157,CrN,-0.5958,-0.5055,0.0903,0.0,0.0,0.0,4.6558,4.7953,0.1395,228.63,205.93,22.7,10.0,15.93,5.93,-0.59582,-0.5055216944133379,0.0,0.0,4.655765211640212,4.795304581784869,228.63,205.93195826870942,10.0,15.925057991037978
mp-1178414,CrO,-1.5048,-1.4589,0.0459,0.0,0.0,0.0,1.6012,1.0604,0.5408,163.74,167.65,3.91,57.17,57.13,0.04,-1.50484,-1.4588921609145378,0.0,0.0,1.6012044973544972,1.060445511001762,163.74,167.6492028631824,57.17,57.12973284827622
mp-554462,TiS,-1.5348,-1.3401,0.1948,0.0,0.0,0.0,2.5187,2.8139,0.2952,140.19,155.98,15.79,102.13,94.14,7.99,-1.53483,-1.3400706887891924,0.0,0.0,2.5187343915343914,2.8139271766258886,140.19,155.98131534977475,102.13,94.13872191814224
mp-7846,Zn3P2,-0.0116,0.3229,0.3346,0.0,0.0051,0.0051,1.6503,1.9494,0.2991,65.0,79.95,14.95,35.0,19.27,15.73,-0.01164,0.3229451405830057,0.0,0.00514206477912848,1.6503208994708995,1.9494460519366696,65.0,79.94529291270386,35.0,19.27329085802093
mp-1314858,VO2,-2.4701,-2.2689,0.2012,0.0,0.0226,0.0226,3.7588,3.7084,0.0504,106.73,118.59,11.86,63.06,76.71,13.65,-2.47013,-2.2688831945236267,0.0,0.02262111398253313,3.7588488095238097,3.708447115520246,106.73,118.58522812978757,63.06,76.71086484893185
mp-1208221,Ti5Te8,-0.7421,-1.1256,0.3835,0.0,0.0,0.0,2.3374,2.5248,0.1874,59.55,47.39,12.16,37.67,43.21,5.54,-0.74211,-1.1255828382815598,0.0,0.0,2.337374585137085,2.5248165488911356,59.54604186896994,47.388387189184705,37.66937024624895,43.209212870153905
mp-1384340,SnO2,-1.6022,-1.8708,0.2685,0.895,0.8415,0.0535,1.1577,1.4963,0.3386,129.95,131.26,1.31,66.51,73.77,7.26,-1.60225,-1.8707759186724653,0.895,0.8414520009663434,1.1577150793650794,1.4962856423139386,129.95,131.26036576911852,66.51,73.7659393780215
mp-1072712,NbS2,-1.0947,-1.2291,0.1344,0.0,0.0,0.0,1.1599,1.3087,0.1488,60.68,80.48,19.8,37.25,33.11,4.14,-1.09467,-1.2291092864090032,0.0,0.0,1.1598964285714286,1.3086867308339998,60.68,80.48346068699936,37.25,33.10989894638918
mp-821313,FeO2,-1.2729,-1.274,0.0011,0.0,0.0,0.0,4.3651,4.0486,0.3164,98.62,84.14,14.48,49.03,49.11,0.08,-1.2729,-1.2740408340717815,0.0,0.0,4.365059259259258,4.0486320478222435,98.62,84.14185785732377,49.03,49.11380189093171
mp-1041980,NiO2,-0.8098,-0.7103,0.0995,0.7775,1.1851,0.4076,4.3651,3.8554,0.5096,108.26,109.0,0.74,62.12,62.52,0.4,-0.80985,-0.7103236341338655,0.7775000000000001,1.185149155469703,4.365059259259258,3.855440921773184,108.26,109.00075306041857,62.12,62.51602600096321
mp-796278,CoO2,-0.9853,-1.1404,0.1551,0.0,0.0,0.0,4.3651,4.6168,0.2518,111.83,121.26,9.43,61.69,55.62,6.07,-0.98533,-1.140437559102344,0.0,0.0,4.365059259259258,4.616841486770494,111.83,121.2599115151938,61.69,55.61929445772532
mp-1978391,CuTe,-0.0364,-0.0046,0.0318,0.0,0.0,0.0,2.2815,2.3407,0.0593,15.0,31.36,16.36,10.0,6.13,3.87,-0.03638,-0.004616382944282994,0.0,0.0,2.281453835978836,2.340721995756673,15.0,31.356695864390257,10.0,6.133283443452544
mp-999473,ZnN,0.5662,0.4051,0.1612,0.0,0.0,0.0,1.8464,1.4009,0.4455,170.13,193.81,23.68,63.08,60.38,2.7,0.56624,0.4050627062546362,0.0,0.0,1.846409126984127,1.400913624679348,170.13,193.81430685040132,63.08,60.38166737600985
mp-715035,VO2,-2.429,-2.5607,0.1317,0.7988,0.7053,0.0935,3.7588,3.6385,0.1204,106.73,120.73,14.0,63.06,65.09,2.03,-2.42900928875,-2.560724736692217,0.7988,0.7053346862888201,3.7588488095238097,3.6384875077405505,106.73,120.73216721699036,63.06,65.09022365562005
mp-1239172,Mo5O14,-2.0379,-2.3325,0.2946,0.0,0.0,0.0,3.9025,4.0508,0.1483,94.75,88.46,6.29,32.2,30.65,1.55,-2.0379307796052624,-2.3324819975425504,0.0,0.0,3.902450925925926,4.050789553034991,94.7542,88.45960700695129,32.19944999999999,30.645756044088465
mp-1009641,CoTe2,-0.1923,-0.3879,0.1956,0.0,0.0,0.0,2.1894,1.7177,0.4717,56.71,85.55,28.84,27.11,26.81,0.3,-0.19234,-0.3878910164388868,0.0,0.0,2.1893546296296296,1.7177012262073559,56.71,85.5471125764291,27.11,26.80728665440881
mp-850068,NiS2,-0.2565,-0.5398,0.2833,0.0,0.0,0.0,2.0713,2.2938,0.2226,58.18,45.53,12.65,20.45,18.9,1.55,-0.2565,-0.5397926946616203,0.0,0.0,2.071276851851852,2.2938492275647016,58.18,45.529867646878195,20.45,18.90394811651291
mp-1221542,MnO2,-1.7473,-1.9536,0.2063,0.3535,0.5881,0.2346,3.8982,4.2014,0.3032,97.17,95.8,1.37,53.63,48.57,5.06,-1.74728,-1.9536110558567756,0.3535,0.5880914854518235,3.898152513227513,4.201377871881492,97.17,95.80185841783428,53.63,48.569227330055924
mp-10228,NbSe2,-0.8363,-0.627,0.2093,0.0,0.0,0.0,1.0766,0.8476,0.2289,45.57,47.03,1.46,32.36,42.7,10.34,-0.83626,-0.6269708168769053,0.0,0.0,1.076575529100529,0.8476289206681273,45.57,47.02507733376377,32.36,42.699169141166294
mp-715584,MoO3,-2.0208,-2.2217,0.2009,1.8343,2.0051,0.1708,3.9365,4.2861,0.3496,63.95,57.25,6.7,33.2,53.48,20.27,-2.0207540740625003,-2.2216634989955755,1.8343,2.0050588121940778,3.936525,4.286110102558612,63.95,57.253302769297896,33.205,53.478933741868474
mp-1102170,CrO2,-1.9581,-1.4255,0.5326,0.0,0.0771,0.0771,3.9824,3.8277,0.1548,93.81,104.27,10.46,50.96,45.7,5.26,-1.95811,-1.4255138240547394,0.0,0.07708700596625911,3.982417063492064,3.827665465237324,93.81,104.2733769527432,50.96,45.7011063910934
mp-971853,Zn3B,0.6308,0.7253,0.0945,0.0,0.0391,0.0391,2.0556,2.18,0.1244,91.16,83.66,7.5,10.0,9.2,0.8,0.63076,0.7253015977352615,0.0,0.039097416199917225,2.055633597883598,2.180020561636932,91.16153187394173,83.66331534036738,10.0,9.203269695482561
mp-556566,V8O15,-2.4857,-2.4544,0.0314,0.5345,0.5646,0.0301,4.3738,4.5832,0.2094,185.1,191.79,6.69,83.86,108.77,24.92,-2.4857219612499994,-2.4543537161741296,0.5345,0.5646120544336967,4.373832804232804,4.583213041393858,185.1017642636547,191.78928275251235,83.85509413877215,108.77165714300772
mp-604915,CrSe,-0.3011,-0.4833,0.1823,0.0,0.2208,0.2208,1.0664,0.909,0.1574,59.67,74.15,14.48,19.44,37.18,17.74,-0.30108,-0.48334530236687745,0.0,0.22082439455023026,1.0664100529100529,0.9089701521213481,59.67,74.1474044243632,19.44,37.182281993149424
mp-10027,TiSe,-0.908,-0.771,0.1369,0.0,0.0,0.0,2.481,2.0203,0.4607,107.17,111.59,4.42,57.66,45.13,12.53,-0.90795,-0.7710189380425587,0.0,0.0,2.480972486772487,2.0202966382493655,107.17,111.59468105473286,57.66,45.13107038924862
mp-13136,WC,0.2722,0.1479,0.1244,0.0,0.1292,0.1292,2.9649,3.0055,0.0406,365.39,349.61,15.79,153.4,152.95,0.45,0.27225,0.14788233916397395,0.0,0.12919130188751765,2.9648731481481483,3.0054691695387006,365.39247322290765,349.6055150863458,153.40007008849383,152.9510107923732
mp-1283577,CrO,-1.5155,-1.497,0.0185,0.0,0.0,0.0,1.4375,1.184,0.2535,163.74,158.63,5.11,57.17,52.93,4.24,-1.51546,-1.4969578263468175,0.0,0.0,1.4374776455026457,1.1840194538449882,163.74,158.62573619572592,57.17,52.926977219314814
mp-647075,ZnS,-1.1401,-0.6223,0.5178,1.9999,2.0841,0.0842,1.0718,1.1118,0.0401,72.26,78.22,5.96,32.96,49.2,16.24,-1.140092716875,-0.6223022036304102,1.9999,2.0841321885269193,1.0717558201058202,1.1118266904873177,72.25999999999999,78.22145695382316,32.96,49.195357442177894
mp-1220361,NbO3,-2.0863,-2.1125,0.0262,0.0,0.2124,0.2124,3.741,3.8854,0.1443,130.63,139.91,9.28,67.8,78.63,10.83,-2.0863,-2.1124558774508295,0.0,0.21238807782556252,3.7410414021164016,3.885382990571545,130.63,139.9137289894627,67.8,78.63048615520721
mp-1027692,MoSe2,-0.6512,-0.4223,0.2289,1.061,1.0759,0.0149,0.9033,1.1336,0.2303,36.4,46.75,10.35,24.46,39.7,15.24,-0.6512,-0.42232663137069926,1.061,1.0759166935643798,0.903258597883598,1.1335704219030844,36.4,46.75032683308876,24.46,39.69854682416422
mp-1217166,Ti5S8,-1.493,-1.6435,0.1505,0.0,0.0808,0.0808,2.5201,2.2993,0.2207,133.64,131.34,2.3,88.03,100.01,11.98,-1.49297,-1.6434560298325358,0.0,0.08080628022480513,2.520056746031746,2.2993408247359945,133.64096847925413,131.33630118589224,88.02808522363438,100.01224060767808
mp-1047762,NiO2,-0.8098,-0.8235,0.0136,0.7775,0.8489,0.0714,4.3651,4.7338,0.3688,108.26,128.38,20.12,62.12,50.62,11.5,-0.80985,-0.8234991883759013,0.7775000000000001,0.8488856511420839,4.365059259259258,4.733820853692995,108.26,128.37790048390784,62.12,50.615516185639734
mp-1014365,Cr3N4,-0.4094,-0.0533,0.3562,0.0,0.0768,0.0768,5.1137,4.9307,0.183,288.77,319.82,31.05,126.46,133.57,7.11,-0.4094219563599992,-0.053267280357642055,0.0,0.07682579529878904,5.113717989417989,4.930732814673169,288.77,319.82238382077566,126.46,133.56806026797594
mp-1102744,ZnO2,-0.6626,-0.7975,0.1349,1.1895,1.3203,0.1308,1.8854,1.8487,0.0367,150.4,174.99,24.59,66.66,85.18,18.52,-0.662585,-0.7974642692558906,1.1895,1.3203066493744555,1.8853563492063488,1.8486564239545078,150.4,174.99450240645388,66.66,85.18233193695977
mp-775938,TiO2,-3.4798,-3.1152,0.3647,2.0839,2.123,0.0391,3.674,3.8322,0.1582,189.08,180.59,8.49,74.72,65.52,9.2,-3.4798401175000007,-3.115156448599362,2.0838999999999994,2.1229997205605575,3.6740339947089935,3.832201809881458,189.08,180.59230153459725,74.72,65.51571933448929
mp-28338,Mn2O7,-0.9007,-0.7622,0.1385,1.8058,1.7307,0.0751,4.2896,4.2572,0.0323,96.02,66.73,29.28,43.38,56.37,13.0,-0.9006752759077775,-0.7622201705030243,1.8058000000000003,1.7306532504869898,4.289568253968254,4.257233383667162,96.01533422139094,66.73154031176517,43.3770205613911,56.37405219646889
mp-2782,ZnP2,-0.2641,-0.3858,0.1217,1.473,1.1191,0.3539,1.6264,1.2532,0.3733,68.21,82.67,14.47,42.25,28.2,14.05,-0.26408,-0.38575038835583286,1.473,1.119054517345932,1.6264367724867723,1.253152825545772,68.20505896462599,82.67152489408575,42.25439136753446,28.203207520479264
mp-557523,VS2,-0.9389,-0.8159,0.123,0.0,0.0017,0.0017,1.2116,1.6742,0.4625,15.0,60.21,45.21,10.0,29.9,19.9,-0.93888,-0.8158544785837449,0.0,0.0016581628886144042,1.2116242063492064,1.6741588942433143,15.0,60.20955740316201,10.0,29.902734031889267
mp-10695,ZnS,-0.8868,-0.6941,0.1927,2.086,2.1502,0.0642,1.0705,1.4232,0.3527,72.53,40.08,32.45,35.18,17.29,17.89,-0.88682,-0.694136528934779,2.086,2.1502255910393195,1.0704701058201058,1.423192571894433,72.53,40.083054014490905,35.18,17.285202171084823
mp-32662,WO3,-2.1795,-2.0587,0.1209,1.4691,1.3904,0.0787,3.7751,3.8534,0.0783,149.77,150.21,0.44,72.67,64.59,8.08,-2.179547545937499,-2.0586923215796964,1.4691,1.3904134604734824,3.775115476190477,3.8534466826391958,149.77147985724042,150.2144470274722,72.67321326105184,64.59385633491719
mp-849511,VO2,-2.4688,-2.7968,0.328,0.0,0.3106,0.3106,3.7393,4.0913,0.352,106.73,101.78,4.95,63.06,67.24,4.18,-2.4688,-2.7968470780005683,0.0,0.3105990073842406,3.739308068783069,4.091308043811094,106.73,101.78417075123167,63.06,67.2432682779812
mp-673655,Cu9Se5,-0.0427,-0.1981,0.1554,0.0,0.4688,0.4688,1.6189,1.8158,0.197,49.67,47.96,1.71,23.16,32.2,9.04,-0.0426797519977678,-0.19807265499376372,0.0,0.4687522365943871,1.6188915343915344,1.81584863910649,49.67389776160851,47.96283804736591,23.158672052262645,32.199801926667824
mp-656884,Ni9O10,-0.8417,-0.8989,0.0572,0.0,0.0,0.0,2.0472,2.0375,0.0097,149.3,139.85,9.45,78.36,83.09,4.72,-0.8417322780263157,-0.898905080428164,0.0,0.0,2.047223015873016,2.037498301237625,149.29666902495347,139.8485948573998,78.36137343873332,83.08505733247239
mp-1043363,Mn2O3,-1.7537,-1.7754,0.0217,0.0,0.3039,0.3039,1.4347,1.3427,0.092,150.11,166.31,16.2,51.17,44.6,6.57,-1.75368,-1.7754070367328825,0.0,0.30388385749182295,1.4346794973544974,1.3427086801953059,150.1147697439831,166.31136465900138,51.17092144275271,44.59893440435828
mp-1008635,WC,0.2225,0.3431,0.1206,0.0,0.0091,0.0091,2.6045,2.5674,0.0372,269.17,272.89,3.72,28.84,6.66,22.18,0.22249,0.3431122033783712,0.0,0.009063689086998344,2.604522354497355,2.5673544282715084,269.17,272.8939736978035,28.84,6.65729902155508
mp-1080200,CrN2,-0.1879,-0.158,0.0299,0.0,0.1277,0.1277,2.6501,2.7822,0.1322,243.51,247.27,3.76,157.09,153.64,3.45,-0.18791,-0.15800294213136046,0.0,0.12766585408851022,2.65006436026936,2.782234470820745,243.51,247.27096053244898,157.09,153.63558002309847
mp-25571,MoO2,-1.7494,-2.0293,0.2799,0.0,0.0296,0.0296,1.7148,2.2718,0.557,96.09,85.21,10.88,34.53,31.15,3.38,-1.74938,-2.0293264088947094,0.0,0.02962595381885325,1.7147767195767194,2.2717580765098484,96.09,85.21255005295988,34.53,31.151479166550956
mp-867971,Mn15O32,-1.6364,-1.565,0.0714,0.0,0.1786,0.1786,3.8982,3.4468,0.4513,138.64,154.23,15.59,50.67,67.14,16.47,-1.6363941786042546,-1.5650182046824461,0.0,0.17855676417992558,3.898152513227513,3.446815255469267,138.64201855329705,154.23226130981524,50.668927245983376,67.13738093470964
mp-568789,TiSe,-1.1241,-1.0055,0.1186,0.0,0.0,0.0,2.5767,2.8185,0.2418,111.74,97.63,14.11,70.89,71.09,0.2,-1.1241,-1.0055433600873653,0.0,0.0,2.5766705026455026,2.8184650856148834,111.73520067857164,97.62504357189182,70.88984251161277,71.08678810414102
mp-1226930,Cr19S30,-0.718,-0.6099,0.1082,0.0001,0.0903,0.0903,1.1369,1.1212,0.0157,63.83,69.82,5.99,44.32,21.44,22.88,-0.7180293794768617,-0.6098750046911263,6.250000000000004e-05,0.09033157789065752,1.1368814814814814,1.1211946740173493,63.83300000000006,69.81925720412815,44.31728740492504,21.442172740370346
mp-850131,NiS2,-0.3331,-0.1183,0.2148,0.0,0.1152,0.1152,2.1967,2.3895,0.1929,26.77,18.26,8.5,23.44,33.61,10.17,-0.33313,-0.11828309108579818,0.0,0.11520520841190626,2.196652407407408,2.3895203591594716,26.76645858588721,18.2638733773995,23.44289276101423,33.6112860180485
mp-32857,Cu13Se8,-0.0527,0.1116,0.1643,0.0712,0.0844,0.0132,1.6138,1.7341,0.1203,45.46,47.97,2.51,23.56,22.18,1.38,-0.05267539375,0.11161785294987292,0.0711999999999992,0.08436949771856528,1.6137619047619047,1.7340896908337569,45.46279776160848,47.968595317812195,23.556354953276955,22.17580982612312
mp-541404,VO2,-2.5469,-2.4594,0.0876,0.0,0.0557,0.0557,3.7393,3.8269,0.0876,106.73,80.46,26.27,63.06,68.93,5.87,-2.54692,-2.4593694169883515,0.0,0.05565267934713181,3.739308068783069,3.8269059041894566,106.73,80.46281053503613,63.06,68.9259524203499
mp-772550,CrO3,-1.693,-1.7138,0.0209,2.111,2.2324,0.1214,3.6886,3.6716,0.017,23.42,53.39,29.97,12.61,20.76,8.15,-1.69295,-1.7138030595596758,2.111,2.232361900631683,3.688567328042328,3.6716120399043035,23.42,53.39472185783653,12.61,20.75711713385435
mp-1015780,CrN2,-0.1322,-0.4788,0.3466,0.2319,0.3995,0.1676,4.1307,4.1602,0.0295,243.51,250.34,6.83,136.25,143.6,7.35,-0.1321648901160781,-0.4787936518537942,0.2319,0.3994811405444941,4.1307238095238095,4.160183704002861,243.51,250.3416781510551,136.25,143.60121473810707
mp-1271850,MnO2,-1.7473,-1.6658,0.0815,0.3535,0.4029,0.0494,3.8982,4.1715,0.2734,97.17,85.52,11.65,53.63,31.55,22.08,-1.74728,-1.665783329897368,0.3535,0.4028695844374165,3.898152513227513,4.171519661430628,97.17,85.51730944718061,53.63,31.554749051386914
mp-1181499,CuO2,-0.2063,-0.1703,0.036,0.0,0.0781,0.0781,4.3651,4.853,0.488,95.04,96.96,1.92,32.63,39.15,6.52,-0.20634,-0.1702920299466417,0.0,0.07806926864081176,4.365059259259258,4.85303678860457,95.04,96.96357437047463,32.63,39.147559499995985
mp-555583,ZnS,-1.1397,-1.0905,0.0491,2.032,1.8719,0.1601,1.0705,0.9321,0.1384,72.26,59.57,12.69,32.96,35.79,2.83,-1.1396568426562503,-1.0905247345717228,2.032,1.8718766713265564,1.0704701058201058,0.9320749750866917,72.25999999999999,59.57364608036349,32.96,35.79242262926942
mp-1217445,Ti5S8,-1.4935,-1.7615,0.2679,0.0,0.054,0.054,2.4445,2.3837,0.0608,133.64,120.15,13.49,88.03,75.54,12.48,-1.49354,-1.7614866982777095,0.0,0.05398629706199539,2.4445260582010584,2.3836966010226965,133.64096847925413,120.14962129407,88.02808522363438,75.54455701487733
mp-2780,Fe3Se4,-0.2524,-0.4803,0.2279,0.0,0.0,0.0,2.5214,2.6936,0.1721,88.35,104.08,15.73,51.48,69.13,17.66,-0.2524,-0.4802713263108761,0.0,0.0,2.5214426406926407,2.693591511071183,88.34754072615438,104.08018106343484,51.47677244626827,69.13329987317144
mp-1178828,V3O8,-2.4273,-2.2181,0.2092,0.2296,0.2796,0.05,3.7393,3.9512,0.2119,101.78,106.32,4.54,51.17,75.96,24.79,-2.427290105665213,-2.2181010522360656,0.2296463414634146,0.27961467633459536,3.739308068783069,3.951220404814573,101.77681284626844,106.31883046593552,51.172196504886806,75.95734936852952
mp-1016076,CrN2,0.3029,0.2884,0.0146,0.364,0.1264,0.2376,3.7588,4.0054,0.2466,243.51,228.23,15.28,136.25,139.06,2.81,0.30294,0.2883556139682428,0.364,0.126362378056331,3.7588488095238097,4.0054034598474235,243.51,228.2330505041939,136.25,139.05958707923546
mp-2132,CrN,-0.4883,-0.3552,0.1331,0.0,0.1761,0.1761,2.4812,2.0803,0.401,272.17,237.49,34.68,69.7,64.55,5.15,-0.48831,-0.3552308319886364,0.0,0.17605203734146282,2.4812265295815297,2.080272220913442,272.17,237.48726840812841,69.7,64.55455487812776
mp-1104544,Sn3O4,-1.2259,-1.2266,0.0007,0.5304,0.7262,0.1958,1.4221,1.5193,0.0972,54.13,77.35,23.21,34.1,21.43,12.68,-1.2258839999999973,-1.2265687045490188,0.5304000000000001,0.7262029009352742,1.422098015873016,1.5192693986230907,54.1345815199048,77.34504355573691,34.10102822152712,21.425068064095758
mp-1285335,VO2,-2.4735,-2.4739,0.0004,0.0,0.0,0.0,3.7588,3.7663,0.0074,106.73,121.26,14.53,63.06,60.14,2.92,-2.4735,-2.473890267928018,0.0,0.0,3.7588488095238097,3.766288067739512,106.73,121.25897441103066,63.06,60.13936667413162
mp-1196782,ZnS,-0.8853,-0.6996,0.1857,2.097,2.1406,0.0436,1.0718,1.4097,0.3379,72.26,69.35,2.91,32.96,43.53,10.57,-0.88529,-0.6996247440039515,2.097,2.1405795646742125,1.0717558201058202,1.4096701589903136,72.25999999999999,69.34596722636127,32.96,43.53486562613825
mp-1023924,MoS2,-1.3047,-1.4168,0.1122,1.6582,1.4982,0.16,1.2251,1.1786,0.0465,15.0,10.4,4.6,10.0,11.56,1.56,-1.3046503227083337,-1.4168140348001255,1.6582,1.4982137340718786,1.2251160052910053,1.1786442396251198,15.0,10.399261377827301,10.0,11.55585004163537
mp-1001837,MoP,0.2299,0.2431,0.0132,0.0,0.121,0.121,1.2369,1.2577,0.0208,217.12,226.97,9.85,133.89,136.2,2.31,0.22994,0.24314041053501706,0.0,0.12104830308588638,1.2369425925925923,1.2577184035861633,217.12,226.97258701218092,133.89,136.19682757177344
mp-925,VN,-1.1329,-1.2341,0.1012,0.0,0.0217,0.0217,2.6435,2.6914,0.048,319.13,345.77,26.64,166.1,142.33,23.77,-1.13291,-1.2340623784707396,0.0,0.021737489200795896,2.643469867724868,2.691427999459207,319.13,345.7663768413865,166.1,142.33214774708503
mp-1821,WSe2,-0.5446,-0.6401,0.0955,1.046,1.3273,0.2813,1.0423,1.179,0.1367,59.89,44.48,15.41,43.19,33.08,10.11,-0.54463,-0.6400935612889368,1.046,1.32733298913356,1.0423126984126985,1.1789799875223779,59.89,44.47998529211905,43.19,33.07592960259683
mp-980941,Ti3N,0.2153,0.1455,0.0698,0.0,0.0,0.0,2.631,2.7966,0.1656,133.77,119.72,14.05,10.0,24.91,14.91,0.21528,0.14548130581809338,0.0,0.0,2.630951851851852,2.7965914241100505,133.77,119.71664092737727,10.0,24.910923362141226
mp-1028586,Te2W,-0.0211,0.0179,0.039,0.986,1.2405,0.2545,0.8105,0.6969,0.1135,15.0,8.8,6.2,10.0,-3.73,13.73,-0.0211,0.017906354166460643,0.986,1.2405161853356503,0.8104566137566138,0.6969171048735727,15.0,8.803707356762985,10.0,-3.7345805854572394
mp-1383701,MoO2,-1.7494,-1.8539,0.1045,0.0,0.0,0.0,1.5452,1.209,0.3362,91.86,86.67,5.19,29.72,33.97,4.24,-1.74938,-1.853905918658273,0.0,0.0,1.5452211640211642,1.2090320534594052,91.86,86.6705417364924,29.725,33.96658139418266
mp-1379,SnS,-0.4497,-0.199,0.2507,0.614,0.6778,0.0638,1.1825,1.3728,0.1903,20.8,34.08,13.28,10.0,6.0,4.0,-0.44969,-0.19901023653942873,0.614,0.677789739725232,1.182485978835979,1.3727997427044656,20.8,34.07753921154628,10.0,6.004297807133651
mp-12205,Ti4O7,-3.4252,-3.6149,0.1897,0.0,0.0627,0.0627,3.9824,4.0917,0.1092,171.56,157.69,13.87,76.24,82.6,6.36,-3.425217652765152,-3.6149064206616592,0.0,0.06266844983268079,3.982417063492064,4.091651746020043,171.5559637895252,157.6857366297457,76.24475528890807,82.60429199818972
mp-1047285,FeO2,-1.2729,-1.3177,0.0448,0.0,0.0,0.0,4.3651,3.645,0.7201,98.62,82.1,16.52,49.03,54.3,5.27,-1.2729,-1.3176530289884238,0.0,0.0,4.365059259259258,3.6449563122086186,98.62,82.10258699792884,49.03,54.29874745930912
mp-1044871,CrO2,-1.892,-1.9886,0.0965,0.0,0.0,0.0,3.7393,3.9172,0.1779,93.81,85.53,8.28,50.96,62.54,11.58,-1.89202,-1.9885555915978312,0.0,0.0,3.739308068783069,3.9171715451613736,93.81,85.53410015039407,50.96,62.53886049462659
mp-1216463,V7S8,-1.0071,-0.7173,0.2898,0.0,0.0,0.0,2.4524,1.976,0.4764,135.46,141.73,6.27,75.39,74.52,0.87,-1.0071,-0.7172603233874533,0.0,0.0,2.452413095238095,1.9760092653827863,135.4566000000001,141.72604016750614,75.38899842511611,74.51790129333595
mp-1015567,CrN2,0.2786,0.3124,0.0338,0.175,0.3409,0.1659,3.7393,3.5523,0.187,243.51,232.59,10.92,136.25,122.22,14.03,0.27865,0.31241808403503146,0.175,0.3409264682091677,3.739308068783069,3.5523046193623338,243.51,232.59319828326934,136.25,122.22397993865391
mp-559445,VO2,-2.4735,-2.2687,0.2048,0.0,0.1192,0.1192,3.7588,3.9786,0.2198,106.73,116.41,9.68,63.06,62.04,1.02,-2.4735,-2.2686746326161153,0.0,0.11915396553820774,3.7588488095238097,3.9786353395802756,106.73,116.40521185711256,63.06,62.044087905023964
mp-1595,Nb2O5,-2.6869,-2.9976,0.3107,2.17,2.3275,0.1575,3.6903,3.8111,0.1208,157.98,160.83,2.85,56.77,48.98,7.79,-2.68686,-2.9975688394496824,2.17,2.327520243768541,3.690300661375661,3.8111012891072735,157.98,160.83214205059016,56.77,48.98053129532302
mp-15798,MoC,0.171,0.2192,0.0482,0.0,0.0,0.0,2.9771,2.841,0.136,332.37,315.04,17.33,162.88,179.92,17.04,0.1709502454166672,0.21915495663504098,0.0,0.0,2.9770507936507933,2.841026346005169,332.37,315.03820832463174,162.88,179.9241865071428
mp-1018027,VN,-1.3168,-1.1411,0.1757,0.0,0.0,0.0,2.6787,2.8341,0.1554,337.97,335.15,2.82,258.5,254.71,3.79,-1.31677,-1.141068294554589,0.0,0.0,2.678702275132275,2.8341155802477282,337.97,335.1471889528012,258.5,254.71023368027352
mp-760075,Ti19O30,-3.346,-3.3356,0.0104,0.0,0.0,0.0,2.6033,2.4391,0.1642,171.58,168.91,2.67,76.39,79.91,3.53,-3.3459920486564614,-3.3356252455871536,0.0,0.0,2.6033192063492065,2.439101112720649,171.57806207041912,168.90956109256726,76.38516171475212,79.91225515113237
mp-1096913,CrN2,0.1179,0.3296,0.2117,0.0,0.2544,0.2544,3.7393,3.3567,0.3826,243.51,221.01,22.5,136.25,143.64,7.39,0.11793,0.32964358140912803,0.0,0.2543792123223365,3.739308068783069,3.3567355802656222,243.51,221.01278423726862,136.25,143.64204449560768
mp-25427,MoO2,-1.7442,-1.8567,0.1124,0.0,0.0932,0.0932,1.5079,1.8361,0.3282,91.86,81.9,9.96,29.72,35.05,5.32,-1.74424,-1.85665841135423,0.0,0.09323167795369905,1.5079026455026454,1.836073709962093,91.86,81.90162457592629,29.725,35.04657480132523
mp-25378,CuO2,-0.1828,0.0993,0.2821,0.0,0.0774,0.0774,4.7548,4.5032,0.2515,95.04,119.86,24.82,32.63,30.14,2.49,-0.18283,0.09930341486234051,0.0,0.07740399080519615,4.754766666666666,4.503233750800124,95.04,119.85540341260722,32.63,30.144899317370765
mp-570122,Cr3Te4,-0.0931,0.3712,0.4643,0.0,0.0,0.0,2.2713,1.4638,0.8075,29.67,30.2,0.53,16.12,25.14,9.02,-0.09309,0.37121268121440726,0.0,0.0,2.271308513708514,1.4638377291741809,29.67157260256998,30.196966303437982,16.123146851182355,25.143810223759473
mp-1226358,Cr7Se10,-0.4362,-0.517,0.0808,0.0,0.1504,0.1504,1.1289,1.2813,0.1524,55.0,110.5,55.5,32.44,24.5,7.94,-0.4361883333333337,-0.5169772674563792,0.0,0.15035598480168993,1.1289092592592591,1.2813308071854932,54.99649999999996,110.49562266142874,32.44119999999998,24.50482396190403
mp-770543,Mn2O3,-1.7431,-1.8408,0.0977,0.0,0.0,0.0,1.6581,1.2881,0.3701,150.11,123.34,26.78,51.17,35.23,15.94,-1.74308,-1.8407975177355211,0.0,0.0,1.6581452380952382,1.2880886231382571,150.1147697439831,123.33632816404777,51.17092144275271,35.23465856155958
mp-1271755,VO2,-2.4735,-2.1823,0.2912,0.0,0.0,0.0,3.7588,3.4519,0.307,106.73,111.38,4.65,63.06,61.17,1.89,-2.4735,-2.182348330349436,0.0,0.0,3.7588488095238097,3.4518862783872564,106.73,111.37816048776398,63.06,61.17257804971382
mp-1404610,FeS2,-0.3816,-0.0646,0.317,0.409,0.4977,0.0887,1.125,1.1941,0.069,114.41,109.38,5.03,64.09,63.82,0.27,-0.3815849999999999,-0.06459161560286492,0.409,0.49771552865225027,1.1250425925925926,1.1940605974305927,114.41,109.38081802366123,64.09,63.81859986390965
mp-975439,Mn3S,0.1811,0.0676,0.1136,0.0,0.2901,0.2901,2.2823,2.2057,0.0766,71.85,81.1,9.24,22.75,29.12,6.37,0.18114,0.06758059676857628,0.0,0.2901459611382952,2.282287481962482,2.205699669258589,71.85067458441986,81.09557903256422,22.74704502961133,29.117888741156065
mp-2750,Cr2Te3,-0.1664,-0.259,0.0925,0.0,0.0584,0.0584,2.0994,1.5695,0.53,41.46,62.22,20.75,26.02,34.32,8.31,-0.16643,-0.2589631663924242,0.0,0.05841791120734526,2.0994352994228,1.5694852037130917,41.46398141511257,62.2189785623477,26.01754600364921,34.323301570277344
mp-1206821,Cr2O,-0.6546,-0.7188,0.0642,0.1,0.023,0.077,1.6007,1.6342,0.0335,181.01,222.94,41.93,40.81,44.39,3.58,-0.65461,-0.7188000610412836,0.1,0.023016963926478423,1.6007044973544975,1.6341555219993262,181.01,222.94293107403448,40.81,44.38758047493693
mp-21579,V2O3,-2.4512,-2.733,0.2818,0.0,0.0,0.0,1.5683,1.5304,0.0379,233.16,264.85,31.69,111.53,120.61,9.08,-2.4512150000000004,-2.7330262392175664,0.0,0.0,1.5683342592592593,1.5303888601600741,233.16,264.85117593043236,111.53,120.61376004537004
mp-2243,NbS,-0.9689,-1.1635,0.1946,0.0,0.0,0.0,2.7446,3.0361,0.2915,178.34,158.05,20.29,97.37,107.69,10.32,-0.96893,-1.1635428214518237,0.0,0.0,2.744641269841269,3.0361366562794214,178.34,158.05325096748888,97.37,107.68565886215575
mp-32584,Ti19N25,-1.277,-1.4892,0.2121,0.0032,0.1125,0.1093,1.6045,2.3653,0.7608,285.83,288.25,2.42,185.43,174.4,11.03,-1.2770314201401514,-1.4891513223682924,0.0031999999999996,0.11252460123605,1.604525925925926,2.36531372959709,285.8343000000002,288.2530585115563,185.43339999999984,174.40412067808253
mp-18773,WO3,-2.1839,-2.3476,0.1637,1.3319,1.0476,0.2843,3.7751,3.8576,0.0825,59.11,33.33,25.78,86.26,80.12,6.13,-2.1838584303125,-2.347578091325252,1.3319,1.0476115426861192,3.775115476190477,3.8575759228542856,59.10610132410908,33.32522344503451,86.25505925312756,80.12119467210093
mp-1023128,CuS,-0.1638,-0.1773,0.0136,0.0,0.1418,0.1418,2.1632,2.0254,0.1379,104.83,146.48,41.65,39.55,27.08,12.47,-0.16376,-0.1773470141154867,0.0,0.1418058357814245,2.1632415343915343,2.025373725386583,104.82740632444252,146.4770110977575,39.5520008615554,27.07906013014633
mp-1018028,TiS,-1.5774,-1.5359,0.0415,0.0,0.3179,0.3179,2.5588,2.7472,0.1885,143.21,146.27,3.06,105.53,84.61,20.92,-1.57736,-1.5358796105419275,0.0,0.31786566148384204,2.558770502645503,2.7472211012289813,143.21,146.26924917417034,105.53,84.60741231586518
mp-555628,ZnS,-1.1394,-0.8284,0.311,2.0374,1.9874,0.05,1.0705,0.7252,0.3452,72.26,77.25,4.99,32.96,50.42,17.46,-1.1394172674479173,-0.8283774074334773,2.0374,1.9874225757567587,1.0704701058201058,0.7252346266893442,72.25999999999999,77.24923264945106,32.96,50.421047647913525
mp-999357,NbN,-1.0682,-1.2791,0.2109,0.0,0.0,0.0,2.6965,2.5936,0.1029,312.81,316.44,3.63,172.67,160.8,11.87,-1.06821,-1.279144850435083,0.0,0.0,2.696515608465609,2.5936169557923563,312.81,316.44319170619013,172.67000000000002,160.8016249313551
mp-1096893,CrN2,0.1179,0.313,0.1951,0.0,0.0,0.0,3.7393,3.5652,0.1741,243.51,215.73,27.78,136.25,125.65,10.6,0.11793,0.31302340525825845,0.0,0.0,3.739308068783069,3.5652136980609437,243.51,215.73288277481913,136.25,125.65148316212814
mp-973933,NiN,0.3464,0.2961,0.0503,0.0,0.1192,0.1192,5.2815,4.9505,0.3311,231.95,232.29,0.34,47.55,36.3,11.25,0.34636,0.2960536950339327,0.0,0.11921030488664917,5.281516402116402,4.950453152029285,231.95,232.28630532138752,47.55,36.29817549074794
mp-22700,V3Se4,-0.7532,-0.7699,0.0166,0.0,0.1403,0.1403,2.4405,2.5369,0.0964,85.3,89.69,4.39,55.94,41.75,14.19,-0.75325,-0.7698635389215711,0.0,0.14026493412993307,2.44053443963444,2.5369480841746146,85.3,89.68717345588072,55.94,41.74901564390663
mp-1217101,Ti3S4,-1.4482,-1.3165,0.1317,0.0,0.0,0.0,2.3203,2.152,0.1683,105.76,101.24,4.52,67.63,86.4,18.77,-1.44817,-1.3164590623473948,0.0,0.0,2.320262962962963,2.151974476617074,105.75732237284164,101.23725040834299,67.62852721099485,86.40019848374322
mp-1015076,CrN2,0.2571,0.0207,0.2364,0.0,0.2588,0.2588,3.7393,3.8124,0.0731,243.51,254.78,11.27,136.25,143.23,6.98,0.25709,0.020686084961589524,0.0,0.25884005473388155,3.739308068783069,3.8123934695450252,243.51,254.77567197205897,136.25,143.230350810372
mp-850411,Fe7S8,-0.6968,-0.625,0.0718,0.0,0.0,0.0,2.3193,2.4603,0.141,133.09,130.46,2.63,75.14,86.63,11.49,-0.6968217154999999,-0.6249927720854533,0.0,0.0,2.3192894264069266,2.460311987772218,133.0905999999999,130.4584721570782,75.14070000000005,86.62837907154399
mp-1090,FeSe,-0.0921,-0.0645,0.0276,0.0,0.1381,0.1381,2.4243,2.2766,0.1476,82.81,75.19,7.62,40.78,44.36,3.57,-0.09207,-0.06446655940168285,0.0,0.13812065159417955,2.4242648629148627,2.2766216381074282,82.81,75.19425944494738,40.785,44.35616152286877
mp-20318,Mn2B,-0.3543,-0.2599,0.0944,0.0,0.1097,0.1097,2.6015,2.6833,0.0817,316.11,333.75,17.64,169.67,164.32,5.35,-0.3543,-0.259935879058631,0.0,0.10972832076242839,2.601535211640212,2.6832711722946776,316.11,333.75445770873273,169.67,164.3172831612708
mp-555079,ZnS,-1.1401,-1.0874,0.0527,2.02,1.823,0.197,1.0705,0.8446,0.2259,72.26,65.1,7.16,32.96,21.88,11.08,-1.1401142584598216,-1.087379969809582,2.02,1.8230288458790485,1.0704701058201058,0.8445701921439371,72.25999999999999,65.10353835329126,32.96,21.879443403858563
mp-12627,Nb3S4,-1.1819,-0.6856,0.4963,0.0,0.0304,0.0304,1.1045,0.8757,0.2288,46.38,60.06,13.68,34.29,42.36,8.07,-1.18194,-0.6856080695315144,0.0,0.03035873044138981,1.1044895502645504,0.8757186347267476,46.37700000000002,60.057474360776304,34.28604528460604,42.358283204790744
mp-12978,SnO2,-1.7731,-1.9101,0.1371,1.214,1.2164,0.0024,1.5408,1.491,0.0498,176.3,173.07,3.23,83.7,90.96,7.26,-1.77306,-1.9101454348481133,1.214,1.216390785374546,1.540786111111111,1.4910289888833086,176.3,173.0743073125563,83.7,90.95597348719295
mp-1220519,Nb4N3,-1.0479,-1.1631,0.1152,0.0,0.0,0.0,1.3364,1.6306,0.2942,294.04,278.7,15.34,31.51,30.35,1.16,-1.04791,-1.1631357480548667,0.0,0.0,1.3363943121693125,1.6306084183232823,294.04,278.698017681387,31.51,30.354944916039663
mp-1097059,CrN2,0.1179,-0.0162,0.1341,0.0,0.0,0.0,3.7393,4.446,0.7067,243.51,224.37,19.14,136.25,153.76,17.51,0.11793,-0.01616564171891803,0.0,0.0,3.739308068783069,4.445959003540193,243.51,224.37054545679453,136.25,153.76445745751988
mp-1210339,NiC4,0.748,0.6278,0.1202,0.204,0.4097,0.2057,4.7548,5.4521,0.6973,154.1,157.11,3.01,50.76,51.05,0.29,0.747996200000001,0.6277572091609156,0.2040131,0.4097208107902864,4.754766666666666,5.452055109984472,154.09994541666157,157.10609044364352,50.757998469642814,51.0519040783114
mp-1399418,CrSe2,-0.4568,-0.5939,0.137,0.0,0.0,0.0,1.1184,1.1887,0.0702,48.5,57.63,9.13,31.69,27.47,4.22,-0.45685,-0.5938631739955746,0.0,0.0,1.118421164021164,1.1886695933116698,48.5,57.63237584725707,31.69,27.467273868704268
mp-1096886,CrN2,0.1179,0.3549,0.237,0.0,0.0,0.0,3.7393,3.6746,0.0647,243.51,266.28,22.77,136.25,138.91,2.66,0.11793,0.35494229831561686,0.0,0.0,3.739308068783069,3.6745672389052477,243.51,266.28087858074787,136.25,138.91457772945904
mp-1041961,CrO2,-1.892,-1.6076,0.2844,0.0,0.0,0.0,3.7393,3.5688,0.1705,93.81,120.43,26.62,50.96,42.88,8.08,-1.89202,-1.6076018052702656,0.0,0.0,3.739308068783069,3.5687919201600353,93.81,120.43189913406147,50.96,42.88428281178785
mp-9027,TiS2,-1.4052,-1.5286,0.1234,0.0,0.0,0.0,1.0365,1.2852,0.2487,47.06,45.57,1.49,31.03,42.24,11.21,-1.4052,-1.528565933895307,0.0,0.0,1.03649417989418,1.2851554859781744,47.05880238943099,45.57044794052116,31.03214662989561,42.24214495312073
mp-553964,WO3,-2.2407,-2.4177,0.1769,1.234,1.2769,0.0429,3.7751,3.8862,0.1111,166.91,152.79,14.12,75.23,50.51,24.72,-2.24075,-2.417690363524197,1.234,1.2768867496352467,3.775115476190477,3.8862308846749247,166.91,152.79345164205634,75.23,50.50652428395843
mp-1025149,Ti2B,-0.3994,-0.3094,0.0901,0.0,0.0152,0.0152,2.8346,2.6502,0.1844,160.08,155.26,4.82,88.19,77.4,10.79,-0.39944,-0.3093837386286536,0.0,0.015195054215172182,2.834615211640212,2.650225520984744,160.08,155.2618207792474,88.19,77.40325211243237
mp-634706,NiO2,-0.4327,-0.5523,0.1196,0.0,0.0631,0.0631,4.3651,4.3351,0.03,137.3,135.84,1.46,22.96,26.36,3.4,-0.43271,-0.5522825954953985,0.0,0.0631058322086396,4.365059259259258,4.335108597257048,137.3,135.84422196643806,22.96,26.361974461234553
mp-1284510,VO2,-2.4735,-2.3504,0.1231,0.0,0.0,0.0,3.7588,4.0848,0.326,106.73,130.26,23.53,63.06,69.06,6.0,-2.4735,-2.3503671535779125,0.0,0.0,3.7588488095238097,4.084809830291982,106.73,130.25742574010474,63.06,69.05600077531633
mp-1840,TiO2,-3.2473,-3.2122,0.0351,2.254,2.2983,0.0443,3.674,3.5725,0.1015,205.08,230.98,25.9,84.83,84.78,0.05,-3.24726,-3.212187776222373,2.254,2.2983215510687818,3.6740339947089935,3.572509237355119,205.08,230.97545066006205,84.83,84.78002112455837
mp-487,MnP4,-0.3661,-0.683,0.3169,0.481,0.0995,0.3815,2.1566,2.4703,0.3137,133.4,136.01,2.61,115.24,111.66,3.58,-0.36612,-0.6830101062746784,0.481,0.09953007995090435,2.1565662121212124,2.47026731871839,133.4,136.00627798475293,115.24,111.6638045001578
mp-1181766,FeO2,-1.2729,-0.9625,0.3104,0.0,0.0,0.0,4.3651,4.3596,0.0054,98.62,84.72,13.9,49.03,49.64,0.61,-1.2729,-0.9624735396066444,0.0,0.0,4.365059259259258,4.359646421352497,98.62,84.72249874607277,49.03,49.63533449068161
mp-1065811,SnO,-0.9797,-0.6184,0.3613,0.0,0.0,0.0,2.2726,2.028,0.2446,47.82,13.28,34.54,32.25,36.55,4.3,-0.97973,-0.6184398487499143,0.0,0.0,2.2725850793650797,2.028010107325003,47.82,13.283712196060563,32.25,36.546823742792895
mp-2648,NbS2,-1.032,-1.164,0.132,0.0,0.0,0.0,1.218,1.2463,0.0283,15.0,36.99,21.99,10.0,14.2,4.2,-1.032,-1.1639757103942896,0.0,0.0,1.217979761904762,1.2463182420533057,15.0,36.992420885491946,10.0,14.197110942316879
mp-999549,WN2,-0.5881,-0.674,0.0859,1.758,1.6687,0.0893,2.695,2.1966,0.4984,375.61,365.93,9.68,232.27,233.75,1.48,-0.58811,-0.6739905769736522,1.758,1.668678361507616,2.6949785714285714,2.196566955676617,375.61,365.9253912398347,232.27,233.74891227619656
mp-778667,CrO3,-1.6984,-1.6463,0.0521,1.153,1.08,0.073,3.7734,3.3072,0.4662,23.16,8.8,14.37,11.99,31.14,19.15,-1.69837,-1.6463121778177345,1.153,1.0799726402067968,3.7733821428571424,3.307155656902758,23.165,8.795912837725625,11.99,31.13900665257986
mp-2056,Ni3Se2,-0.2566,-0.1946,0.062,0.0,0.2016,0.2016,2.3014,2.7193,0.4179,105.49,90.1,15.39,46.58,49.0,2.42,-0.25658,-0.19457124447638457,0.0,0.20158186798605232,2.301362962962963,2.719281858333664,105.49026959533522,90.09962564974535,46.58178006327616,48.99977908573693
mp-1043875,Ni2O3,-0.7334,-0.605,0.1284,0.0,0.0,0.0,5.1049,5.3716,0.2667,164.38,169.16,4.78,69.38,67.31,2.07,-0.73336,-0.6049820312834147,0.0,0.0,5.1049444444444445,5.371647155405463,164.3819880425496,169.1592791838212,69.38228891343881,67.31232208133363
mp-1194075,CoN12,0.4291,0.8343,0.4052,0.0,0.0571,0.0571,4.3651,4.7797,0.4146,299.57,324.02,24.45,58.2,59.41,1.21,0.4290700000000004,0.8342517120188143,0.0,0.057060536806137256,4.365059259259258,4.7796986296048125,299.56757409958533,324.0187492698523,58.19524036335939,59.40581803834369
mp-1178763,VS2,-0.9504,-0.9931,0.0427,0.0,0.0,0.0,1.2196,1.1379,0.0817,53.04,62.86,9.81,32.65,42.59,9.95,-0.95035,-0.9930706279831464,0.0,0.0,1.2195964285714285,1.1379267690082677,53.045,62.8570234817678,32.645,42.5912202914957
mp-28105,Ni17S18,-0.6228,-0.7928,0.17,0.0,0.0,0.0,2.215,1.9524,0.2626,132.79,134.66,1.87,31.75,35.39,3.64,-0.622847534660714,-0.7928131626880466,0.0,0.0,2.2149916666666667,1.952390463964651,132.78549999999996,134.65980255244529,31.752486595392316,35.390323028300536
mp-1045694,Cu9O13,-0.6804,-0.9694,0.289,0.0,0.3114,0.3114,5.1049,5.0755,0.0295,171.74,164.49,7.25,39.26,49.67,10.4,-0.680448716647727,-0.9694006491492455,0.0,0.31144904592416794,5.1049444444444445,5.075484630457658,171.74266798700398,164.4948750827489,39.2642341381412,49.66558100967309
mp-1522,FeS2,-0.6353,-0.7915,0.1562,0.866,0.9103,0.0443,2.3102,3.1125,0.8023,147.66,163.95,16.29,127.19,132.13,4.94,-0.63529,-0.7914596358864807,0.866,0.9102967353968734,2.310221767676768,3.112478169595668,147.66,163.95297248180077,127.19,132.130389378006
mp-554999,ZnS,-1.1396,-1.1529,0.0133,2.0299,2.3066,0.2767,1.0705,1.6208,0.5503,72.26,100.89,28.63,32.96,29.39,3.57,-1.139630620156251,-1.1528985921427675,2.0299,2.306558992799419,1.0704701058201058,1.620754639625011,72.25999999999999,100.88587531159538,32.96,29.394282819338912
mp-622511,In2Te3,-0.0913,0.2697,0.361,0.0,0.0,0.0,1.0251,1.1864,0.1614,44.95,51.33,6.38,22.63,38.55,15.92,-0.09131,0.26970987014415454,0.0,0.0,1.0250822751322752,1.1864432733165675,44.9513976130824,51.33429386634108,22.62859042734527,38.549127473765616
mp-1341203,TiO2,-3.1211,-3.2336,0.1125,2.2435,2.3808,0.1373,3.674,3.395,0.279,189.08,164.03,25.05,74.72,64.57,10.15,-3.12112,-3.233604526927937,2.2435,2.3808241791924027,3.6740339947089935,3.3950191136431433,189.08,164.0281520745721,74.72,64.57472926588892
mp-22375,In2S3,-0.602,-0.5626,0.0393,0.264,0.1825,0.0815,1.0845,1.2818,0.1973,57.58,79.85,22.27,34.96,45.95,10.99,-0.60199,-0.5626448896911735,0.264,0.18247107879906654,1.0845414021164022,1.28184728282338,57.58045313783843,79.84659963127876,34.95981986498883,45.95073230490475
mp-1018807,MoSe2,-0.6658,-0.6756,0.0098,0.942,0.8485,0.0935,1.1707,0.928,0.2427,57.91,50.65,7.26,35.15,29.83,5.32,-0.66579,-0.6756371782390607,0.942,0.848546175120823,1.170687962962963,0.9280343244106599,57.91,50.65053415141701,35.15,29.834392378005447
mp-10281,ZnS,-0.885,-0.6481,0.2369,2.112,2.2056,0.0936,1.0705,1.248,0.1775,72.33,75.05,2.72,32.9,57.08,24.18,-0.88496,-0.6480753373466203,2.112,2.205550094915858,1.0704701058201058,1.2479900807480038,72.33,75.05295737858718,32.9,57.08306944194301
mp-594,NiS,-0.3447,0.1663,0.511,0.0,0.3662,0.3662,2.2726,1.6102,0.6623,135.41,133.61,1.8,22.53,12.83,9.7,-0.34469,0.16631135990513274,0.0,0.3661602320068391,2.272576455026455,1.610229735276285,135.41,133.61479632606904,22.53,12.83279764699981
mp-1097018,CrN2,0.1179,0.0027,0.1152,0.0,0.0642,0.0642,3.7393,4.167,0.4277,243.51,222.99,20.52,136.25,126.41,9.84,0.11793,0.0027305020916180006,0.0,0.06424509351842084,3.739308068783069,4.1669996388115,243.51,222.99001179644543,136.25,126.40675805225604
mp-8484,ZnO2,-0.9051,-1.0118,0.1067,2.379,2.2885,0.0905,1.333,1.5142,0.1813,150.4,167.06,16.66,66.66,50.46,16.2,-0.90507,-1.0117852700106802,2.379,2.2884821291095894,1.3329515873015874,1.5142308587898548,150.4,167.05747567454034,66.66,50.455639582930885
mp-705519,Ni15O16,-0.8653,-0.6579,0.2073,0.0,0.0,0.0,2.0472,1.9947,0.0526,169.0,179.91,10.91,81.0,87.8,6.8,-0.8652919141935489,-0.6579443092052193,0.0,0.0,2.047223015873016,1.9946698531787141,169.0,179.91455030802956,81.0,87.80214380492521
mp-863766,Fe32O35,-1.6889,-1.5557,0.1332,0.6813,0.6933,0.012,1.6477,1.4662,0.1815,194.99,168.04,26.95,65.23,71.24,6.01,-1.6888692018470148,-1.5557100042887395,0.6813000000000002,0.6933493631824914,1.6477259259259258,1.466226248548501,194.99435791827904,168.04230288085284,65.23190429351058,71.2369930993079
mp-10013,SnS,-0.2206,0.1511,0.3717,0.371,0.3857,0.0147,1.1647,0.7153,0.4494,36.17,18.3,17.87,10.0,18.65,8.65,-0.2206,0.15109945192614196,0.371,0.3856973883884817,1.1647082010582013,0.7153007652844341,36.17,18.295932885820772,10.0,18.650624156814764
mp-685128,Fe7S8,-0.6886,-0.5755,0.1131,0.0,0.0,0.0,2.3193,2.254,0.0653,133.09,145.44,12.35,75.14,71.82,3.32,-0.6886316695000005,-0.5755341768070773,0.0,0.0,2.3192894264069266,2.2540006105315147,133.0905999999999,145.44161431745343,75.14070000000005,71.8203667045775
mp-19390,WO3,-2.2625,-2.3426,0.0801,0.253,0.5763,0.3233,3.7751,3.9525,0.1774,231.7,214.79,16.91,151.44,160.08,8.64,-2.26253,-2.3425926598513422,0.253,0.5762585153758863,3.775115476190477,3.9524815979221777,231.7,214.78574797206977,151.44,160.08481177036853
mp-1120748,TeMo,0.4145,0.529,0.1145,0.0,0.0,0.0,2.7341,2.8926,0.1585,56.7,55.87,0.83,24.02,36.0,11.98,0.41452,0.5289950286492419,0.0,0.0,2.7341069841269845,2.8925944278991405,56.70334359522237,55.87446770283613,24.019804168193744,35.995056299330514
mp-1273390,VO2,-2.4735,-2.2529,0.2206,0.0,0.0592,0.0592,3.7588,3.4432,0.3156,106.73,121.17,14.44,63.06,58.61,4.45,-2.4735,-2.2529348266746876,0.0,0.05915498148179738,3.7588488095238097,3.4432484947339264,106.73,121.17113895787676,63.06,58.61036775924516
mp-1207855,V5Te8,-0.3308,-0.1692,0.1615,0.0,0.0,0.0,2.3374,2.7046,0.3673,52.48,38.34,14.13,31.68,50.52,18.84,-0.33075,-0.16920909797349717,0.0,0.0,2.337374585137085,2.704627171563077,52.47860000000004,38.34414002240479,31.680999999999973,50.517186431259965
mp-1390196,CoSe2,-0.3158,-0.2184,0.0974,0.0,0.0,0.0,1.157,1.2016,0.0446,110.73,121.88,11.15,55.8,51.59,4.21,-0.31576,-0.21836035487991137,0.0,0.0,1.1570488095238096,1.201642190879914,110.73,121.88417698588287,55.8,51.58731235921068
mp-561196,ZnS,-0.8866,-0.6746,0.212,2.092,2.2118,0.1198,1.0705,1.1628,0.0923,72.26,91.34,19.08,32.96,20.3,12.66,-0.88658,-0.6746218373605424,2.092,2.211788871595913,1.0704701058201058,1.1627605770112215,72.25999999999999,91.33897433275648,32.96,20.300431190787286
mp-21321,MnSe2,-0.221,0.012,0.233,0.0,0.0,0.0,1.1165,1.3542,0.2376,53.67,84.64,30.97,19.38,24.42,5.04,-0.221,0.011973687184118564,0.0,0.0,1.1165425925925927,1.3541697872311103,53.67129999999991,84.64154366554541,19.383200000000016,24.423279727713126
mp-1043388,V2O3,-2.4512,-2.1746,0.2766,0.0,0.0,0.0,1.397,1.3978,0.0008,233.16,200.56,32.6,111.53,101.94,9.59,-2.4512150000000004,-2.1746494520695734,0.0,0.0,1.3970128306878309,1.397832078211044,233.16,200.55805506333158,111.53,101.94377854437927
mp-1096890,CrN2,0.1179,0.2443,0.1264,0.0,0.0,0.0,3.7393,3.3263,0.413,243.51,231.15,12.36,136.25,133.1,3.15,0.11793,0.24429400509540888,0.0,0.0,3.739308068783069,3.3263364957306907,243.51,231.15485811450398,136.25,133.10284962609262
mp-571033,NiSe,-0.2192,-0.2599,0.0407,0.0,0.0242,0.0242,1.5149,1.4933,0.0217,34.3,29.59,4.71,17.58,11.13,6.45,-0.21919,-0.25989773702203267,0.0,0.024161214586493247,1.5149082010582011,1.4932546324507852,34.3,29.58528415698218,17.58,11.13170776427826
mp-561118,ZnS,-0.8861,-0.8625,0.0236,2.097,1.9979,0.0991,1.0705,0.8967,0.1738,72.19,66.1,6.09,32.95,31.7,1.25,-0.88608,-0.8625187709343733,2.097,1.9979219023399184,1.0704701058201058,0.8966810902406797,72.19,66.10335192914049,32.95,31.701719997136994
mp-1095397,SnS2,-0.4238,-0.1833,0.2406,1.014,1.3248,0.3108,1.1893,1.1868,0.0024,32.34,21.68,10.67,19.86,19.94,0.07,-0.42385,-0.18325546159056935,1.014,1.3247629457668495,1.189269312169312,1.186835231328923,32.345,21.676160434267562,19.865,19.937386184475436
mp-1407787,CrSe2,-0.4568,-0.6306,0.1738,0.0,0.2624,0.2624,1.1184,1.2093,0.0908,48.5,87.75,39.25,31.69,28.23,3.46,-0.45685,-0.6306325532856276,0.0,0.2624342724860914,1.118421164021164,1.2092530063040832,48.5,87.74722831346511,31.69,28.23046706532033
mp-556950,ZnS,-1.1396,-1.0706,0.069,2.0323,2.1145,0.0822,1.0705,1.22,0.1496,72.26,63.28,8.98,32.96,38.52,5.56,-1.13964953484375,-1.070633648350934,2.0323,2.1144641923555416,1.0704701058201058,1.2200453808117728,72.25999999999999,63.27971710521814,32.96,38.51789701465809
mp-1393075,MoO3,-2.0337,-2.1207,0.087,1.158,1.5353,0.3773,3.9365,3.6462,0.2903,63.95,75.22,11.27,33.2,29.94,3.26,-2.03367,-2.1207050183691827,1.158,1.5353079553194466,3.936525,3.6461929693788053,63.95,75.21837705493756,33.205,29.943779173376562
mp-1094003,ZnO2,-0.4201,-0.4207,0.0006,0.0,0.0,0.0,1.9186,1.7323,0.1862,150.4,151.53,1.13,66.66,61.62,5.04,-0.4201,-0.42069737337955065,0.0,0.0,1.9185723544973543,1.7323422836502476,150.4,151.5347071522596,66.66,61.61955526554444
mp-1306224,Mn2O3,-1.7538,-1.4985,0.2553,0.0,0.0056,0.0056,1.4395,1.4242,0.0154,150.11,147.9,2.22,51.17,59.9,8.73,-1.75384,-1.4985124229389675,0.0,0.00559467039487198,1.439549867724868,1.4241598929365529,150.1147697439831,147.89838445940268,51.17092144275271,59.90197466677526
mp-1180203,MoO4,-1.9041,-1.8715,0.0327,0.4732,0.6719,0.1988,1.6219,1.7894,0.1675,105.76,101.39,4.37,49.58,53.87,4.29,-1.9041184799579585,-1.8714676593142856,0.4731763157894733,0.6719478916757319,1.6218715608465608,1.7894177210900606,105.7585142806046,101.3931670761855,49.57942690435033,53.86746909773609
mp-714883,MoO2,-1.9198,-1.9168,0.003,1.2595,1.0546,0.2049,1.5547,1.8729,0.3181,91.86,70.19,21.67,29.72,46.25,16.52,-1.9197891941666656,-1.9167635152973754,1.2595,1.0545737430775655,1.5547489417989415,1.872872522055061,91.86,70.18584658311005,29.725,46.2474663338494
mp-9813,WS2,-0.8942,-1.1792,0.285,0.697,0.9721,0.2751,1.0512,1.0882,0.037,27.36,39.45,12.09,19.56,33.63,14.07,-0.89419,-1.179156126687335,0.697,0.9720746095672871,1.0512089947089949,1.088167160737669,27.3576568919177,39.45119930792859,19.562997794269187,33.632007942776575
mp-25349,MoO2,-1.7494,-1.603,0.1463,0.0,0.0296,0.0296,1.7334,1.8539,0.1205,91.86,113.89,22.03,29.72,46.3,16.58,-1.74938,-1.6030402243620232,0.0,0.0296257375109125,1.7333814814814812,1.853872068767567,91.86,113.88752801443154,29.725,46.30416159596625
mp-1183984,Cu3Te,0.2064,0.3321,0.1257,0.0,0.0,0.0,2.2027,2.4866,0.2839,23.83,24.52,0.69,10.0,2.75,7.25,0.20641,0.3321134192646675,0.0,0.0,2.2026512962962967,2.486578336018887,23.826823142667816,24.517404656457224,10.0,2.7479332362465962
mp-10761,FeTe,0.0762,0.5127,0.4365,0.0,0.1643,0.1643,2.2263,2.5217,0.2954,91.88,81.48,10.4,39.09,52.99,13.9,0.07621,0.5127345464989328,0.0,0.16434351822381021,2.2263031962481965,2.5216831919516856,91.88,81.48116957222253,39.09,52.993703027413794
mp-562561,MoO3,-2.0337,-2.1032,0.0695,1.158,1.1632,0.0052,3.9365,3.6119,0.3247,63.95,40.83,23.12,33.2,33.2,0.0,-2.03367,-2.103183242601688,1.158,1.163238900891322,3.936525,3.6118501024015948,63.95,40.830883381566416,33.205,33.202038003998
mp-582549,In2Te5,-0.2175,-0.1791,0.0384,0.7,0.4073,0.2927,1.008,0.8751,0.1329,47.21,64.69,17.48,24.2,27.82,3.63,-0.21747,-0.1790746192263969,0.7,0.4072810266130244,1.0079915343915344,0.8751074361726281,47.20801616103094,64.69198563759777,24.198281424362364,27.82387217574286
mp-1096951,CrN2,0.1179,0.1625,0.0446,0.0,0.0,0.0,4.1307,4.65,0.5193,243.51,239.26,4.25,136.25,155.68,19.43,0.11793,0.16251680796598075,0.0,0.0,4.1307238095238095,4.650028433874033,243.51,239.25501822995375,136.25,155.681952787429
mp-1187056,Sn3N,0.9223,1.2389,0.3166,0.3675,0.5569,0.1893,2.1363,1.9139,0.2224,197.08,218.0,20.92,78.34,97.14,18.8,0.9223436152004204,1.2389030813667694,0.367544625,0.5568779711793169,2.136342857142857,1.9139377902182266,197.0767591986952,218.00175575192787,78.33578734755275,97.13700933377817
mp-13117,CuN,0.8764,0.8505,0.026,0.0,0.2098,0.2098,5.3257,5.3395,0.0138,169.07,162.29,6.78,35.74,2.7,33.04,0.87645,0.8504506557740052,0.0,0.20976925701691998,5.325664550264551,5.339510652761926,169.07,162.2889699333097,35.74,2.7048953746370827
mp-1170,SnS2,-0.4399,-0.3892,0.0507,1.224,0.8473,0.3767,1.1993,1.4377,0.2384,42.97,25.27,17.7,26.3,33.37,7.07,-0.43988,-0.38922371893394553,1.224,0.8472924322172641,1.1992915343915342,1.4376543124084766,42.97,25.268333511123757,26.3,33.3692110019211
mp-1105338,Ti3O7,-3.1769,-3.0588,0.118,0.9793,0.9671,0.0122,3.7393,3.495,0.2443,148.16,173.73,25.56,70.2,70.87,0.67,-3.176851214031426,-3.0588452971742206,0.9792923076923056,0.9671304026981169,3.739308068783069,3.495041859254578,148.16179787608834,173.72555582545615,70.19764055682532,70.86798006236829
mp-755690,NbO2,-2.5947,-2.563,0.0317,0.0,0.1331,0.1331,1.4126,1.1191,0.2936,200.93,219.05,18.12,115.58,99.64,15.94,-2.59471,-2.562978665988158,0.0,0.13312136203105185,1.4126181216931215,1.1190564353601464,200.93,219.05419856103654,115.58,99.63621446849643
mp-1181334,Fe4O13,-1.3699,-1.4678,0.0979,0.4279,0.33,0.0979,1.5374,2.1929,0.6555,228.14,247.2,19.06,44.4,37.15,7.25,-1.3698774599755257,-1.4677856543741705,0.4279000000000005,0.3300002097803627,1.5374048941798943,2.1929166766440322,228.1401999999998,247.19871832254154,44.39694745213336,37.14723533276023
mp-1096900,CrN2,0.1179,0.1512,0.0333,0.0,0.2572,0.2572,3.7393,4.2288,0.4895,243.51,222.52,20.99,136.25,135.39,0.86,0.11793,0.15119332603651892,0.0,0.25719875269089965,3.739308068783069,4.228807606363432,243.51,222.52330053281653,136.25,135.39323415995753
mp-1078644,SnO,-1.3119,-1.0985,0.2134,1.64,1.7806,0.1406,1.4636,1.3563,0.1073,32.18,17.16,15.02,11.13,7.16,3.97,-1.31191,-1.0985271152069112,1.64,1.7805741053163486,1.463609126984127,1.3562790681893941,32.18,17.163268832279513,11.13,7.159683589202094
mp-545,TiS,-1.3184,-1.5351,0.2167,0.0,0.0364,0.0364,2.5588,3.1518,0.593,129.17,138.1,8.93,66.74,79.58,12.84,-1.31839,-1.5350919370411835,0.0,0.03635728004272926,2.558770502645503,3.151796454875838,129.17,138.10171162339856,66.74,79.58324150276698
mp-766454,TiO2,-3.4601,-3.4393,0.0207,2.0938,2.2324,0.1386,3.7588,3.7327,0.0262,154.99,187.01,32.02,65.09,69.41,4.33,-3.4600781230555544,-3.439331502175367,2.0938,2.23242488299097,3.7588488095238097,3.7326728945251246,154.98885675832997,187.00866871992193,65.0890311153194,69.41429180781813
mp-27273,Ti9O17,-3.4654,-3.6153,0.1499,0.0,0.0,0.0,4.3738,4.1617,0.2121,171.39,170.5,0.89,75.87,70.89,4.99,-3.4654096077403844,-3.6152698854079928,0.0,0.0,4.373832804232804,4.161684429264333,171.39219797337716,170.50277421723513,75.87453507114749,70.88923421131047
mp-1094093,NbC,-0.4204,-0.1821,0.2382,0.0,0.0,0.0,2.8644,2.6795,0.1849,299.63,296.75,2.88,195.56,183.6,11.96,-0.42039,-0.18214281027699658,0.0,0.0,2.864414682539683,2.6795326577782146,299.63,296.7490078816205,195.56,183.6039830194931
mp-1421109,CrO2,-1.892,-2.2104,0.3184,0.0,0.0,0.0,4.1307,4.9275,0.7968,93.81,86.95,6.86,50.96,55.61,4.65,-1.89202,-2.2104342999831172,0.0,0.0,4.1307238095238095,4.927504137673999,93.81,86.94728201128999,50.96,55.614347437372494
mp-554004,ZnS,-1.1394,-1.2603,0.1209,2.0337,2.0966,0.0629,1.0705,0.7258,0.3446,72.26,70.32,1.94,32.96,24.03,8.93,-1.1394023118526786,-1.260346741521176,2.0337,2.096585354723602,1.0704701058201058,0.7258220981620249,72.25999999999999,70.32189757896624,32.96,24.030537687288472
mp-556724,Ti7O13,-3.4582,-3.3874,0.0708,0.0,0.0856,0.0856,4.3738,4.4578,0.084,171.39,189.2,17.8,75.89,72.31,3.58,-3.458156484895833,-3.387392002884185,0.0,0.08557026068283977,4.373832804232804,4.457815824358861,171.39219797337716,189.19548462784223,75.89194021492814,72.31484088897123
mp-1408708,WO3,-2.2807,-1.9666,0.3141,0.579,0.4916,0.0874,3.7751,3.5767,0.1984,166.14,130.66,35.47,73.24,69.88,3.37,-2.28072,-1.966603500667912,0.579,0.491568334473268,3.775115476190477,3.57674580989281,166.135,130.66499624703673,73.245,69.87539231261346
mp-1182503,Fe8O17,-1.3699,-1.3898,0.0199,0.4279,0.4051,0.0228,4.3651,4.7944,0.4294,228.14,212.47,15.67,44.4,65.94,21.54,-1.3698774599755257,-1.3898262884752415,0.4279000000000005,0.4050661450478682,4.365059259259258,4.794435282600982,228.1401999999998,212.47262527861875,44.39694745213336,65.93919834602228
mp-1395285,FeO2,-1.2729,-1.3931,0.1202,0.0,0.1714,0.1714,4.3651,4.3658,0.0007,98.62,104.52,5.9,49.03,60.18,11.15,-1.2729,-1.3930821432451144,0.0,0.1714239101352493,4.365059259259258,4.365799649436913,98.62,104.52488620658139,49.03,60.181254353076405
mp-755073,CrO,-1.5048,-1.1261,0.3788,0.0,0.2594,0.2594,4.6999,4.8509,0.1509,163.74,167.13,3.39,57.17,51.88,5.29,-1.50484,-1.1260856554707164,0.0,0.2593757516522171,4.69991335978836,4.850862784007918,163.74,167.13304801321473,57.17,51.88290583648597
mp-772530,V5O12,-2.3486,-2.6516,0.303,0.052,0.2295,0.1775,3.7588,3.78,0.0212,86.83,76.38,10.45,50.54,50.0,0.54,-2.3486,-2.6516197740610483,0.052,0.22950103890040907,3.7588488095238097,3.7800353633597785,86.83,76.38205772554917,50.54,49.99500827084345
mp-754333,TiO,-2.6779,-3.1347,0.4568,0.0,0.3027,0.3027,2.6395,2.3747,0.2648,239.62,233.02,6.6,159.39,162.43,3.04,-2.6779,-3.134672944744562,0.0,0.30273599681940877,2.6395115343915343,2.3746758443745195,239.62,233.01557796790155,159.39,162.43377160288117
mp-1147625,InS2,-0.2051,-0.1215,0.0836,0.0,0.0,0.0,2.0809,2.578,0.4972,59.28,48.19,11.09,28.85,40.99,12.14,-0.20513,-0.12150430701544686,0.0,0.0,2.0808847883597883,2.5780351995567306,59.28,48.18756758673064,28.85,40.98812610582526
mp-1217180,Ti2Te3,-0.7532,-0.8625,0.1093,0.0,0.0386,0.0386,2.3652,2.0456,0.3196,60.02,57.23,2.79,37.69,43.85,6.15,-0.75324,-0.8625386253998207,0.0,0.03862047198438726,2.365165873015873,2.045607383752988,60.022281450280246,57.2344628324372,37.69118913886148,43.84555630147618
mp-1180046,NiS2,-0.3341,-0.5497,0.2156,0.0,0.0157,0.0157,2.3991,2.5432,0.1442,77.83,87.32,9.49,48.42,68.31,19.89,-0.33409,-0.5497101482915937,0.0,0.015738021597853796,2.399055603655604,2.5432099236133814,77.83,87.31944390124008,48.42,68.30714443048284
mp-1287184,VO,-1.8376,-1.699,0.1386,0.0,0.0,0.0,2.8427,2.6706,0.1721,236.54,218.89,17.64,41.06,28.39,12.67,-1.83762,-1.6990410978502706,0.0,0.0,2.8426664502164503,2.6705543224367503,236.535,218.89044853668892,41.06,28.394223096688176
mp-558544,MoS2,-0.6991,-0.6556,0.0434,0.0,0.1667,0.1667,2.5533,2.5396,0.0138,51.32,44.9,6.42,45.47,66.89,21.42,-0.69909,-0.6556465170371869,0.0,0.16671492158464596,2.5533444444444444,2.539592355383507,51.32,44.90195820577568,45.47,66.89332499215129
mp-680944,Nb2O5,-3.053,-3.175,0.122,1.6138,1.4962,0.1176,1.6855,1.5434,0.1421,145.69,152.29,6.6,57.55,58.32,0.77,-3.053046921607141,-3.1750473984217717,1.6138,1.496150685960531,1.6855408730158732,1.5433951044048069,145.69,152.28807898492127,57.55,58.31741400291254
mp-7597,NbSe2,-0.8584,-1.1271,0.2687,0.0,0.0946,0.0946,1.1654,0.8029,0.3624,51.4,46.65,4.75,29.32,42.18,12.86,-0.85838,-1.1270548879717117,0.0,0.09459446745137634,1.1653904761904763,0.8029431558833431,51.4,46.65132852311332,29.32,42.177265229028436
mp-1094031,VO2,-2.4735,-2.3013,0.1722,0.0,0.1901,0.1901,3.7588,3.895,0.1362,106.73,85.64,21.09,63.06,58.94,4.12,-2.4735,-2.3013152138318276,0.0,0.19008544368739744,3.7588488095238097,3.8950365541237955,106.73,85.64121864128381,63.06,58.939171013734104
mp-19079,CoO,-0.6664,-0.5398,0.1267,0.0,0.0,0.0,1.5134,1.7962,0.2828,170.52,158.1,12.42,33.27,40.24,6.97,-0.66645,-0.5397805965978939,0.0,0.0,1.513405555555556,1.7962383798303414,170.52,158.1030858617779,33.27,40.23972294092467
mp-1199343,ZnS,-0.8853,-0.9121,0.0268,2.097,2.0821,0.0149,1.0718,0.7106,0.3612,72.26,62.68,9.58,32.96,36.36,3.4,-0.88529,-0.9120839893610346,2.097,2.082124092930328,1.0717558201058202,0.7105659601164223,72.25999999999999,62.682663847850236,32.96,36.355287055488894
mp-715598,V7O13,-2.4747,-2.103,0.3717,0.5419,0.4559,0.086,4.3738,4.2806,0.0932,178.36,186.81,8.45,81.83,100.54,18.71,-2.4746886613125,-2.1030036120594953,0.5419000000000005,0.4559470653791261,4.373832804232804,4.280611297606161,178.3584733422762,186.80576882277148,81.82781128341443,100.53951969086941
mp-543011,ZnS,-1.1278,-1.3534,0.2256,2.0396,1.878,0.1616,1.0718,1.0914,0.0197,72.26,67.6,4.66,32.96,37.21,4.25,-1.127814422388393,-1.3534388615096562,2.0396,1.877969701609755,1.0717558201058202,1.091409052742779,72.25999999999999,67.6039760422559,32.96,37.20904679911321
mp-1103359,CoTe2,-0.1607,-0.4796,0.3189,0.0,0.0,0.0,2.2778,2.1094,0.1684,71.78,61.19,10.59,36.45,41.1,4.65,-0.1607,-0.4795931487270597,0.0,0.0,2.2777666666666665,2.1093786556834586,71.775,61.18549862438472,36.45,41.101564810986524
mp-7927,Nb4N5,-1.163,-1.3112,0.1482,0.0,0.0775,0.0775,2.7642,2.7754,0.0112,270.0,261.21,8.79,157.0,163.56,6.56,-1.1630341846555534,-1.3112125910483687,0.0,0.0774721744684967,2.764151851851852,2.7753841090057545,270.0,261.2082422661311,157.0,163.55526280362668
mp-991,WN,-0.2249,-0.2408,0.0158,0.0,0.0,0.0,2.8322,2.6591,0.1731,376.69,413.9,37.21,174.09,179.31,5.22,-0.22494,-0.2407594340367159,0.0,0.0,2.8322064814814816,2.6590999466864034,376.69,413.9028883896109,174.09,179.3100434035003
mp-1080073,MnTe,0.0123,0.0556,0.0433,0.0,0.2772,0.2772,2.2583,2.4786,0.2203,45.22,80.05,34.83,23.69,15.95,7.74,0.01226,0.05560902155915872,0.0,0.27716467196108113,2.2582628787878787,2.4785532681101135,45.22,80.04750338078065,23.69,15.948784688960625
mp-10188,Fe3S4,-0.2561,-0.312,0.0559,0.0,0.0,0.0,2.1208,2.0087,0.1122,74.89,100.84,25.95,23.11,25.75,2.64,-0.25612,-0.3120062061563009,0.0,0.0,2.1208241883116883,2.0086507272479626,74.89,100.83657090822811,23.11,25.747232091249376
mp-1404844,W3O8,-2.1804,-2.1148,0.0656,0.051,0.1195,0.0685,1.5387,1.1908,0.3479,157.59,158.77,1.18,70.95,74.52,3.56,-2.180405,-2.1147922618145794,0.051,0.11947913054707474,1.5387223544973547,1.1907879134692632,157.5934733332914,158.77166993920628,70.9549338273741,74.51833827024764
mp-1179977,NbO3,-2.0261,-2.2889,0.2628,0.0,0.0,0.0,3.741,3.093,0.6481,130.63,140.27,9.64,67.8,66.45,1.35,-2.026085,-2.2888691676391586,0.0,0.0,3.7410414021164016,3.0929552753170535,130.63,140.27095308805372,67.8,66.445414187581
mp-1392,ZnP2,-0.2456,0.0436,0.2892,0.7456,0.7526,0.007,1.6087,1.4128,0.1959,68.21,37.49,30.71,42.25,43.68,1.43,-0.2456270928968257,0.04355454261454647,0.7455999999999996,0.7526086422660471,1.608658994708995,1.4128072667221352,68.20505896462599,37.493500486612646,42.25439136753446,43.68113875872695
mp-599,TiTe,-0.3679,-0.3912,0.0233,0.0,0.1189,0.1189,2.5187,2.2485,0.2702,82.41,55.36,27.05,45.51,34.69,10.82,-0.36794,-0.39124753883657504,0.0,0.11885778308942217,2.5187343915343914,2.2485063508510956,82.41,55.35853045071018,45.51,34.694557510083214
mp-826026,WO3,-2.2807,-2.0584,0.2223,0.579,0.3337,0.2453,3.7751,3.7725,0.0026,166.14,178.4,12.26,73.24,71.71,1.53,-2.28072,-2.0583952371526024,0.579,0.3337085805968405,3.775115476190477,3.7725367796606712,166.135,178.39900428530686,73.245,71.7148898787453
mp-19880,FeTe2,-0.1745,-0.1108,0.0637,0.0,0.0,0.0,2.3004,2.1091,0.1913,93.06,87.55,5.51,72.35,81.01,8.66,-0.17447,-0.11076794371282776,0.0,0.0,2.3004187566137566,2.109141968306201,93.06,87.54791702913954,72.35,81.01429801961572
mp-510753,NiO2,-0.8098,-0.7228,0.0871,0.7775,0.8084,0.0309,4.3846,4.5274,0.1428,108.26,105.53,2.73,62.12,76.75,14.63,-0.80985,-0.7227964087029014,0.7775000000000001,0.8084123848571766,4.384599999999999,4.527370580973784,108.26,105.52751767276483,62.12,76.74815426566518
mp-1102591,TiO2,-3.0547,-2.9445,0.1102,1.482,1.5385,0.0565,4.002,3.5517,0.4503,189.08,201.99,12.91,74.72,64.13,10.59,-3.05466,-2.9444624901184597,1.482,1.5384886998416776,4.001957804232805,3.5516641473928057,189.08,201.9906721481874,74.72,64.12639290474642
mp-1278455,CoO2,-0.9853,-0.9001,0.0852,0.0,0.0,0.0,4.7548,4.8418,0.087,111.83,59.86,51.97,61.69,59.02,2.67,-0.98533,-0.9001286459615309,0.0,0.0,4.754766666666666,4.841771796528363,111.83,59.858378040131,61.69,59.0160622007671
mp-1217172,Ti5S8,-1.4935,-1.3684,0.1251,0.0,0.0,0.0,1.0907,0.6291,0.4616,133.64,138.05,4.41,88.03,86.63,1.4,-1.49354,-1.3684020865540079,0.0,0.0,1.0907080687830688,0.6291474033502966,133.64096847925413,138.04962168186228,88.02808522363438,86.62896289122493
mp-1147,Ti3O5,-3.177,-2.9113,0.2657,0.0,0.0,0.0,2.4658,1.8715,0.5943,171.37,143.22,28.15,76.46,82.33,5.87,-3.17701,-2.9112995368610637,0.0,0.0,2.4658261904761907,1.8715495687539803,171.3654383731363,143.21551767713134,76.46051437806534,82.33056823942471
mp-32983,Nb3S5,-1.5227,-1.4889,0.0338,0.0,0.2165,0.2165,2.5595,2.0666,0.4929,75.79,62.13,13.65,45.01,43.07,1.93,-1.522683462851564,-1.4889222610864865,0.0,0.2165105903731532,2.5594789682539685,2.06660230075747,75.78690000000005,62.13196755545323,45.00636713147619,43.0747601139749
mp-863316,FeO3,-0.6039,-0.4652,0.1387,0.0,0.0,0.0,1.5374,1.3574,0.18,140.17,160.14,19.97,45.58,43.63,1.96,-0.60392,-0.465208536499159,0.0,0.0,1.5374048941798943,1.3573767119936504,140.1707028110093,160.13956686354453,45.58466687302341,43.62692786895764
mp-1015582,CrN2,0.0988,0.0739,0.0249,0.0,0.0,0.0,3.9824,3.6774,0.305,243.51,253.38,9.87,136.25,140.94,4.69,0.09878,0.07391924365497204,0.0,0.0,3.982417063492064,3.6773996153509176,243.51,253.38205941432778,136.25,140.94171194441492
mp-21410,FeS,-0.3809,-0.0924,0.2884,0.0,0.0,0.0,2.3303,2.5785,0.2482,153.48,147.08,6.4,74.93,84.45,9.52,-0.38087,-0.09243530575017722,0.0,0.0,2.3303172486772485,2.57849635943538,153.48,147.0821447950212,74.93,84.44724836454867
mp-25236,FeO2,-1.2729,-1.4179,0.145,0.0,0.0,0.0,4.7548,3.6883,1.0665,98.62,92.16,6.46,49.03,61.78,12.75,-1.2729,-1.4179009640124578,0.0,0.0,4.754766666666666,3.688313394895272,98.62,92.15974177998976,49.03,61.78061011047527
mp-705439,CuO2,0.731,1.0933,0.3623,0.0,0.238,0.238,1.8887,1.5263,0.3624,95.04,78.38,16.66,32.63,29.53,3.1,0.7309605475000005,1.0932874909851378,0.0,0.2380066215937706,1.8886945767195769,1.5262681048143931,95.04,78.37714884853753,32.63,29.53302423419871
mp-616476,FeS,-0.3806,-0.3953,0.0147,0.0,0.0,0.0,2.2165,2.4091,0.1926,163.18,168.05,4.87,80.78,85.5,4.73,-0.38059,-0.3952978315538816,0.0,0.0,2.2165083152958154,2.409104380396103,163.175,168.04746528322332,80.775,85.50224125302532
mp-2679804,WN2,-0.4074,-0.7069,0.2995,0.7,0.6535,0.0465,3.7606,3.9244,0.1639,327.32,317.83,9.49,193.5,186.83,6.68,-0.4074,-0.7068894757910817,0.7,0.6535218554813217,3.7605821428571424,3.9244340469785874,327.32,317.8299076048021,193.505,186.82592067714572
mp-1079818,CrTe,0.0277,0.0474,0.0198,0.0,0.1366,0.1366,2.193,2.2622,0.0693,47.73,21.48,26.25,13.4,26.85,13.45,0.02768,0.047430274385089746,0.0,0.1365518656118491,2.192964466089466,2.2622216466000418,47.73,21.48422196907278,13.4,26.85494416218217
mp-1431292,FeO2,-1.2729,-1.4189,0.146,0.0,0.5255,0.5255,4.7548,4.5968,0.1579,98.62,81.5,17.12,49.03,68.93,19.9,-1.2729,-1.4188551438849963,0.0,0.5254883965621644,4.754766666666666,4.5968219745859935,98.62,81.50152520916158,49.03,68.93142869218386
mp-1281333,CrO2,-1.892,-1.7264,0.1657,0.0,0.0,0.0,3.7393,3.0621,0.6772,93.81,97.48,3.67,50.96,41.49,9.47,-1.89202,-1.7263502926703196,0.0,0.0,3.739308068783069,3.0620889956096025,93.81,97.4778779791024,50.96,41.48827783205019
mp-19275,CoO,-0.6606,-0.8008,0.1401,0.0,0.0,0.0,1.5814,1.3962,0.1852,165.31,177.57,12.26,35.41,45.59,10.18,-0.66065,-0.800783497773967,0.0,0.0,1.5813675925925927,1.3961729999677555,165.31,177.56533892758017,35.41,45.59390115437813
mp-999377,NbC,-0.1695,-0.2673,0.0979,0.0,0.2889,0.2889,2.8576,3.298,0.4403,299.63,300.59,0.96,195.56,179.24,16.32,-0.16948,-0.26733696027423015,0.0,0.2889347018362858,2.857636904761905,3.2979684786593073,299.63,300.59320102197466,195.56,179.24105191401424
mp-766681,Co15O28,-1.1455,-1.5389,0.3934,0.4835,0.4694,0.0141,4.3846,4.2771,0.1075,121.81,144.37,22.57,63.22,72.14,8.92,-1.14545919732558,-1.538898348596034,0.4835,0.4694000291728915,4.384599999999999,4.277109234065707,121.80631320097308,144.37387030764017,63.22071655873888,72.13833444419889
mp-1226090,Co5Te6,-0.0918,-0.191,0.0991,0.0,0.0,0.0,2.2464,3.0978,0.8514,96.57,90.01,6.56,51.8,50.97,0.83,-0.09184,-0.19095085359093217,0.0,0.0,2.2463692676767675,3.09775771509791,96.57314999999996,90.01019960705779,51.80279319672478,50.97203278573128
mp-1434,MoS2,-0.9615,-1.4644,0.5029,0.955,0.8425,0.1125,1.1927,1.069,0.1237,26.74,52.07,25.33,17.92,4.4,13.52,-0.9615,-1.4643652601724337,0.955,0.8425171397638006,1.192684259259259,1.06899140515136,26.742031817748902,52.07184357243683,17.91826316694634,4.401746307786265
mp-571270,NbSe2,-0.8537,-1.1846,0.3308,0.0,0.0221,0.0221,1.0356,1.1777,0.1422,23.64,28.63,4.98,16.79,2.23,14.56,-0.85372,-1.1845681888798487,0.0,0.0220617041641742,1.0355664021164022,1.177746088985679,23.64301662587976,28.627737925319497,16.78539087501924,2.228076801410996
mp-640818,Mo9O26,-2.0,-1.8507,0.1492,1.1938,1.0231,0.1707,4.2939,5.1861,0.8922,61.11,86.74,25.63,34.14,63.81,29.67,-1.999955383285713,-1.8507155869458065,1.1938,1.0231103710928793,4.293866666666666,5.186063654175004,61.10906060933352,86.74199197013215,34.14185607394831,63.81018734954071
mp-1400837,CrO2,-1.892,-1.7376,0.1544,0.0,0.2217,0.2217,3.7393,3.1328,0.6065,93.81,78.42,15.39,50.96,51.62,0.66,-1.89202,-1.7375815584859438,0.0,0.221744904211533,3.739308068783069,3.132839480075731,93.81,78.42085944762995,50.96,51.6155515608827
mp-756041,CrO3,-1.6981,-1.6174,0.0806,1.16,1.2583,0.0983,3.7734,4.3492,0.5758,23.16,25.19,2.03,11.99,-14.13,26.12,-1.69807,-1.6174253824118272,1.16,1.258331226662569,3.7733821428571424,4.3492244124732835,23.165,25.191376864155192,11.99,-14.130695889082125
mp-675278,Cu11S16,-0.3088,-0.5134,0.2045,0.0,0.2803,0.2803,1.5556,0.9209,0.6346,78.48,62.24,16.23,30.25,26.52,3.73,-0.3088423335185184,-0.5133513684338572,0.0,0.28032367671118463,1.5555619047619047,0.9209323726861511,78.4774509361459,62.244848730392775,30.24521631663638,26.51675765131951
mp-11508,MoP4,-0.3409,-0.3572,0.0163,0.0,0.0995,0.0995,2.4726,2.1453,0.3273,191.93,190.52,1.41,123.86,126.48,2.63,-0.3409,-0.35715467802771345,0.0,0.09952247036794848,2.472552777777778,2.145270234512086,191.92669999999984,190.52101185227758,123.85652857546836,126.48210112979089
mp-1220654,Nb5S8,-1.1571,-1.1643,0.0072,0.0033,0.0,0.0033,1.1402,1.3764,0.2362,52.89,58.21,5.32,37.8,30.34,7.46,-1.1570607373890285,-1.1642824609245965,0.0033157894736842,0.0,1.1401685185185186,1.3764175493794617,52.88930000000002,58.21142229641329,37.80015000000005,30.342894410097035
mp-1046793,Ti2O3,-3.0842,-3.3279,0.2437,0.013,0.0,0.013,1.3302,0.3848,0.9454,15.0,-2.69,17.69,10.0,34.43,24.43,-3.08421,-3.327913104094136,0.013,0.0,1.3301935185185183,0.38475118512330564,15.0,-2.6907639488948973,10.0,34.43436085259728
mp-11800,Co3Se4,-0.2801,0.0213,0.3014,0.0,0.0,0.0,2.3258,2.396,0.0702,104.39,116.75,12.36,48.03,58.89,10.86,-0.28012,0.021273898579761086,0.0,0.0,2.3257849025974022,2.3960177557727924,104.39,116.7537117621248,48.03,58.8890530583649
mp-760381,CuS,-0.2529,-0.0797,0.1732,0.0,0.0976,0.0976,1.5751,1.1995,0.3756,77.27,89.8,12.53,16.93,22.36,5.42,-0.25291,-0.07972073662833479,0.0,0.09757799417960525,1.5751236772486774,1.1995427698542847,77.26684309068003,89.79514162558313,16.934893316306756,22.35900456767738
mp-1008926,CrTe,0.2014,0.1497,0.0517,0.0,0.0,0.0,1.1259,1.1113,0.0145,37.63,36.59,1.04,10.82,10.28,0.54,0.20145,0.1497152315408264,0.0,0.0,1.1258544973544975,1.1113407737859193,37.63,36.58579322295821,10.82,10.280424688959489
mp-7096,Fe3S4,-0.4008,-0.4018,0.001,0.0,0.0,0.0,2.4467,2.3426,0.1041,74.89,83.46,8.57,23.11,32.04,8.93,-0.4008,-0.4017780709011973,0.0,0.0,2.446710458152958,2.3426209704068275,74.89,83.46092654167988,23.11,32.037008574643636
mp-1187034,Sn3P,0.2521,0.2883,0.0362,0.0,0.0,0.0,1.9925,2.4646,0.472,85.06,87.3,2.23,31.38,20.38,11.0,0.25209,0.2882803224180813,0.0,0.0,1.9925474867724864,2.4645721012861292,85.06264595621842,87.29671198594319,31.382912472029915,20.384895934725805
mp-799,V3S4,-1.0982,-1.5228,0.4246,0.0,0.0,0.0,2.4176,1.9255,0.4921,88.22,119.51,31.29,58.91,70.19,11.28,-1.09823,-1.5228366776227156,0.0,0.0,2.417600264550265,1.9254943153635282,88.22,119.51143486411466,58.91,70.18903103225024
mp-1272141,MnO2,-1.7473,-1.8044,0.0571,0.3535,0.279,0.0745,4.2896,4.2132,0.0764,97.17,86.57,10.6,53.63,51.19,2.44,-1.74728,-1.8043829178911186,0.3535,0.2789506564743128,4.289568253968254,4.213197956990806,97.17,86.56552182430673,53.63,51.190017407275214
mp-559140,MoO2,-1.7494,-1.8955,0.1461,0.0,0.0,0.0,4.1456,4.0202,0.1253,91.86,80.63,11.23,29.72,35.05,5.32,-1.74938,-1.8955261271921093,0.0,0.0,4.145559920634921,4.020222158918115,91.86,80.63199163297855,29.725,35.047066721989886
mp-1048410,VN,-0.9789,-1.1905,0.2116,0.0,0.3342,0.3342,2.6787,2.6918,0.0131,330.0,342.37,12.37,228.64,226.56,2.08,-0.97894,-1.190543681583414,0.0,0.33421032812902374,2.678702275132275,2.6917903986767038,330.0,342.37000627338165,228.64,226.55747556290692
mp-2229,ZnO,-1.4648,-1.5288,0.064,1.078,0.8255,0.2525,1.9489,1.9344,0.0145,175.43,173.59,1.84,69.68,63.48,6.2,-1.46475,-1.5287999213714942,1.078,0.8255337696410037,1.948898015873016,1.9343677663735561,175.43,173.58983747822586,69.68,63.478592396073026
mp-10143,TiB,0.6269,0.9885,0.3617,0.0,0.0,0.0,1.4528,1.328,0.1248,101.97,74.41,27.56,10.0,18.39,8.39,0.62688,0.9885405827133414,0.0,0.0,1.4527554232804232,1.3280005239420178,101.97,74.40695861859348,10.0,18.39463846270025
mp-1217192,Ti2S3,-1.5148,-1.3901,0.1248,0.0,0.0804,0.0804,2.472,2.203,0.2691,137.21,132.5,4.72,93.76,85.68,8.08,-1.51485,-1.39009706714618,0.0,0.08037550833249392,2.472018650793651,2.2029623900496667,137.21316749057013,132.49766953724762,93.76239507454474,85.68092026339744
mp-2675163,WN2,-0.4074,-0.5309,0.1235,0.7,0.6066,0.0934,3.7606,3.965,0.2045,327.32,329.12,1.8,193.5,185.2,8.3,-0.4074,-0.5308545448316049,0.7,0.606561002754247,3.7605821428571424,3.9650401808051137,327.32,329.12226081962984,193.505,185.2030694216055
mp-978968,Ti3O2,-2.2208,-2.11,0.1108,0.0,0.0,0.0,2.7505,2.5809,0.1696,199.8,207.28,7.48,91.46,98.15,6.69,-2.22077,-2.1099959093977474,0.0,0.0,2.750501349206349,2.5808862139866426,199.8,207.2835179294656,91.46,98.14963686084157
mp-555666,ZnS,-1.1398,-0.8597,0.2801,2.0223,2.0647,0.0424,1.0705,1.3495,0.279,72.26,77.74,5.48,32.96,30.95,2.01,-1.13982761125,-0.8597404383826589,2.0223,2.0647023527853325,1.0704701058201058,1.3494925961441266,72.25999999999999,77.74234773252122,32.96,30.951150795394405
mp-715566,CrO3,-1.7052,-1.5223,0.1829,1.902,1.6937,0.2083,3.6886,3.2915,0.397,22.91,17.97,4.94,12.05,19.33,7.28,-1.70516,-1.5222901248072638,1.902,1.6936619971791926,3.688567328042328,3.291518768625986,22.91,17.9655016493273,12.05,19.328088682592693
mp-714929,CrO2,-1.8917,-1.886,0.0057,0.0,0.2505,0.2505,3.7393,3.3794,0.3599,92.33,58.67,33.66,39.8,37.74,2.06,-1.89174,-1.8860123853378499,0.0,0.25049055689202965,3.739308068783069,3.3794409798846967,92.33,58.66871338627761,39.8,37.73678336702159
mp-1047643,CrO2,-1.892,-2.031,0.139,0.0,0.0,0.0,3.7393,3.6588,0.0805,93.81,106.8,12.99,50.96,57.39,6.43,-1.89202,-2.030988827382743,0.0,0.0,3.739308068783069,3.658838181246998,93.81,106.79622522744519,50.96,57.392422310064596
mp-1692,CuO,-0.7428,-0.6063,0.1365,0.0,0.0,0.0,5.3257,5.4083,0.0826,162.17,164.15,1.98,35.3,42.99,7.69,-0.7428,-0.6062962415871711,0.0,0.0,5.325664550264551,5.4082891873002135,162.17,164.1505846017567,35.3,42.99107994537701
mp-1412630,CoN12,-0.0185,0.0556,0.0741,0.0,0.0,0.0,4.3651,4.4581,0.0931,253.9,219.99,33.91,54.18,60.8,6.62,-0.01854,0.055557100937087905,0.0,0.0,4.365059259259258,4.458125913748081,253.9000000000004,219.99490356424522,54.18000000000002,60.79825767997858
mp-542334,V5O9,-2.4925,-2.3157,0.1768,0.757,0.8167,0.0597,4.002,3.6976,0.3044,183.35,158.29,25.05,84.72,72.02,12.7,-2.4925357452678574,-2.3156949222974528,0.7569999999999997,0.8167239744359237,4.001957804232805,3.697566033658803,183.346450146877,158.29294295171508,84.722744502665,72.01796018301607
mp-1096965,CrN2,0.1179,0.2415,0.1236,0.0,0.0536,0.0536,3.7393,3.6124,0.1269,243.51,245.67,2.16,136.25,137.33,1.08,0.11793,0.24152156815219566,0.0,0.053568767490179775,3.739308068783069,3.612401621813467,243.51,245.6715746435355,136.25,137.32885838319416
mp-1009581,CrSe2,-0.3494,-0.1409,0.2085,0.0,0.0622,0.0622,1.1264,1.1979,0.0715,48.91,42.24,6.67,31.69,21.89,9.8,-0.34939,-0.14093821147650853,0.0,0.06224867516986689,1.126393386243386,1.1978811580648319,48.91,42.23504497693193,31.69,21.88549267803048
mp-1407236,CrS2,-0.5898,-0.7059,0.1161,0.0,0.041,0.041,1.0614,1.0926,0.0312,45.59,30.57,15.02,30.87,12.33,18.54,-0.58982,-0.7059136919531719,0.0,0.04099545050565417,1.0614382275132277,1.0926014576145633,45.59,30.573621561166355,30.87,12.325259926269155
mp-706875,Fe21O23,-1.6995,-1.4362,0.2633,1.4807,1.5703,0.0896,1.6524,1.9353,0.2829,156.34,164.69,8.34,61.89,67.12,5.22,-1.6995436156534085,-1.436241144426499,1.4806999999999997,1.5703461416903257,1.6523537037037035,1.9352736000422568,156.3428029376285,164.68665870968317,61.892437999006695,67.11526277839569
mp-1202023,ZnS,-0.8853,-0.8513,0.034,2.097,1.9073,0.1897,1.0718,1.1797,0.108,72.26,64.31,7.95,32.96,23.41,9.55,-0.88529,-0.8513079477372897,2.097,1.9072891587158742,1.0717558201058202,1.1797133067079362,72.25999999999999,64.30878222976087,32.96,23.40980739159741
mp-2235359,WO3,-2.2807,-1.8622,0.4185,0.579,0.4131,0.1659,3.7751,3.8861,0.1109,166.14,133.26,32.88,73.24,74.37,1.13,-2.28072,-1.862215534335618,0.579,0.41312832011555034,3.775115476190477,3.8860608316945884,166.135,133.2585272260995,73.245,74.37202733636882
mp-656850,Ti2O7,-1.8438,-1.9914,0.1476,1.154,0.8475,0.3065,3.7734,3.65,0.1234,133.43,145.26,11.83,49.74,59.75,10.01,-1.843799635231481,-1.9914209668196658,1.154,0.8474706766741207,3.7733821428571424,3.6499690611999935,133.43370596235678,145.2614985131774,49.73768380840523,59.75180960786384
mp-2099,FeS,-0.351,-0.0019,0.349,0.0,0.1664,0.1664,2.3863,2.1138,0.2725,172.9,178.27,5.37,86.66,89.85,3.19,-0.35097,-0.001949487717961662,0.0,0.16640903455328762,2.386296212121212,2.1138035429960333,172.9,178.2676171649684,86.66,89.84536914962808
mp-510554,Nb12O29,-3.0485,-3.0144,0.034,0.0777,0.2663,0.1886,1.5979,1.5371,0.0608,145.46,135.43,10.03,59.06,53.59,5.47,-3.048484406737804,-3.0144386288107374,0.0777000000000001,0.26632022368996133,1.5978904761904762,1.5370849739104924,145.4563580497951,135.42716906580756,59.06461892429102,53.59024304100472
mp-582680,ZnS,-1.1399,-1.2798,0.1399,2.0289,2.0335,0.0046,1.0718,1.4983,0.4265,72.26,81.38,9.12,32.96,36.02,3.06,-1.1398805607812506,-1.2797670892589175,2.0289,2.0335144798447233,1.0717558201058202,1.498267389445763,72.25999999999999,81.3763274307886,32.96,36.01971530599708
mp-530081,Mo15N16,-0.5436,-0.6491,0.1056,0.0,0.2874,0.2874,2.8492,2.7457,0.1034,231.31,217.87,13.44,65.73,70.26,4.53,-0.5435635476800005,-0.6491415055641021,0.0,0.2874372454590965,2.8491878306878307,2.7457394358709104,231.31055000000015,217.86798588077448,65.7295473307279,70.26123775969576
mp-1188678,Fe4O5,-1.3699,-1.442,0.0721,0.4279,0.054,0.3739,1.6393,1.5255,0.1139,228.14,251.49,23.35,44.4,61.08,16.68,-1.3698774599755257,-1.4419646973970013,0.4279000000000005,0.053995604054353497,1.6393092592592593,1.5254527516385428,228.1401999999998,251.49040567435918,44.39694745213336,61.07958891367225
mp-982779,NbTe,-0.1066,-0.0262,0.0804,0.0,0.0419,0.0419,2.7446,2.6726,0.072,120.01,149.22,29.21,66.43,65.05,1.38,-0.10663,-0.02624988968625347,0.0,0.04190231895258725,2.744641269841269,2.6726221266051127,120.01,149.2218063129229,66.43,65.0470695112906
mp-426,CoSe,-0.1505,-0.0499,0.1006,0.0,0.0165,0.0165,2.3758,2.3958,0.02,133.67,119.44,14.23,44.06,59.06,15.0,-0.1505,-0.049913555920871294,0.0,0.016526783376227466,2.3757853174603176,2.395806890153211,133.67,119.4364571928336,44.06,59.06149849248633
mp-1023942,Te2W,-0.036,-0.1599,0.124,0.95,0.9985,0.0485,1.0954,1.6094,0.514,41.34,58.14,16.8,30.95,32.25,1.3,-0.03597,-0.15994081816799238,0.95,0.9984994502759206,1.0954089947089949,1.6094024586971185,41.34,58.14004693040014,30.95,32.25072086740086
mp-1018142,NbN,-0.7754,-0.7869,0.0115,0.0,0.0,0.0,2.6605,3.0327,0.3722,227.6,212.86,14.74,23.76,19.05,4.71,-0.77545,-0.7869214940902499,0.0,0.0,2.660466798941799,3.0326638784209106,227.6,212.86291226018471,23.76,19.054854768931868
mp-1096935,CrN2,0.1179,0.5502,0.4322,0.0,0.0,0.0,4.3738,4.234,0.1398,243.51,267.73,24.22,136.25,140.91,4.66,0.11793,0.5501572013422285,0.0,0.0,4.373832804232804,4.234027028906484,243.51,267.7277250539419,136.25,140.91170406245092
mp-1223866,In2Te3,-0.0913,0.256,0.3473,0.0,0.0,0.0,1.018,0.9122,0.1059,44.95,40.92,4.03,22.63,26.72,4.09,-0.09131,0.2559860680472639,0.0,0.0,1.0180137566137566,0.9121567798649065,44.9513976130824,40.92282496034659,22.62859042734527,26.715690466256056
mp-1894,WC,-0.1767,-0.0938,0.0829,0.0,0.0,0.0,2.9649,2.765,0.1998,385.19,393.99,8.79,278.96,258.82,20.14,-0.1767,-0.09383013438592167,0.0,0.0,2.9648731481481483,2.765042733993291,385.1942481675284,393.9871872034,278.9601040567486,258.8209587220011
mp-2214678,VO2,-2.4735,-2.4722,0.0013,0.0,0.0,0.0,3.7393,3.4885,0.2508,106.73,120.63,13.9,63.06,68.18,5.12,-2.4735,-2.47220131229761,0.0,0.0,3.739308068783069,3.488540415338749,106.73,120.63297622734777,63.06,68.1796479038936
mp-19395,MnO2,-1.7749,-1.7568,0.0181,0.643,0.5609,0.0821,3.9177,3.772,0.1457,96.88,104.01,7.13,51.93,65.89,13.96,-1.77491,-1.7568129968456754,0.643,0.5608967487698014,3.917693253968254,3.7719964409619036,96.88,104.01373577173042,51.93,65.88708411950797
mp-972036,WN,-0.4781,-0.3589,0.1192,0.0,0.0,0.0,2.7128,2.6747,0.0382,371.71,358.0,13.71,108.32,101.01,7.31,-0.4781,-0.35894287522161095,0.0,0.0,2.712822354497354,2.6746532453373217,371.71,357.9965243925688,108.325,101.01346279312403
mp-1097796,Cr3N2,-0.4159,-0.6319,0.2159,0.0,0.0,0.0,5.0774,5.1984,0.121,144.87,162.23,17.36,78.6,77.02,1.58,-0.41592,-0.6318595659104851,0.0,0.0,5.077362433862433,5.198395251539997,144.87,162.2290118907888,78.605,77.02155795637717
mp-759037,Fe9O10,-1.7153,-1.7745,0.0592,1.6012,1.3273,0.2739,1.6608,1.4234,0.2374,160.53,150.87,9.66,63.15,51.72,11.43,-1.7153265343421045,-1.7745181163202126,1.6011999999999995,1.3273239911509336,1.6607703703703702,1.423367149253005,160.52910044730325,150.8705098535312,63.14983992013727,51.719782192915034
mp-685077,Fe2Te3,1.3574,1.0092,0.3482,0.0,0.0,0.0,2.1437,1.71,0.4337,94.86,83.59,11.26,48.23,44.52,3.71,1.3573578199999994,1.0091679309281885,0.0,0.0,2.1436901851851853,1.7099540508788873,94.8557,83.59210939636921,48.22949301449072,44.5230854343391
mp-16364,SnTe,0.0034,0.0787,0.0753,0.107,0.3523,0.2453,1.1419,1.2717,0.1298,25.8,12.95,12.85,10.0,-21.62,31.62,0.0034,0.07867212040782784,0.107,0.3523100209025971,1.1418785714285715,1.271661520487758,25.8,12.95316895183084,10.0,-21.62243317799295
mp-976809,Ni3S,0.1257,0.2517,0.1261,0.0,0.1943,0.1943,2.2487,2.2848,0.0361,164.57,157.19,7.38,45.3,55.93,10.63,0.12567,0.25172396680193293,0.0,0.1942909421519088,2.248701370851371,2.2848330241991777,164.57,157.18783446399505,45.3,55.92739929660182
mp-760747,Ti11O18,-3.365,-3.4705,0.1054,0.0,0.0,0.0,2.4859,2.6069,0.121,171.47,194.59,23.11,76.26,73.62,2.64,-3.3650333177873555,-3.4704680527591725,0.0,0.0,2.4859303174603173,2.606920978714905,171.47175022177754,194.58534938535817,76.25977630602709,73.61906491427824
mp-980940,Ti3N,0.2156,0.5315,0.3158,0.0,0.0,0.0,2.5957,3.1343,0.5386,129.5,111.56,17.94,10.0,-11.13,21.13,0.21561,0.5314595653427931,0.0,0.0,2.5957194444444447,3.1343474228950488,129.5,111.55989972229449,10.0,-11.132557409036252
mp-1069841,V2N3,-0.9062,-1.1637,0.2575,0.0,0.1074,0.1074,2.7643,2.5112,0.253,311.96,298.39,13.57,180.47,175.89,4.58,-0.90618,-1.163686011763153,0.0,0.1073919211056652,2.764258888888889,2.5112182382394828,311.96,298.38602212276766,180.47,175.8884000370924
mp-777580,V5O12,-2.3814,-2.6878,0.3064,0.119,0.0426,0.0764,3.7588,3.6949,0.064,86.83,118.38,31.55,50.54,48.33,2.21,-2.38143,-2.6878003056735835,0.119,0.0425578778288261,3.7588488095238097,3.694898117889671,86.83,118.3786690497931,50.54,48.33380269931795
mp-1016058,CrN2,0.0888,0.1282,0.0395,0.0,0.0,0.0,3.7393,3.3994,0.3399,243.51,245.82,2.31,136.25,130.95,5.3,0.08876,0.12824106225874868,0.0,0.0,3.739308068783069,3.3994076159585456,243.51,245.82044807614744,136.25,130.95399870344576
mp-27840,Cr3Se4,-0.477,-0.2691,0.2079,0.0,0.0,0.0,1.1292,0.6531,0.4761,54.86,46.25,8.61,31.95,36.18,4.23,-0.477,-0.26905084563836024,0.0,0.0,1.129175925925926,0.6530667984232246,54.86,46.24991266799925,31.95,36.177258585147534
mp-1232560,CrN,-0.4883,-0.1499,0.3384,0.0,0.0023,0.0023,2.4781,2.7491,0.271,272.17,273.47,1.3,69.7,66.8,2.9,-0.48831,-0.14994585668050042,0.0,0.0022916202226247093,2.4781079629629628,2.749148874165641,272.17,273.46859997653195,69.7,66.80259746003847
mp-1045826,Cr9O13,-2.0345,-2.135,0.1005,0.6853,0.924,0.2387,1.397,1.5881,0.1911,116.34,123.32,6.98,61.68,59.02,2.65,-2.0345166184659083,-2.134974555686421,0.6852999999999998,0.924038985289217,1.3970128306878309,1.5881390051313347,116.3375036732722,123.32081153434522,61.67507672345246,59.02447864573215
mp-1096934,CrN2,0.1179,0.3323,0.2144,0.0,0.0412,0.0412,3.7393,3.7108,0.0285,243.51,238.72,4.79,136.25,160.36,24.11,0.11793,0.3323468762981307,0.0,0.041208790832354,3.739308068783069,3.710811363394749,243.51,238.72379384190174,136.25,160.35952132261633
mp-510408,MnO2,-1.7745,-1.7889,0.0144,0.0569,0.0,0.0569,3.8982,3.6919,0.2062,173.39,172.94,0.45,137.29,132.0,5.29,-1.7745383428200003,-1.788908380501769,0.0569000000000001,0.0,3.898152513227513,3.691935174639025,173.38905126016522,172.94201083601484,137.2878814110508,131.996079761493
mp-1044721,SnO2,-1.6022,-1.6441,0.0418,0.895,0.9609,0.0659,1.6679,1.7066,0.0387,129.95,153.03,23.08,66.51,76.37,9.86,-1.60225,-1.644085958848805,0.895,0.960900268639707,1.6679174603174605,1.706577528981867,129.95,153.02772977143368,66.51,76.37494082920195
mp-654801,CuO2,-0.1982,-0.0237,0.1745,0.0,0.171,0.171,4.3651,4.3367,0.0283,95.04,84.07,10.97,32.63,51.39,18.76,-0.1982,-0.02372105438887756,0.0,0.17096567068234872,4.365059259259258,4.336736796266468,95.04,84.07185393625731,32.63,51.38841615605975
mp-573,Ni3Se4,-0.2877,-0.1606,0.1271,0.0,0.2129,0.2129,2.2474,2.3646,0.1172,93.98,91.86,2.12,34.55,29.73,4.82,-0.28767,-0.16056609789820173,0.0,0.21285895099719332,2.2474137566137564,2.3645937456321713,93.98,91.86234464258115,34.55,29.727578924698662
mp-756253,Cr3O4,-1.8175,-2.1468,0.3293,0.0,0.1169,0.1169,1.5126,1.7849,0.2723,103.09,100.45,2.64,54.49,62.04,7.55,-1.81749,-2.146800094837689,0.0,0.11694119633376143,1.5126239417989418,1.7849152182615966,103.0893905126016,100.45156234227743,54.48625877899676,62.03956452482167
mp-15669,Ti3Te4,-0.7344,-0.4385,0.2959,0.0,0.0,0.0,2.4557,2.4872,0.0314,59.55,87.49,27.94,37.67,37.86,0.19,-0.73441,-0.4385162865251377,0.0,0.0,2.455744841269841,2.4871839270335947,59.54604186896993,87.48624998634901,37.66937024624896,37.862619494827776
mp-20609,Cr3O,-0.0844,0.1917,0.2761,0.0,0.0871,0.0871,1.4756,1.6195,0.1439,161.34,179.67,18.33,55.15,70.02,14.86,-0.0844049999999999,0.1917371207976487,0.0,0.08705705213003435,1.4755711640211642,1.6194788313747681,161.34439777583188,179.67379918532066,55.154834275218526,70.01713562675732
mp-32939,Fe7O8,-1.1248,-1.2594,0.1346,0.0,0.0,0.0,1.6393,1.643,0.0037,156.13,158.79,2.67,40.88,46.3,5.42,-1.12485,-1.259441674003964,0.0,0.0,1.6393092592592593,1.6429809955043015,156.12579999999974,158.79470144564613,40.88116247715393,46.304842940914604
mp-1323723,Mo3O8,-1.8242,-1.7496,0.0746,0.0,0.0125,0.0125,3.9025,3.5309,0.3716,77.51,68.9,8.61,32.11,36.35,4.24,-1.824155,-1.7495831702687323,0.0,0.012493210082182474,3.902450925925926,3.530874853408495,77.51,68.90468971911945,32.11,36.353475344698815
mp-13480,Cu3N,0.8284,0.9231,0.0947,0.0,0.0,0.0,2.4251,2.3383,0.0868,116.73,103.66,13.07,48.74,50.99,2.25,0.82844,0.9231274652069016,0.0,0.0,2.4250560846560845,2.3382884402181396,116.73,103.65604097539149,48.74,50.992672920685294
mp-556543,ZnS,-1.1401,-1.0932,0.0469,2.0196,1.8581,0.1615,1.0705,1.139,0.0685,72.26,81.29,9.03,32.96,42.91,9.95,-1.1400684988494318,-1.093169618042735,2.0196,1.8581269612029978,1.0704701058201058,1.1389831976724663,72.25999999999999,81.28956300625319,32.96,42.911992402356454
mp-1023940,MoSe2,-0.6312,-0.7504,0.1192,1.218,1.1514,0.0666,1.2028,1.4905,0.2876,27.97,50.6,22.63,19.48,19.32,0.16,-0.6312,-0.7503798346329826,1.218,1.1513744550827674,1.2028419312169314,1.4904746297195588,27.97,50.59586406749452,19.48,19.315389151169743
mp-33031,VS,-0.9704,-1.1144,0.144,0.0,0.1732,0.1732,2.5987,2.747,0.1483,144.6,130.18,14.42,77.54,78.09,0.55,-0.97039,-1.1144143437407603,0.0,0.17320660097676643,2.5986597883597886,2.746966557083306,144.60000000000002,130.18444387518971,77.53999999999999,78.08966503302254
mp-557026,ZnS,-1.1397,-1.1514,0.0117,2.0263,1.9234,0.1029,1.0705,0.7048,0.3657,72.26,81.31,9.05,32.96,15.06,17.9,-1.139693279809028,-1.1514104126969344,2.0263,1.9233704615788512,1.0704701058201058,0.7047585234774989,72.25999999999999,81.31463934967482,32.96,15.06404321996001
mp-1445089,MoO3,-2.0337,-1.8,0.2337,1.158,1.2425,0.0845,3.9365,3.9876,0.0511,63.95,59.31,4.64,33.2,8.07,25.13,-2.03367,-1.7999931879465394,1.158,1.2425249070222508,3.936525,3.987649345779872,63.95,59.30676898085505,33.205,8.071697041448783
mp-1100319,Ni15O16,-0.8347,-0.7298,0.1048,0.0114,0.0,0.0114,2.0565,1.9388,0.1177,169.0,167.13,1.87,81.0,94.07,13.07,-0.8346797877419356,-0.7298409900380703,0.0114499999999999,0.0,2.0564896825396826,1.9387869432720228,169.0,167.12785120504236,81.0,94.07010179105549
mp-1192688,ZnN6,0.4778,0.3954,0.0824,0.0,0.0,0.0,1.3294,1.0522,0.2772,132.45,125.3,7.15,22.46,40.32,17.86,0.4777819999999995,0.3954006814939903,0.0,0.0,1.3294373015873016,1.0522355822191725,132.44875376190586,125.30106399194935,22.46162291653236,40.31715083509266
mp-602,Te2Mo,-0.2407,-0.0891,0.1516,0.765,0.655,0.11,2.3991,2.4066,0.0075,43.44,15.1,28.34,29.85,21.77,8.08,-0.24068,-0.08912936520112633,0.765,0.6549575812992897,2.3990750000000003,2.4065964348125446,43.44,15.102782495656136,29.85,21.77324299017877
mp-20589,MoO3,-2.0337,-2.6235,0.5898,1.158,1.1184,0.0396,3.9365,3.87,0.0665,63.95,70.83,6.88,33.2,32.91,0.29,-2.03367,-2.6235011882027774,1.158,1.1183539788511614,3.936525,3.8700226044706736,63.95,70.82898278628265,33.205,32.914500454070016
mp-1071319,ZnTe,-0.3312,-0.1024,0.2288,0.298,0.0881,0.2099,1.6508,1.6517,0.0008,45.37,63.76,18.39,23.3,10.57,12.73,-0.33119,-0.1024205870440284,0.298,0.08813445514167556,1.6508208994708995,1.651670314396999,45.37,63.76351746461024,23.3,10.572824893632651
mp-556716,ZnS,-0.8853,-1.248,0.3628,2.105,2.2309,0.1259,1.6229,1.6532,0.0303,72.26,66.57,5.69,32.96,41.98,9.02,-0.88528,-1.248036395959927,2.105,2.230945291619565,1.6228748677248677,1.653160593350305,72.25999999999999,66.57452974976127,32.96,41.979381036327794
mp-1184492,In3B,-0.0216,-0.1023,0.0807,0.1667,0.0,0.1667,2.6599,2.6208,0.0391,210.19,232.31,22.13,90.85,108.16,17.31,-0.0215661430941644,-0.10227364962739327,0.1667051600877194,0.0,2.659854470899471,2.620800622529492,210.1865153187394,232.3143712544051,90.852289074045,108.16359827506898
mp-22323,In2O3,-1.7029,-1.9387,0.2358,1.195,1.1503,0.0447,1.6232,1.7717,0.1484,159.14,156.69,2.45,62.43,47.39,15.04,-1.70288,-1.9386588762012456,1.195,1.1503427136701894,1.6232287037037036,1.7716529937269387,159.14,156.68973598857212,62.43,47.386430215013625
mp-25262,TiO2,-3.0502,-3.3218,0.2716,1.739,1.9862,0.2472,3.7588,3.9224,0.1635,189.08,172.83,16.25,74.72,86.76,12.04,-3.05015,-3.321769140196192,1.739,1.9861810418880124,3.7588488095238097,3.9223910388836254,189.08,172.82708163155456,74.72,86.75822370597204
mp-1780502,VO2,-2.4735,-2.2423,0.2312,0.0,0.0,0.0,3.7588,3.7041,0.0548,106.73,122.2,15.47,63.06,78.09,15.03,-2.4735,-2.242260621687039,0.0,0.0,3.7588488095238097,3.704056289871827,106.73,122.19652345349803,63.06,78.08958908393721
mp-1018804,MnS2,-0.6281,-0.7304,0.1023,0.0,0.0,0.0,2.2798,2.2291,0.0508,127.56,143.41,15.85,113.23,121.95,8.72,-0.62811,-0.7303735400237437,0.0,0.0,2.279833095238095,2.2290564208915655,127.56,143.4101750596629,113.23,121.9450110601125
mp-8057,Ti3O5,-3.1539,-3.0894,0.0645,0.0,0.3055,0.3055,1.3888,1.6152,0.2264,171.37,166.72,4.65,76.46,94.51,18.05,-3.1539,-3.089424145180645,0.0,0.30546553228506607,1.3887657407407408,1.6151967001617835,171.3654383731363,166.71747759469744,76.46051437806534,94.51332592391661
mp-2176,ZnTe,-0.4589,-0.475,0.0161,1.057,0.7169,0.3401,1.6561,1.1026,0.5535,45.33,38.14,7.19,23.3,20.06,3.24,-0.45889,-0.4749827363682958,1.057,0.716891726937388,1.656074867724868,1.1025663570497553,45.33,38.143988230993365,23.3,20.055102659164007
mp-1220317,NbP,-0.6075,-0.5163,0.0912,0.0,0.0,0.0,2.7446,3.0605,0.3158,174.65,160.06,14.59,96.65,90.35,6.3,-0.60746,-0.516251750911213,0.0,0.0,2.744641269841269,3.060466094515742,174.65,160.06185497338862,96.65,90.3543390826367
mp-2071,Zn3P2,-0.2072,-0.1979,0.0092,0.305,0.6727,0.3677,1.6503,1.5644,0.0859,65.0,44.59,20.41,35.0,56.69,21.69,-0.20716,-0.19791176886046608,0.305,0.6727100877810621,1.6503208994708995,1.564449129411769,65.0,44.58962151124774,35.0,56.69464541276639
mp-976881,Ni3S,-0.0829,-0.3521,0.2692,0.0,0.0,0.0,2.2487,2.018,0.2307,164.57,164.77,0.2,45.3,42.61,2.69,-0.08288,-0.3521053222659638,0.0,0.0,2.248701370851371,2.0179560765564943,164.57,164.7679625727102,45.3,42.61313155131809
mp-981336,Zn3C,1.0194,1.2169,0.1975,0.0,0.1564,0.1564,1.9786,1.8563,0.1223,101.72,64.75,36.97,10.0,23.97,13.97,1.01938,1.2169194788162119,0.0,0.15637807858794037,1.9785757936507933,1.8563191279586293,101.7237541235378,64.75266571485035,10.0,23.969517784872952
mp-870701,Fe4S5,-0.8199,-0.9275,0.1076,0.0014,0.0,0.0014,1.1574,1.2159,0.0585,73.6,77.24,3.63,36.38,41.32,4.94,-0.8198857503125012,-0.9274851187318912,0.00135,0.0,1.1574178571428575,1.2159039597312287,73.60196600108698,77.23526121250009,36.376524099825545,41.319480576892
mp-554820,ZnS,-1.1401,-1.4654,0.3253,2.0206,1.9047,0.1159,1.0705,1.2747,0.2042,72.26,66.05,6.21,32.96,42.61,9.65,-1.1401146689955357,-1.4653678615201504,2.0206,1.9046586479043683,1.0704701058201058,1.2746563103138795,72.25999999999999,66.05100936505931,32.96,42.614837514662185
mp-997630,ZnO,-1.4376,-1.5318,0.0942,0.885,0.8006,0.0844,2.0781,1.6261,0.452,167.34,146.08,21.26,10.0,7.62,2.38,-1.43762,-1.5317767957292259,0.885,0.8005548643122764,2.078098015873016,1.626103361884761,167.3375943102249,146.08077077685812,10.0,7.620696154931387
mp-1217073,Ti3S2,-1.0108,-0.7099,0.3009,0.0,0.0,0.0,2.4614,2.703,0.2415,121.37,81.0,40.37,46.38,47.1,0.72,-1.01075,-0.7098964367224119,0.0,0.0,2.4614443121693124,2.7029611986825435,121.37,81.00218534744609,46.38,47.095445692287726
mp-1208273,Ti2Se3,-1.226,-1.0583,0.1676,0.0,0.0285,0.0285,1.0728,1.1568,0.0841,73.47,59.25,14.22,23.06,28.32,5.26,-1.22597,-1.0583387940766897,0.0,0.028516663575160285,1.0727518518518515,1.156833787134503,73.47,59.25353152574044,23.06,28.323976007776583
mp-780654,V2O3,-2.4512,-2.5291,0.0779,0.0,0.0289,0.0289,1.5683,1.5893,0.021,233.16,225.26,7.9,111.53,102.03,9.5,-2.4512150000000004,-2.5290987249309227,0.0,0.02886830520878295,1.5683342592592593,1.5893007301854452,233.16,225.26280146035626,111.53,102.02777719257827
mp-2133,ZnO,-1.592,-1.67,0.078,0.965,1.0317,0.0667,5.035,4.4177,0.6173,137.33,141.66,4.33,41.36,38.54,2.82,-1.59197,-1.669977738355214,0.965,1.0316913889140436,5.035029629629629,4.417715058593675,137.33,141.6576191679197,41.36,38.5380137888212
mp-559122,WO3,-2.2404,-2.3128,0.0724,1.226,1.2697,0.0437,3.7751,4.1856,0.4105,165.36,174.52,9.16,43.27,64.25,20.98,-2.2404,-2.3127509516832148,1.226,1.2696834383789068,3.775115476190477,4.1856093942534445,165.36,174.5171115914022,43.27,64.24727964723726
mp-556815,ZnS,-0.8853,-0.4665,0.4188,2.104,1.9318,0.1722,1.0705,0.9878,0.0826,72.26,63.02,9.24,32.96,38.43,5.47,-0.88528,-0.4664709919265531,2.104,1.9317613326166925,1.0704701058201058,0.987828019066719,72.25999999999999,63.01866647196381,32.96,38.4289094966516
mp-684604,CuS2,-0.1608,-0.0891,0.0717,0.0,0.1918,0.1918,1.5195,1.9226,0.4031,77.49,68.79,8.7,34.6,34.12,0.47,-0.16082,-0.08908818627459947,0.0,0.19183182361663856,1.5195367724867723,1.9225921564264894,77.48977616085091,68.78535339354652,34.59506872249635,34.12038731373393
mp-753593,Ti10O13,-2.9926,-2.911,0.0816,0.0,0.0,0.0,2.6931,3.0548,0.3617,224.23,198.38,25.85,131.89,122.52,9.36,-2.99257,-2.910986616930695,0.0,0.0,2.6930931481481486,3.054773676782656,224.22739999999973,198.37519768091465,131.88650320504013,122.52368612489516
mp-680087,ZnS,-1.14,-0.9355,0.2045,2.021,2.2667,0.2457,1.0718,1.0527,0.0191,72.26,68.78,3.48,32.96,37.32,4.36,-1.1399629327130685,-0.9354572568251598,2.021,2.2666676401262893,1.0717558201058202,1.052701385946961,72.25999999999999,68.77984234155184,32.96,37.32435921236551
mp-1342978,VO2,-2.4735,-2.4311,0.0424,0.0,0.0536,0.0536,3.7588,3.7537,0.0052,106.73,69.8,36.93,63.06,48.75,14.31,-2.4735,-2.431082823090484,0.0,0.05361820958360081,3.7588488095238097,3.753683182953105,106.73,69.79945072401412,63.06,48.74521216299729
mp-1019322,Te2W,-0.044,-0.1035,0.0595,0.892,1.3377,0.4457,2.5376,2.3641,0.1735,44.02,40.12,3.9,32.75,50.5,17.75,-0.04398,-0.10351267851754903,0.892,1.337702839822985,2.5376111111111115,2.3641361565193706,44.02,40.12196712980476,32.75,50.50237265608008
mp-1883,SnTe,-0.315,-0.3617,0.0467,0.185,0.393,0.208,2.0554,2.1106,0.0552,42.1,21.62,20.48,32.94,39.21,6.27,-0.31501,-0.3617040512027012,0.185,0.3929528180770897,2.0553998677248675,2.1106081591706243,42.1,21.621037211130087,32.94,39.21045567830633
mp-1187912,Zn3Se,0.1431,0.1219,0.0211,0.0,0.2608,0.2608,1.7291,1.3431,0.386,98.92,101.36,2.44,11.15,11.08,0.07,0.1430621378515626,0.12191509536014186,0.0,0.26077522905494227,1.7290776455026453,1.3430621411175485,98.92214011638607,101.36262374861174,11.153929474628626,11.079021726345104
mp-581258,ZnS,-1.1292,-1.1433,0.0141,2.0381,2.1996,0.1615,1.0718,0.8726,0.1992,72.26,89.15,16.89,32.96,32.45,0.51,-1.1292265645312505,-1.1433331971876872,2.0381,2.1996016491747734,1.0717558201058202,0.8725925968760293,72.25999999999999,89.14659910964437,32.96,32.44526231625194
